mtllib tiendita-de-barrio.mtl
o sidewalk
usemtl concrete
v 2.9000000953674316 -1.341104505225843e-9 3.0000000476837156
v 2.9000000953674316 -1.341104505225843e-9 -1.4000000476837158
v 2.9000000953674316 -0.11999999865889549 3.0000000476837156
v 2.9000000953674316 -0.11999999865889549 -1.4000000476837158
v -2.9000000953674316 -1.341104505225843e-9 -1.4000000476837158
v -2.9000000953674316 -1.341104505225843e-9 3.0000000476837156
v -2.9000000953674316 -0.11999999865889549 -1.4000000476837158
v -2.9000000953674316 -0.11999999865889549 3.0000000476837156
v -2.9000000953674316 -1.341104505225843e-9 -1.4000000476837158
v 2.9000000953674316 -1.341104505225843e-9 -1.4000000476837158
v -2.9000000953674316 -1.341104505225843e-9 3.0000000476837156
v 2.9000000953674316 -1.341104505225843e-9 3.0000000476837156
v -2.9000000953674316 -0.11999999865889549 3.0000000476837156
v 2.9000000953674316 -0.11999999865889549 3.0000000476837156
v -2.9000000953674316 -0.11999999865889549 -1.4000000476837158
v 2.9000000953674316 -0.11999999865889549 -1.4000000476837158
v -2.9000000953674316 -1.341104505225843e-9 3.0000000476837156
v 2.9000000953674316 -1.341104505225843e-9 3.0000000476837156
v -2.9000000953674316 -0.11999999865889549 3.0000000476837156
v 2.9000000953674316 -0.11999999865889549 3.0000000476837156
v 2.9000000953674316 -1.341104505225843e-9 -1.4000000476837158
v -2.9000000953674316 -1.341104505225843e-9 -1.4000000476837158
v 2.9000000953674316 -0.11999999865889549 -1.4000000476837158
v -2.9000000953674316 -0.11999999865889549 -1.4000000476837158
vt 0 1
vt 1 1
vt 0 0
vt 1 0
vt 0 1
vt 1 1
vt 0 0
vt 1 0
vt 0 1
vt 1 1
vt 0 0
vt 1 0
vt 0 1
vt 1 1
vt 0 0
vt 1 0
vt 0 1
vt 1 1
vt 0 0
vt 1 0
vt 0 1
vt 1 1
vt 0 0
vt 1 0
vn 1 0 0
vn 1 0 0
vn 1 0 0
vn 1 0 0
vn -1 0 0
vn -1 0 0
vn -1 0 0
vn -1 0 0
vn 0 1 0
vn 0 1 0
vn 0 1 0
vn 0 1 0
vn 0 -1 0
vn 0 -1 0
vn 0 -1 0
vn 0 -1 0
vn 0 0 1
vn 0 0 1
vn 0 0 1
vn 0 0 1
vn 0 0 -1
vn 0 0 -1
vn 0 0 -1
vn 0 0 -1
f 1/1/1 3/3/3 2/2/2
f 3/3/3 4/4/4 2/2/2
f 5/5/5 7/7/7 6/6/6
f 7/7/7 8/8/8 6/6/6
f 9/9/9 11/11/11 10/10/10
f 11/11/11 12/12/12 10/10/10
f 13/13/13 15/15/15 14/14/14
f 15/15/15 16/16/16 14/14/14
f 17/17/17 19/19/19 18/18/18
f 19/19/19 20/20/20 18/18/18
f 21/21/21 23/23/23 22/22/22
f 23/23/23 24/24/24 22/22/22
o floor
usemtl concrete
v 2 0.059999999329447745 1.2000000476837158
v 2 0.059999999329447745 -1.2000000476837158
v 2 6.705522526129215e-10 1.2000000476837158
v 2 6.705522526129215e-10 -1.2000000476837158
v -2 0.059999999329447745 -1.2000000476837158
v -2 0.059999999329447745 1.2000000476837158
v -2 6.705522526129215e-10 -1.2000000476837158
v -2 6.705522526129215e-10 1.2000000476837158
v -2 0.059999999329447745 -1.2000000476837158
v 2 0.059999999329447745 -1.2000000476837158
v -2 0.059999999329447745 1.2000000476837158
v 2 0.059999999329447745 1.2000000476837158
v -2 6.705522526129215e-10 1.2000000476837158
v 2 6.705522526129215e-10 1.2000000476837158
v -2 6.705522526129215e-10 -1.2000000476837158
v 2 6.705522526129215e-10 -1.2000000476837158
v -2 0.059999999329447745 1.2000000476837158
v 2 0.059999999329447745 1.2000000476837158
v -2 6.705522526129215e-10 1.2000000476837158
v 2 6.705522526129215e-10 1.2000000476837158
v 2 0.059999999329447745 -1.2000000476837158
v -2 0.059999999329447745 -1.2000000476837158
v 2 6.705522526129215e-10 -1.2000000476837158
v -2 6.705522526129215e-10 -1.2000000476837158
vt 0 1
vt 1 1
vt 0 0
vt 1 0
vt 0 1
vt 1 1
vt 0 0
vt 1 0
vt 0 1
vt 1 1
vt 0 0
vt 1 0
vt 0 1
vt 1 1
vt 0 0
vt 1 0
vt 0 1
vt 1 1
vt 0 0
vt 1 0
vt 0 1
vt 1 1
vt 0 0
vt 1 0
vn 1 0 0
vn 1 0 0
vn 1 0 0
vn 1 0 0
vn -1 0 0
vn -1 0 0
vn -1 0 0
vn -1 0 0
vn 0 1 0
vn 0 1 0
vn 0 1 0
vn 0 1 0
vn 0 -1 0
vn 0 -1 0
vn 0 -1 0
vn 0 -1 0
vn 0 0 1
vn 0 0 1
vn 0 0 1
vn 0 0 1
vn 0 0 -1
vn 0 0 -1
vn 0 0 -1
vn 0 0 -1
f 25/25/25 27/27/27 26/26/26
f 27/27/27 28/28/28 26/26/26
f 29/29/29 31/31/31 30/30/30
f 31/31/31 32/32/32 30/30/30
f 33/33/33 35/35/35 34/34/34
f 35/35/35 36/36/36 34/34/34
f 37/37/37 39/39/39 38/38/38
f 39/39/39 40/40/40 38/38/38
f 41/41/41 43/43/43 42/42/42
f 43/43/43 44/44/44 42/42/42
f 45/45/45 47/47/47 46/46/46
f 47/47/47 48/48/48 46/46/46
o wall_back
usemtl stucco
v 2 2.799999976158142 -1.0800000013411044
v 2 2.799999976158142 -1.1999999986588954
v 2 2.3841857821338408e-8 -1.0800000013411044
v 2 2.3841857821338408e-8 -1.1999999986588954
v -2 2.799999976158142 -1.1999999986588954
v -2 2.799999976158142 -1.0800000013411044
v -2 2.3841857821338408e-8 -1.1999999986588954
v -2 2.3841857821338408e-8 -1.0800000013411044
v -2 2.799999976158142 -1.1999999986588954
v 2 2.799999976158142 -1.1999999986588954
v -2 2.799999976158142 -1.0800000013411044
v 2 2.799999976158142 -1.0800000013411044
v -2 2.3841857821338408e-8 -1.0800000013411044
v 2 2.3841857821338408e-8 -1.0800000013411044
v -2 2.3841857821338408e-8 -1.1999999986588954
v 2 2.3841857821338408e-8 -1.1999999986588954
v -2 2.799999976158142 -1.0800000013411044
v 2 2.799999976158142 -1.0800000013411044
v -2 2.3841857821338408e-8 -1.0800000013411044
v 2 2.3841857821338408e-8 -1.0800000013411044
v 2 2.799999976158142 -1.1999999986588954
v -2 2.799999976158142 -1.1999999986588954
v 2 2.3841857821338408e-8 -1.1999999986588954
v -2 2.3841857821338408e-8 -1.1999999986588954
vt 0 1
vt 1 1
vt 0 0
vt 1 0
vt 0 1
vt 1 1
vt 0 0
vt 1 0
vt 0 1
vt 1 1
vt 0 0
vt 1 0
vt 0 1
vt 1 1
vt 0 0
vt 1 0
vt 0 1
vt 1 1
vt 0 0
vt 1 0
vt 0 1
vt 1 1
vt 0 0
vt 1 0
vn 1 0 0
vn 1 0 0
vn 1 0 0
vn 1 0 0
vn -1 0 0
vn -1 0 0
vn -1 0 0
vn -1 0 0
vn 0 1 0
vn 0 1 0
vn 0 1 0
vn 0 1 0
vn 0 -1 0
vn 0 -1 0
vn 0 -1 0
vn 0 -1 0
vn 0 0 1
vn 0 0 1
vn 0 0 1
vn 0 0 1
vn 0 0 -1
vn 0 0 -1
vn 0 0 -1
vn 0 0 -1
f 49/49/49 51/51/51 50/50/50
f 51/51/51 52/52/52 50/50/50
f 53/53/53 55/55/55 54/54/54
f 55/55/55 56/56/56 54/54/54
f 57/57/57 59/59/59 58/58/58
f 59/59/59 60/60/60 58/58/58
f 61/61/61 63/63/63 62/62/62
f 63/63/63 64/64/64 62/62/62
f 65/65/65 67/67/67 66/66/66
f 67/67/67 68/68/68 66/66/66
f 69/69/69 71/71/71 70/70/70
f 71/71/71 72/72/72 70/70/70
o wall_left
usemtl stucco
v -1.8800000013411045 2.799999976158142 1.2000000476837158
v -1.8800000013411045 2.799999976158142 -1.2000000476837158
v -1.8800000013411045 2.3841857821338408e-8 1.2000000476837158
v -1.8800000013411045 2.3841857821338408e-8 -1.2000000476837158
v -1.9999999986588954 2.799999976158142 -1.2000000476837158
v -1.9999999986588954 2.799999976158142 1.2000000476837158
v -1.9999999986588954 2.3841857821338408e-8 -1.2000000476837158
v -1.9999999986588954 2.3841857821338408e-8 1.2000000476837158
v -1.9999999986588954 2.799999976158142 -1.2000000476837158
v -1.8800000013411045 2.799999976158142 -1.2000000476837158
v -1.9999999986588954 2.799999976158142 1.2000000476837158
v -1.8800000013411045 2.799999976158142 1.2000000476837158
v -1.9999999986588954 2.3841857821338408e-8 1.2000000476837158
v -1.8800000013411045 2.3841857821338408e-8 1.2000000476837158
v -1.9999999986588954 2.3841857821338408e-8 -1.2000000476837158
v -1.8800000013411045 2.3841857821338408e-8 -1.2000000476837158
v -1.9999999986588954 2.799999976158142 1.2000000476837158
v -1.8800000013411045 2.799999976158142 1.2000000476837158
v -1.9999999986588954 2.3841857821338408e-8 1.2000000476837158
v -1.8800000013411045 2.3841857821338408e-8 1.2000000476837158
v -1.8800000013411045 2.799999976158142 -1.2000000476837158
v -1.9999999986588954 2.799999976158142 -1.2000000476837158
v -1.8800000013411045 2.3841857821338408e-8 -1.2000000476837158
v -1.9999999986588954 2.3841857821338408e-8 -1.2000000476837158
vt 0 1
vt 1 1
vt 0 0
vt 1 0
vt 0 1
vt 1 1
vt 0 0
vt 1 0
vt 0 1
vt 1 1
vt 0 0
vt 1 0
vt 0 1
vt 1 1
vt 0 0
vt 1 0
vt 0 1
vt 1 1
vt 0 0
vt 1 0
vt 0 1
vt 1 1
vt 0 0
vt 1 0
vn 1 0 0
vn 1 0 0
vn 1 0 0
vn 1 0 0
vn -1 0 0
vn -1 0 0
vn -1 0 0
vn -1 0 0
vn 0 1 0
vn 0 1 0
vn 0 1 0
vn 0 1 0
vn 0 -1 0
vn 0 -1 0
vn 0 -1 0
vn 0 -1 0
vn 0 0 1
vn 0 0 1
vn 0 0 1
vn 0 0 1
vn 0 0 -1
vn 0 0 -1
vn 0 0 -1
vn 0 0 -1
f 73/73/73 75/75/75 74/74/74
f 75/75/75 76/76/76 74/74/74
f 77/77/77 79/79/79 78/78/78
f 79/79/79 80/80/80 78/78/78
f 81/81/81 83/83/83 82/82/82
f 83/83/83 84/84/84 82/82/82
f 85/85/85 87/87/87 86/86/86
f 87/87/87 88/88/88 86/86/86
f 89/89/89 91/91/91 90/90/90
f 91/91/91 92/92/92 90/90/90
f 93/93/93 95/95/95 94/94/94
f 95/95/95 96/96/96 94/94/94
o wall_right
usemtl stucco
v 1.9999999986588954 2.799999976158142 1.2000000476837158
v 1.9999999986588954 2.799999976158142 -1.2000000476837158
v 1.9999999986588954 2.3841857821338408e-8 1.2000000476837158
v 1.9999999986588954 2.3841857821338408e-8 -1.2000000476837158
v 1.8800000013411045 2.799999976158142 -1.2000000476837158
v 1.8800000013411045 2.799999976158142 1.2000000476837158
v 1.8800000013411045 2.3841857821338408e-8 -1.2000000476837158
v 1.8800000013411045 2.3841857821338408e-8 1.2000000476837158
v 1.8800000013411045 2.799999976158142 -1.2000000476837158
v 1.9999999986588954 2.799999976158142 -1.2000000476837158
v 1.8800000013411045 2.799999976158142 1.2000000476837158
v 1.9999999986588954 2.799999976158142 1.2000000476837158
v 1.8800000013411045 2.3841857821338408e-8 1.2000000476837158
v 1.9999999986588954 2.3841857821338408e-8 1.2000000476837158
v 1.8800000013411045 2.3841857821338408e-8 -1.2000000476837158
v 1.9999999986588954 2.3841857821338408e-8 -1.2000000476837158
v 1.8800000013411045 2.799999976158142 1.2000000476837158
v 1.9999999986588954 2.799999976158142 1.2000000476837158
v 1.8800000013411045 2.3841857821338408e-8 1.2000000476837158
v 1.9999999986588954 2.3841857821338408e-8 1.2000000476837158
v 1.9999999986588954 2.799999976158142 -1.2000000476837158
v 1.8800000013411045 2.799999976158142 -1.2000000476837158
v 1.9999999986588954 2.3841857821338408e-8 -1.2000000476837158
v 1.8800000013411045 2.3841857821338408e-8 -1.2000000476837158
vt 0 1
vt 1 1
vt 0 0
vt 1 0
vt 0 1
vt 1 1
vt 0 0
vt 1 0
vt 0 1
vt 1 1
vt 0 0
vt 1 0
vt 0 1
vt 1 1
vt 0 0
vt 1 0
vt 0 1
vt 1 1
vt 0 0
vt 1 0
vt 0 1
vt 1 1
vt 0 0
vt 1 0
vn 1 0 0
vn 1 0 0
vn 1 0 0
vn 1 0 0
vn -1 0 0
vn -1 0 0
vn -1 0 0
vn -1 0 0
vn 0 1 0
vn 0 1 0
vn 0 1 0
vn 0 1 0
vn 0 -1 0
vn 0 -1 0
vn 0 -1 0
vn 0 -1 0
vn 0 0 1
vn 0 0 1
vn 0 0 1
vn 0 0 1
vn 0 0 -1
vn 0 0 -1
vn 0 0 -1
vn 0 0 -1
f 97/97/97 99/99/99 98/98/98
f 99/99/99 100/100/100 98/98/98
f 101/101/101 103/103/103 102/102/102
f 103/103/103 104/104/104 102/102/102
f 105/105/105 107/107/107 106/106/106
f 107/107/107 108/108/108 106/106/106
f 109/109/109 111/111/111 110/110/110
f 111/111/111 112/112/112 110/110/110
f 113/113/113 115/115/115 114/114/114
f 115/115/115 116/116/116 114/114/114
f 117/117/117 119/119/119 118/118/118
f 119/119/119 120/120/120 118/118/118
o interior_shade
usemtl shade_dark
v 1.8799999952316284 2.599999952316284 -1.040000000447035
v 1.8799999952316284 2.599999952316284 -1.0799999995529652
v 1.8799999952316284 4.7683715642676816e-8 -1.040000000447035
v 1.8799999952316284 4.7683715642676816e-8 -1.0799999995529652
v -1.8799999952316284 2.599999952316284 -1.0799999995529652
v -1.8799999952316284 2.599999952316284 -1.040000000447035
v -1.8799999952316284 4.7683715642676816e-8 -1.0799999995529652
v -1.8799999952316284 4.7683715642676816e-8 -1.040000000447035
v -1.8799999952316284 2.599999952316284 -1.0799999995529652
v 1.8799999952316284 2.599999952316284 -1.0799999995529652
v -1.8799999952316284 2.599999952316284 -1.040000000447035
v 1.8799999952316284 2.599999952316284 -1.040000000447035
v -1.8799999952316284 4.7683715642676816e-8 -1.040000000447035
v 1.8799999952316284 4.7683715642676816e-8 -1.040000000447035
v -1.8799999952316284 4.7683715642676816e-8 -1.0799999995529652
v 1.8799999952316284 4.7683715642676816e-8 -1.0799999995529652
v -1.8799999952316284 2.599999952316284 -1.040000000447035
v 1.8799999952316284 2.599999952316284 -1.040000000447035
v -1.8799999952316284 4.7683715642676816e-8 -1.040000000447035
v 1.8799999952316284 4.7683715642676816e-8 -1.040000000447035
v 1.8799999952316284 2.599999952316284 -1.0799999995529652
v -1.8799999952316284 2.599999952316284 -1.0799999995529652
v 1.8799999952316284 4.7683715642676816e-8 -1.0799999995529652
v -1.8799999952316284 4.7683715642676816e-8 -1.0799999995529652
vt 0 1
vt 1 1
vt 0 0
vt 1 0
vt 0 1
vt 1 1
vt 0 0
vt 1 0
vt 0 1
vt 1 1
vt 0 0
vt 1 0
vt 0 1
vt 1 1
vt 0 0
vt 1 0
vt 0 1
vt 1 1
vt 0 0
vt 1 0
vt 0 1
vt 1 1
vt 0 0
vt 1 0
vn 1 0 0
vn 1 0 0
vn 1 0 0
vn 1 0 0
vn -1 0 0
vn -1 0 0
vn -1 0 0
vn -1 0 0
vn 0 1 0
vn 0 1 0
vn 0 1 0
vn 0 1 0
vn 0 -1 0
vn 0 -1 0
vn 0 -1 0
vn 0 -1 0
vn 0 0 1
vn 0 0 1
vn 0 0 1
vn 0 0 1
vn 0 0 -1
vn 0 0 -1
vn 0 0 -1
vn 0 0 -1
f 121/121/121 123/123/123 122/122/122
f 123/123/123 124/124/124 122/122/122
f 125/125/125 127/127/127 126/126/126
f 127/127/127 128/128/128 126/126/126
f 129/129/129 131/131/131 130/130/130
f 131/131/131 132/132/132 130/130/130
f 133/133/133 135/135/135 134/134/134
f 135/135/135 136/136/136 134/134/134
f 137/137/137 139/139/139 138/138/138
f 139/139/139 140/140/140 138/138/138
f 141/141/141 143/143/143 142/142/142
f 143/143/143 144/144/144 142/142/142
o front_pier_left
usemtl stucco
v -1.399999988079071 2.799999976158142 1.1999999986588954
v -1.399999988079071 2.799999976158142 1.0800000013411044
v -1.399999988079071 2.3841857821338408e-8 1.1999999986588954
v -1.399999988079071 2.3841857821338408e-8 1.0800000013411044
v -2.000000011920929 2.799999976158142 1.0800000013411044
v -2.000000011920929 2.799999976158142 1.1999999986588954
v -2.000000011920929 2.3841857821338408e-8 1.0800000013411044
v -2.000000011920929 2.3841857821338408e-8 1.1999999986588954
v -2.000000011920929 2.799999976158142 1.0800000013411044
v -1.399999988079071 2.799999976158142 1.0800000013411044
v -2.000000011920929 2.799999976158142 1.1999999986588954
v -1.399999988079071 2.799999976158142 1.1999999986588954
v -2.000000011920929 2.3841857821338408e-8 1.1999999986588954
v -1.399999988079071 2.3841857821338408e-8 1.1999999986588954
v -2.000000011920929 2.3841857821338408e-8 1.0800000013411044
v -1.399999988079071 2.3841857821338408e-8 1.0800000013411044
v -2.000000011920929 2.799999976158142 1.1999999986588954
v -1.399999988079071 2.799999976158142 1.1999999986588954
v -2.000000011920929 2.3841857821338408e-8 1.1999999986588954
v -1.399999988079071 2.3841857821338408e-8 1.1999999986588954
v -1.399999988079071 2.799999976158142 1.0800000013411044
v -2.000000011920929 2.799999976158142 1.0800000013411044
v -1.399999988079071 2.3841857821338408e-8 1.0800000013411044
v -2.000000011920929 2.3841857821338408e-8 1.0800000013411044
vt 0 1
vt 1 1
vt 0 0
vt 1 0
vt 0 1
vt 1 1
vt 0 0
vt 1 0
vt 0 1
vt 1 1
vt 0 0
vt 1 0
vt 0 1
vt 1 1
vt 0 0
vt 1 0
vt 0 1
vt 1 1
vt 0 0
vt 1 0
vt 0 1
vt 1 1
vt 0 0
vt 1 0
vn 1 0 0
vn 1 0 0
vn 1 0 0
vn 1 0 0
vn -1 0 0
vn -1 0 0
vn -1 0 0
vn -1 0 0
vn 0 1 0
vn 0 1 0
vn 0 1 0
vn 0 1 0
vn 0 -1 0
vn 0 -1 0
vn 0 -1 0
vn 0 -1 0
vn 0 0 1
vn 0 0 1
vn 0 0 1
vn 0 0 1
vn 0 0 -1
vn 0 0 -1
vn 0 0 -1
vn 0 0 -1
f 145/145/145 147/147/147 146/146/146
f 147/147/147 148/148/148 146/146/146
f 149/149/149 151/151/151 150/150/150
f 151/151/151 152/152/152 150/150/150
f 153/153/153 155/155/155 154/154/154
f 155/155/155 156/156/156 154/154/154
f 157/157/157 159/159/159 158/158/158
f 159/159/159 160/160/160 158/158/158
f 161/161/161 163/163/163 162/162/162
f 163/163/163 164/164/164 162/162/162
f 165/165/165 167/167/167 166/166/166
f 167/167/167 168/168/168 166/166/166
o front_pier_mid
usemtl stucco
v 0.9000000059604645 2.799999976158142 1.1999999986588954
v 0.9000000059604645 2.799999976158142 1.0800000013411044
v 0.9000000059604645 2.3841857821338408e-8 1.1999999986588954
v 0.9000000059604645 2.3841857821338408e-8 1.0800000013411044
v 0.5999999940395355 2.799999976158142 1.0800000013411044
v 0.5999999940395355 2.799999976158142 1.1999999986588954
v 0.5999999940395355 2.3841857821338408e-8 1.0800000013411044
v 0.5999999940395355 2.3841857821338408e-8 1.1999999986588954
v 0.5999999940395355 2.799999976158142 1.0800000013411044
v 0.9000000059604645 2.799999976158142 1.0800000013411044
v 0.5999999940395355 2.799999976158142 1.1999999986588954
v 0.9000000059604645 2.799999976158142 1.1999999986588954
v 0.5999999940395355 2.3841857821338408e-8 1.1999999986588954
v 0.9000000059604645 2.3841857821338408e-8 1.1999999986588954
v 0.5999999940395355 2.3841857821338408e-8 1.0800000013411044
v 0.9000000059604645 2.3841857821338408e-8 1.0800000013411044
v 0.5999999940395355 2.799999976158142 1.1999999986588954
v 0.9000000059604645 2.799999976158142 1.1999999986588954
v 0.5999999940395355 2.3841857821338408e-8 1.1999999986588954
v 0.9000000059604645 2.3841857821338408e-8 1.1999999986588954
v 0.9000000059604645 2.799999976158142 1.0800000013411044
v 0.5999999940395355 2.799999976158142 1.0800000013411044
v 0.9000000059604645 2.3841857821338408e-8 1.0800000013411044
v 0.5999999940395355 2.3841857821338408e-8 1.0800000013411044
vt 0 1
vt 1 1
vt 0 0
vt 1 0
vt 0 1
vt 1 1
vt 0 0
vt 1 0
vt 0 1
vt 1 1
vt 0 0
vt 1 0
vt 0 1
vt 1 1
vt 0 0
vt 1 0
vt 0 1
vt 1 1
vt 0 0
vt 1 0
vt 0 1
vt 1 1
vt 0 0
vt 1 0
vn 1 0 0
vn 1 0 0
vn 1 0 0
vn 1 0 0
vn -1 0 0
vn -1 0 0
vn -1 0 0
vn -1 0 0
vn 0 1 0
vn 0 1 0
vn 0 1 0
vn 0 1 0
vn 0 -1 0
vn 0 -1 0
vn 0 -1 0
vn 0 -1 0
vn 0 0 1
vn 0 0 1
vn 0 0 1
vn 0 0 1
vn 0 0 -1
vn 0 0 -1
vn 0 0 -1
vn 0 0 -1
f 169/169/169 171/171/171 170/170/170
f 171/171/171 172/172/172 170/170/170
f 173/173/173 175/175/175 174/174/174
f 175/175/175 176/176/176 174/174/174
f 177/177/177 179/179/179 178/178/178
f 179/179/179 180/180/180 178/178/178
f 181/181/181 183/183/183 182/182/182
f 183/183/183 184/184/184 182/182/182
f 185/185/185 187/187/187 186/186/186
f 187/187/187 188/188/188 186/186/186
f 189/189/189 191/191/191 190/190/190
f 191/191/191 192/192/192 190/190/190
o front_pier_right
usemtl stucco
v 1.9999999970197677 2.799999976158142 1.1999999986588954
v 1.9999999970197677 2.799999976158142 1.0800000013411044
v 1.9999999970197677 2.3841857821338408e-8 1.1999999986588954
v 1.9999999970197677 2.3841857821338408e-8 1.0800000013411044
v 1.6500000029802322 2.799999976158142 1.0800000013411044
v 1.6500000029802322 2.799999976158142 1.1999999986588954
v 1.6500000029802322 2.3841857821338408e-8 1.0800000013411044
v 1.6500000029802322 2.3841857821338408e-8 1.1999999986588954
v 1.6500000029802322 2.799999976158142 1.0800000013411044
v 1.9999999970197677 2.799999976158142 1.0800000013411044
v 1.6500000029802322 2.799999976158142 1.1999999986588954
v 1.9999999970197677 2.799999976158142 1.1999999986588954
v 1.6500000029802322 2.3841857821338408e-8 1.1999999986588954
v 1.9999999970197677 2.3841857821338408e-8 1.1999999986588954
v 1.6500000029802322 2.3841857821338408e-8 1.0800000013411044
v 1.9999999970197677 2.3841857821338408e-8 1.0800000013411044
v 1.6500000029802322 2.799999976158142 1.1999999986588954
v 1.9999999970197677 2.799999976158142 1.1999999986588954
v 1.6500000029802322 2.3841857821338408e-8 1.1999999986588954
v 1.9999999970197677 2.3841857821338408e-8 1.1999999986588954
v 1.9999999970197677 2.799999976158142 1.0800000013411044
v 1.6500000029802322 2.799999976158142 1.0800000013411044
v 1.9999999970197677 2.3841857821338408e-8 1.0800000013411044
v 1.6500000029802322 2.3841857821338408e-8 1.0800000013411044
vt 0 1
vt 1 1
vt 0 0
vt 1 0
vt 0 1
vt 1 1
vt 0 0
vt 1 0
vt 0 1
vt 1 1
vt 0 0
vt 1 0
vt 0 1
vt 1 1
vt 0 0
vt 1 0
vt 0 1
vt 1 1
vt 0 0
vt 1 0
vt 0 1
vt 1 1
vt 0 0
vt 1 0
vn 1 0 0
vn 1 0 0
vn 1 0 0
vn 1 0 0
vn -1 0 0
vn -1 0 0
vn -1 0 0
vn -1 0 0
vn 0 1 0
vn 0 1 0
vn 0 1 0
vn 0 1 0
vn 0 -1 0
vn 0 -1 0
vn 0 -1 0
vn 0 -1 0
vn 0 0 1
vn 0 0 1
vn 0 0 1
vn 0 0 1
vn 0 0 -1
vn 0 0 -1
vn 0 0 -1
vn 0 0 -1
f 193/193/193 195/195/195 194/194/194
f 195/195/195 196/196/196 194/194/194
f 197/197/197 199/199/199 198/198/198
f 199/199/199 200/200/200 198/198/198
f 201/201/201 203/203/203 202/202/202
f 203/203/203 204/204/204 202/202/202
f 205/205/205 207/207/207 206/206/206
f 207/207/207 208/208/208 206/206/206
f 209/209/209 211/211/211 210/210/210
f 211/211/211 212/212/212 210/210/210
f 213/213/213 215/215/215 214/214/214
f 215/215/215 216/216/216 214/214/214
o front_apron
usemtl stucco
v 0.6000000000000001 1 1.1999999986588954
v 0.6000000000000001 1 1.0800000013411044
v 0.6000000000000001 0 1.1999999986588954
v 0.6000000000000001 0 1.0800000013411044
v -1.4 1 1.0800000013411044
v -1.4 1 1.1999999986588954
v -1.4 0 1.0800000013411044
v -1.4 0 1.1999999986588954
v -1.4 1 1.0800000013411044
v 0.6000000000000001 1 1.0800000013411044
v -1.4 1 1.1999999986588954
v 0.6000000000000001 1 1.1999999986588954
v -1.4 0 1.1999999986588954
v 0.6000000000000001 0 1.1999999986588954
v -1.4 0 1.0800000013411044
v 0.6000000000000001 0 1.0800000013411044
v -1.4 1 1.1999999986588954
v 0.6000000000000001 1 1.1999999986588954
v -1.4 0 1.1999999986588954
v 0.6000000000000001 0 1.1999999986588954
v 0.6000000000000001 1 1.0800000013411044
v -1.4 1 1.0800000013411044
v 0.6000000000000001 0 1.0800000013411044
v -1.4 0 1.0800000013411044
vt 0 1
vt 1 1
vt 0 0
vt 1 0
vt 0 1
vt 1 1
vt 0 0
vt 1 0
vt 0 1
vt 1 1
vt 0 0
vt 1 0
vt 0 1
vt 1 1
vt 0 0
vt 1 0
vt 0 1
vt 1 1
vt 0 0
vt 1 0
vt 0 1
vt 1 1
vt 0 0
vt 1 0
vn 1 0 0
vn 1 0 0
vn 1 0 0
vn 1 0 0
vn -1 0 0
vn -1 0 0
vn -1 0 0
vn -1 0 0
vn 0 1 0
vn 0 1 0
vn 0 1 0
vn 0 1 0
vn 0 -1 0
vn 0 -1 0
vn 0 -1 0
vn 0 -1 0
vn 0 0 1
vn 0 0 1
vn 0 0 1
vn 0 0 1
vn 0 0 -1
vn 0 0 -1
vn 0 0 -1
vn 0 0 -1
f 217/217/217 219/219/219 218/218/218
f 219/219/219 220/220/220 218/218/218
f 221/221/221 223/223/223 222/222/222
f 223/223/223 224/224/224 222/222/222
f 225/225/225 227/227/227 226/226/226
f 227/227/227 228/228/228 226/226/226
f 229/229/229 231/231/231 230/230/230
f 231/231/231 232/232/232 230/230/230
f 233/233/233 235/235/235 234/234/234
f 235/235/235 236/236/236 234/234/234
f 237/237/237 239/239/239 238/238/238
f 239/239/239 240/240/240 238/238/238
o front_header
usemtl stucco
v 0.6000000000000001 2.8000000059604644 1.1999999986588954
v 0.6000000000000001 2.8000000059604644 1.0800000013411044
v 0.6000000000000001 1.9999999940395354 1.1999999986588954
v 0.6000000000000001 1.9999999940395354 1.0800000013411044
v -1.4 2.8000000059604644 1.0800000013411044
v -1.4 2.8000000059604644 1.1999999986588954
v -1.4 1.9999999940395354 1.0800000013411044
v -1.4 1.9999999940395354 1.1999999986588954
v -1.4 2.8000000059604644 1.0800000013411044
v 0.6000000000000001 2.8000000059604644 1.0800000013411044
v -1.4 2.8000000059604644 1.1999999986588954
v 0.6000000000000001 2.8000000059604644 1.1999999986588954
v -1.4 1.9999999940395354 1.1999999986588954
v 0.6000000000000001 1.9999999940395354 1.1999999986588954
v -1.4 1.9999999940395354 1.0800000013411044
v 0.6000000000000001 1.9999999940395354 1.0800000013411044
v -1.4 2.8000000059604644 1.1999999986588954
v 0.6000000000000001 2.8000000059604644 1.1999999986588954
v -1.4 1.9999999940395354 1.1999999986588954
v 0.6000000000000001 1.9999999940395354 1.1999999986588954
v 0.6000000000000001 2.8000000059604644 1.0800000013411044
v -1.4 2.8000000059604644 1.0800000013411044
v 0.6000000000000001 1.9999999940395354 1.0800000013411044
v -1.4 1.9999999940395354 1.0800000013411044
vt 0 1
vt 1 1
vt 0 0
vt 1 0
vt 0 1
vt 1 1
vt 0 0
vt 1 0
vt 0 1
vt 1 1
vt 0 0
vt 1 0
vt 0 1
vt 1 1
vt 0 0
vt 1 0
vt 0 1
vt 1 1
vt 0 0
vt 1 0
vt 0 1
vt 1 1
vt 0 0
vt 1 0
vn 1 0 0
vn 1 0 0
vn 1 0 0
vn 1 0 0
vn -1 0 0
vn -1 0 0
vn -1 0 0
vn -1 0 0
vn 0 1 0
vn 0 1 0
vn 0 1 0
vn 0 1 0
vn 0 -1 0
vn 0 -1 0
vn 0 -1 0
vn 0 -1 0
vn 0 0 1
vn 0 0 1
vn 0 0 1
vn 0 0 1
vn 0 0 -1
vn 0 0 -1
vn 0 0 -1
vn 0 0 -1
f 241/241/241 243/243/243 242/242/242
f 243/243/243 244/244/244 242/242/242
f 245/245/245 247/247/247 246/246/246
f 247/247/247 248/248/248 246/246/246
f 249/249/249 251/251/251 250/250/250
f 251/251/251 252/252/252 250/250/250
f 253/253/253 255/255/255 254/254/254
f 255/255/255 256/256/256 254/254/254
f 257/257/257 259/259/259 258/258/258
f 259/259/259 260/260/260 258/258/258
f 261/261/261 263/263/263 262/262/262
f 263/263/263 264/264/264 262/262/262
o front_door_header
usemtl stucco
v 1.65 2.7999999940395357 1.1999999986588954
v 1.65 2.7999999940395357 1.0800000013411044
v 1.65 2.1000000059604647 1.1999999986588954
v 1.65 2.1000000059604647 1.0800000013411044
v 0.8999999999999999 2.7999999940395357 1.0800000013411044
v 0.8999999999999999 2.7999999940395357 1.1999999986588954
v 0.8999999999999999 2.1000000059604647 1.0800000013411044
v 0.8999999999999999 2.1000000059604647 1.1999999986588954
v 0.8999999999999999 2.7999999940395357 1.0800000013411044
v 1.65 2.7999999940395357 1.0800000013411044
v 0.8999999999999999 2.7999999940395357 1.1999999986588954
v 1.65 2.7999999940395357 1.1999999986588954
v 0.8999999999999999 2.1000000059604647 1.1999999986588954
v 1.65 2.1000000059604647 1.1999999986588954
v 0.8999999999999999 2.1000000059604647 1.0800000013411044
v 1.65 2.1000000059604647 1.0800000013411044
v 0.8999999999999999 2.7999999940395357 1.1999999986588954
v 1.65 2.7999999940395357 1.1999999986588954
v 0.8999999999999999 2.1000000059604647 1.1999999986588954
v 1.65 2.1000000059604647 1.1999999986588954
v 1.65 2.7999999940395357 1.0800000013411044
v 0.8999999999999999 2.7999999940395357 1.0800000013411044
v 1.65 2.1000000059604647 1.0800000013411044
v 0.8999999999999999 2.1000000059604647 1.0800000013411044
vt 0 1
vt 1 1
vt 0 0
vt 1 0
vt 0 1
vt 1 1
vt 0 0
vt 1 0
vt 0 1
vt 1 1
vt 0 0
vt 1 0
vt 0 1
vt 1 1
vt 0 0
vt 1 0
vt 0 1
vt 1 1
vt 0 0
vt 1 0
vt 0 1
vt 1 1
vt 0 0
vt 1 0
vn 1 0 0
vn 1 0 0
vn 1 0 0
vn 1 0 0
vn -1 0 0
vn -1 0 0
vn -1 0 0
vn -1 0 0
vn 0 1 0
vn 0 1 0
vn 0 1 0
vn 0 1 0
vn 0 -1 0
vn 0 -1 0
vn 0 -1 0
vn 0 -1 0
vn 0 0 1
vn 0 0 1
vn 0 0 1
vn 0 0 1
vn 0 0 -1
vn 0 0 -1
vn 0 0 -1
vn 0 0 -1
f 265/265/265 267/267/267 266/266/266
f 267/267/267 268/268/268 266/266/266
f 269/269/269 271/271/271 270/270/270
f 271/271/271 272/272/272 270/270/270
f 273/273/273 275/275/275 274/274/274
f 275/275/275 276/276/276 274/274/274
f 277/277/277 279/279/279 278/278/278
f 279/279/279 280/280/280 278/278/278
f 281/281/281 283/283/283 282/282/282
f 283/283/283 284/284/284 282/282/282
f 285/285/285 287/287/287 286/286/286
f 287/287/287 288/288/288 286/286/286
o door_panel
usemtl wood
v 1.5745561614119379 2.0499999761581424 1.2121356254349984
v 1.5985274386993478 2.0499999761581424 1.1682564966866298
v 1.5745561614119379 2.3841858043383013e-8 1.2121356254349984
v 1.5985274386993478 2.3841858043383013e-8 1.1682564966866298
v 0.9754438385880619 2.0499999761581424 0.8278643745650016
v 0.951472561300652 2.0499999761581424 0.8717435033133702
v 0.9754438385880619 2.3841858043383013e-8 0.8278643745650016
v 0.951472561300652 2.3841858043383013e-8 0.8717435033133702
v 0.9754438385880619 2.0499999761581424 0.8278643745650016
v 1.5985274386993478 2.0499999761581424 1.1682564966866298
v 0.951472561300652 2.0499999761581424 0.8717435033133702
v 1.5745561614119379 2.0499999761581424 1.2121356254349984
v 0.951472561300652 2.3841858043383013e-8 0.8717435033133702
v 1.5745561614119379 2.3841858043383013e-8 1.2121356254349984
v 0.9754438385880619 2.3841858043383013e-8 0.8278643745650016
v 1.5985274386993478 2.3841858043383013e-8 1.1682564966866298
v 0.951472561300652 2.0499999761581424 0.8717435033133702
v 1.5745561614119379 2.0499999761581424 1.2121356254349984
v 0.951472561300652 2.3841858043383013e-8 0.8717435033133702
v 1.5745561614119379 2.3841858043383013e-8 1.2121356254349984
v 1.5985274386993478 2.0499999761581424 1.1682564966866298
v 0.9754438385880619 2.0499999761581424 0.8278643745650016
v 1.5985274386993478 2.3841858043383013e-8 1.1682564966866298
v 0.9754438385880619 2.3841858043383013e-8 0.8278643745650016
vt 0 1
vt 1 1
vt 0 0
vt 1 0
vt 0 1
vt 1 1
vt 0 0
vt 1 0
vt 0 1
vt 1 1
vt 0 0
vt 1 0
vt 0 1
vt 1 1
vt 0 0
vt 1 0
vt 0 1
vt 1 1
vt 0 0
vt 1 0
vt 0 1
vt 1 1
vt 0 0
vt 1 0
vn 0.8775825618903728 0 0.479425538604203
vn 0.8775825618903728 0 0.479425538604203
vn 0.8775825618903728 0 0.479425538604203
vn 0.8775825618903728 0 0.479425538604203
vn -0.8775825618903728 0 -0.479425538604203
vn -0.8775825618903728 0 -0.479425538604203
vn -0.8775825618903728 0 -0.479425538604203
vn -0.8775825618903728 0 -0.479425538604203
vn 0 1 0
vn 0 1 0
vn 0 1 0
vn 0 1 0
vn 0 -1 0
vn 0 -1 0
vn 0 -1 0
vn 0 -1 0
vn -0.479425538604203 0 0.8775825618903728
vn -0.479425538604203 0 0.8775825618903728
vn -0.479425538604203 0 0.8775825618903728
vn -0.479425538604203 0 0.8775825618903728
vn 0.479425538604203 0 -0.8775825618903728
vn 0.479425538604203 0 -0.8775825618903728
vn 0.479425538604203 0 -0.8775825618903728
vn 0.479425538604203 0 -0.8775825618903728
f 289/289/289 291/291/291 290/290/290
f 291/291/291 292/292/292 290/290/290
f 293/293/293 295/295/295 294/294/294
f 295/295/295 296/296/296 294/294/294
f 297/297/297 299/299/299 298/298/298
f 299/299/299 300/300/300 298/298/298
f 301/301/301 303/303/303 302/302/302
f 303/303/303 304/304/304 302/302/302
f 305/305/305 307/307/307 306/306/306
f 307/307/307 308/308/308 306/306/306
f 309/309/309 311/311/311 310/310/310
f 311/311/311 312/312/312 310/310/310
o counter_sill
usemtl wood
v 0.7499999761581422 1.0900000017881393 1.4600000023841857
v 0.7499999761581422 1.0900000017881393 0.8399999976158141
v 0.7499999761581422 0.9999999982118606 1.4600000023841857
v 0.7499999761581422 0.9999999982118606 0.8399999976158141
v -1.549999976158142 1.0900000017881393 0.8399999976158141
v -1.549999976158142 1.0900000017881393 1.4600000023841857
v -1.549999976158142 0.9999999982118606 0.8399999976158141
v -1.549999976158142 0.9999999982118606 1.4600000023841857
v -1.549999976158142 1.0900000017881393 0.8399999976158141
v 0.7499999761581422 1.0900000017881393 0.8399999976158141
v -1.549999976158142 1.0900000017881393 1.4600000023841857
v 0.7499999761581422 1.0900000017881393 1.4600000023841857
v -1.549999976158142 0.9999999982118606 1.4600000023841857
v 0.7499999761581422 0.9999999982118606 1.4600000023841857
v -1.549999976158142 0.9999999982118606 0.8399999976158141
v 0.7499999761581422 0.9999999982118606 0.8399999976158141
v -1.549999976158142 1.0900000017881393 1.4600000023841857
v 0.7499999761581422 1.0900000017881393 1.4600000023841857
v -1.549999976158142 0.9999999982118606 1.4600000023841857
v 0.7499999761581422 0.9999999982118606 1.4600000023841857
v 0.7499999761581422 1.0900000017881393 0.8399999976158141
v -1.549999976158142 1.0900000017881393 0.8399999976158141
v 0.7499999761581422 0.9999999982118606 0.8399999976158141
v -1.549999976158142 0.9999999982118606 0.8399999976158141
vt 0 1
vt 1 1
vt 0 0
vt 1 0
vt 0 1
vt 1 1
vt 0 0
vt 1 0
vt 0 1
vt 1 1
vt 0 0
vt 1 0
vt 0 1
vt 1 1
vt 0 0
vt 1 0
vt 0 1
vt 1 1
vt 0 0
vt 1 0
vt 0 1
vt 1 1
vt 0 0
vt 1 0
vn 1 0 0
vn 1 0 0
vn 1 0 0
vn 1 0 0
vn -1 0 0
vn -1 0 0
vn -1 0 0
vn -1 0 0
vn 0 1 0
vn 0 1 0
vn 0 1 0
vn 0 1 0
vn 0 -1 0
vn 0 -1 0
vn 0 -1 0
vn 0 -1 0
vn 0 0 1
vn 0 0 1
vn 0 0 1
vn 0 0 1
vn 0 0 -1
vn 0 0 -1
vn 0 0 -1
vn 0 0 -1
f 313/313/313 315/315/315 314/314/314
f 315/315/315 316/316/316 314/314/314
f 317/317/317 319/319/319 318/318/318
f 319/319/319 320/320/320 318/318/318
f 321/321/321 323/323/323 322/322/322
f 323/323/323 324/324/324 322/322/322
f 325/325/325 327/327/327 326/326/326
f 327/327/327 328/328/328 326/326/326
f 329/329/329 331/331/331 330/330/330
f 331/331/331 332/332/332 330/330/330
f 333/333/333 335/335/335 334/334/334
f 335/335/335 336/336/336 334/334/334
o counter_edge
usemtl metal
v 0.759999966621399 1.120000000372529 1.465000000372529
v 0.759999966621399 1.120000000372529 1.414999999627471
v 0.759999966621399 1.069999999627471 1.465000000372529
v 0.759999966621399 1.069999999627471 1.414999999627471
v -1.5599999666213988 1.120000000372529 1.414999999627471
v -1.5599999666213988 1.120000000372529 1.465000000372529
v -1.5599999666213988 1.069999999627471 1.414999999627471
v -1.5599999666213988 1.069999999627471 1.465000000372529
v -1.5599999666213988 1.120000000372529 1.414999999627471
v 0.759999966621399 1.120000000372529 1.414999999627471
v -1.5599999666213988 1.120000000372529 1.465000000372529
v 0.759999966621399 1.120000000372529 1.465000000372529
v -1.5599999666213988 1.069999999627471 1.465000000372529
v 0.759999966621399 1.069999999627471 1.465000000372529
v -1.5599999666213988 1.069999999627471 1.414999999627471
v 0.759999966621399 1.069999999627471 1.414999999627471
v -1.5599999666213988 1.120000000372529 1.465000000372529
v 0.759999966621399 1.120000000372529 1.465000000372529
v -1.5599999666213988 1.069999999627471 1.465000000372529
v 0.759999966621399 1.069999999627471 1.465000000372529
v 0.759999966621399 1.120000000372529 1.414999999627471
v -1.5599999666213988 1.120000000372529 1.414999999627471
v 0.759999966621399 1.069999999627471 1.414999999627471
v -1.5599999666213988 1.069999999627471 1.414999999627471
vt 0 1
vt 1 1
vt 0 0
vt 1 0
vt 0 1
vt 1 1
vt 0 0
vt 1 0
vt 0 1
vt 1 1
vt 0 0
vt 1 0
vt 0 1
vt 1 1
vt 0 0
vt 1 0
vt 0 1
vt 1 1
vt 0 0
vt 1 0
vt 0 1
vt 1 1
vt 0 0
vt 1 0
vn 1 0 0
vn 1 0 0
vn 1 0 0
vn 1 0 0
vn -1 0 0
vn -1 0 0
vn -1 0 0
vn -1 0 0
vn 0 1 0
vn 0 1 0
vn 0 1 0
vn 0 1 0
vn 0 -1 0
vn 0 -1 0
vn 0 -1 0
vn 0 -1 0
vn 0 0 1
vn 0 0 1
vn 0 0 1
vn 0 0 1
vn 0 0 -1
vn 0 0 -1
vn 0 0 -1
vn 0 0 -1
f 337/337/337 339/339/339 338/338/338
f 339/339/339 340/340/340 338/338/338
f 341/341/341 343/343/343 342/342/342
f 343/343/343 344/344/344 342/342/342
f 345/345/345 347/347/347 346/346/346
f 347/347/347 348/348/348 346/346/346
f 349/349/349 351/351/351 350/350/350
f 351/351/351 352/352/352 350/350/350
f 353/353/353 355/355/355 354/354/354
f 355/355/355 356/356/356 354/354/354
f 357/357/357 359/359/359 358/358/358
f 359/359/359 360/360/360 358/358/358
o window_bar_1
usemtl metal
v -1.1199999999999999 1.999999988079071 1.1560000007599591
v -1.1105954357236623 1.999999988079071 1.152944271788001
v -1.104783095307648 1.999999988079071 1.1449442718736826
v -1.104783095307648 1.999999988079071 1.1350557281263172
v -1.1105954357236623 1.999999988079071 1.1270557282119988
v -1.1199999999999999 1.999999988079071 1.1239999992400407
v -1.1294045642763375 1.999999988079071 1.1270557282119988
v -1.1352169046923517 1.999999988079071 1.1350557281263172
v -1.1352169046923517 1.999999988079071 1.1449442718736826
v -1.1294045642763375 1.999999988079071 1.152944271788001
v -1.1199999999999999 1.999999988079071 1.1560000007599591
v -1.1199999999999999 1.100000011920929 1.1560000007599591
v -1.1105954357236623 1.100000011920929 1.152944271788001
v -1.104783095307648 1.100000011920929 1.1449442718736826
v -1.104783095307648 1.100000011920929 1.1350557281263172
v -1.1105954357236623 1.100000011920929 1.1270557282119988
v -1.1199999999999999 1.100000011920929 1.1239999992400407
v -1.1294045642763375 1.100000011920929 1.1270557282119988
v -1.1352169046923517 1.100000011920929 1.1350557281263172
v -1.1352169046923517 1.100000011920929 1.1449442718736826
v -1.1294045642763375 1.100000011920929 1.152944271788001
v -1.1199999999999999 1.100000011920929 1.1560000007599591
v -1.1199999999999999 1.999999988079071 1.14
v -1.1199999999999999 1.999999988079071 1.14
v -1.1199999999999999 1.999999988079071 1.14
v -1.1199999999999999 1.999999988079071 1.14
v -1.1199999999999999 1.999999988079071 1.14
v -1.1199999999999999 1.999999988079071 1.14
v -1.1199999999999999 1.999999988079071 1.14
v -1.1199999999999999 1.999999988079071 1.14
v -1.1199999999999999 1.999999988079071 1.14
v -1.1199999999999999 1.999999988079071 1.14
v -1.1199999999999999 1.999999988079071 1.1560000007599591
v -1.1105954357236623 1.999999988079071 1.152944271788001
v -1.104783095307648 1.999999988079071 1.1449442718736826
v -1.104783095307648 1.999999988079071 1.1350557281263172
v -1.1105954357236623 1.999999988079071 1.1270557282119988
v -1.1199999999999999 1.999999988079071 1.1239999992400407
v -1.1294045642763375 1.999999988079071 1.1270557282119988
v -1.1352169046923517 1.999999988079071 1.1350557281263172
v -1.1352169046923517 1.999999988079071 1.1449442718736826
v -1.1294045642763375 1.999999988079071 1.152944271788001
v -1.1199999999999999 1.999999988079071 1.1560000007599591
v -1.1199999999999999 1.100000011920929 1.14
v -1.1199999999999999 1.100000011920929 1.14
v -1.1199999999999999 1.100000011920929 1.14
v -1.1199999999999999 1.100000011920929 1.14
v -1.1199999999999999 1.100000011920929 1.14
v -1.1199999999999999 1.100000011920929 1.14
v -1.1199999999999999 1.100000011920929 1.14
v -1.1199999999999999 1.100000011920929 1.14
v -1.1199999999999999 1.100000011920929 1.14
v -1.1199999999999999 1.100000011920929 1.14
v -1.1199999999999999 1.100000011920929 1.1560000007599591
v -1.1105954357236623 1.100000011920929 1.152944271788001
v -1.104783095307648 1.100000011920929 1.1449442718736826
v -1.104783095307648 1.100000011920929 1.1350557281263172
v -1.1105954357236623 1.100000011920929 1.1270557282119988
v -1.1199999999999999 1.100000011920929 1.1239999992400407
v -1.1294045642763375 1.100000011920929 1.1270557282119988
v -1.1352169046923517 1.100000011920929 1.1350557281263172
v -1.1352169046923517 1.100000011920929 1.1449442718736826
v -1.1294045642763375 1.100000011920929 1.152944271788001
v -1.1199999999999999 1.100000011920929 1.1560000007599591
vt 0 1
vt 0.10000000149011612 1
vt 0.20000000298023224 1
vt 0.30000001192092896 1
vt 0.4000000059604645 1
vt 0.5 1
vt 0.6000000238418579 1
vt 0.699999988079071 1
vt 0.800000011920929 1
vt 0.8999999761581421 1
vt 1 1
vt 0 0
vt 0.10000000149011612 0
vt 0.20000000298023224 0
vt 0.30000001192092896 0
vt 0.4000000059604645 0
vt 0.5 0
vt 0.6000000238418579 0
vt 0.699999988079071 0
vt 0.800000011920929 0
vt 0.8999999761581421 0
vt 1 0
vt 0.5 0.5
vt 0.5 0.5
vt 0.5 0.5
vt 0.5 0.5
vt 0.5 0.5
vt 0.5 0.5
vt 0.5 0.5
vt 0.5 0.5
vt 0.5 0.5
vt 0.5 0.5
vt 1 0.5
vt 0.9045084714889526 0.7938926219940186
vt 0.6545084714889526 0.9755282402038574
vt 0.345491498708725 0.9755282402038574
vt 0.09549150615930557 0.7938926219940186
vt 0 0.5
vt 0.09549150615930557 0.20610737800598145
vt 0.345491498708725 0.024471741169691086
vt 0.6545084714889526 0.024471741169691086
vt 0.9045084714889526 0.20610737800598145
vt 1 0.5
vt 0.5 0.5
vt 0.5 0.5
vt 0.5 0.5
vt 0.5 0.5
vt 0.5 0.5
vt 0.5 0.5
vt 0.5 0.5
vt 0.5 0.5
vt 0.5 0.5
vt 0.5 0.5
vt 1 0.5
vt 0.9045084714889526 0.20610737800598145
vt 0.6545084714889526 0.024471741169691086
vt 0.345491498708725 0.024471741169691086
vt 0.09549150615930557 0.20610737800598145
vt 0 0.5
vt 0.09549150615930557 0.7938926219940186
vt 0.345491498708725 0.9755282402038574
vt 0.6545084714889526 0.9755282402038574
vt 0.9045084714889526 0.7938926219940186
vt 1 0.5
vn 0 0 1
vn 0.5877852429542022 0 0.8090170011595983
vn 0.9510565161477913 0 0.3090169948284817
vn 0.9510565161477913 0 -0.3090169948284817
vn 0.5877852429542022 0 -0.8090170011595983
vn 1.2246468525851679e-16 0 -1
vn -0.5877852429542022 0 -0.8090170011595983
vn -0.9510565161477913 0 -0.3090169948284817
vn -0.9510565161477913 0 0.3090169948284817
vn -0.5877852429542022 0 0.8090170011595983
vn -2.4492937051703357e-16 0 1
vn 0 0 1
vn 0.5877852429542022 0 0.8090170011595983
vn 0.9510565161477913 0 0.3090169948284817
vn 0.9510565161477913 0 -0.3090169948284817
vn 0.5877852429542022 0 -0.8090170011595983
vn 1.2246468525851679e-16 0 -1
vn -0.5877852429542022 0 -0.8090170011595983
vn -0.9510565161477913 0 -0.3090169948284817
vn -0.9510565161477913 0 0.3090169948284817
vn -0.5877852429542022 0 0.8090170011595983
vn -2.4492937051703357e-16 0 1
vn 0 1 0
vn 0 1 0
vn 0 1 0
vn 0 1 0
vn 0 1 0
vn 0 1 0
vn 0 1 0
vn 0 1 0
vn 0 1 0
vn 0 1 0
vn 0 1 0
vn 0 1 0
vn 0 1 0
vn 0 1 0
vn 0 1 0
vn 0 1 0
vn 0 1 0
vn 0 1 0
vn 0 1 0
vn 0 1 0
vn 0 1 0
vn 0 -1 0
vn 0 -1 0
vn 0 -1 0
vn 0 -1 0
vn 0 -1 0
vn 0 -1 0
vn 0 -1 0
vn 0 -1 0
vn 0 -1 0
vn 0 -1 0
vn 0 -1 0
vn 0 -1 0
vn 0 -1 0
vn 0 -1 0
vn 0 -1 0
vn 0 -1 0
vn 0 -1 0
vn 0 -1 0
vn 0 -1 0
vn 0 -1 0
vn 0 -1 0
f 361/361/361 372/372/372 362/362/362
f 372/372/372 373/373/373 362/362/362
f 362/362/362 373/373/373 363/363/363
f 373/373/373 374/374/374 363/363/363
f 363/363/363 374/374/374 364/364/364
f 374/374/374 375/375/375 364/364/364
f 364/364/364 375/375/375 365/365/365
f 375/375/375 376/376/376 365/365/365
f 365/365/365 376/376/376 366/366/366
f 376/376/376 377/377/377 366/366/366
f 366/366/366 377/377/377 367/367/367
f 377/377/377 378/378/378 367/367/367
f 367/367/367 378/378/378 368/368/368
f 378/378/378 379/379/379 368/368/368
f 368/368/368 379/379/379 369/369/369
f 379/379/379 380/380/380 369/369/369
f 369/369/369 380/380/380 370/370/370
f 380/380/380 381/381/381 370/370/370
f 370/370/370 381/381/381 371/371/371
f 381/381/381 382/382/382 371/371/371
f 393/393/393 394/394/394 383/383/383
f 394/394/394 395/395/395 384/384/384
f 395/395/395 396/396/396 385/385/385
f 396/396/396 397/397/397 386/386/386
f 397/397/397 398/398/398 387/387/387
f 398/398/398 399/399/399 388/388/388
f 399/399/399 400/400/400 389/389/389
f 400/400/400 401/401/401 390/390/390
f 401/401/401 402/402/402 391/391/391
f 402/402/402 403/403/403 392/392/392
f 415/415/415 414/414/414 404/404/404
f 416/416/416 415/415/415 405/405/405
f 417/417/417 416/416/416 406/406/406
f 418/418/418 417/417/417 407/407/407
f 419/419/419 418/418/418 408/408/408
f 420/420/420 419/419/419 409/409/409
f 421/421/421 420/420/420 410/410/410
f 422/422/422 421/421/421 411/411/411
f 423/423/423 422/422/422 412/412/412
f 424/424/424 423/423/423 413/413/413
o window_bar_2
usemtl metal
v -0.8319999999999999 1.999999988079071 1.1560000007599591
v -0.8225954357236622 1.999999988079071 1.152944271788001
v -0.816783095307648 1.999999988079071 1.1449442718736826
v -0.816783095307648 1.999999988079071 1.1350557281263172
v -0.8225954357236622 1.999999988079071 1.1270557282119988
v -0.8319999999999999 1.999999988079071 1.1239999992400407
v -0.8414045642763375 1.999999988079071 1.1270557282119988
v -0.8472169046923517 1.999999988079071 1.1350557281263172
v -0.8472169046923517 1.999999988079071 1.1449442718736826
v -0.8414045642763375 1.999999988079071 1.152944271788001
v -0.8319999999999999 1.999999988079071 1.1560000007599591
v -0.8319999999999999 1.100000011920929 1.1560000007599591
v -0.8225954357236622 1.100000011920929 1.152944271788001
v -0.816783095307648 1.100000011920929 1.1449442718736826
v -0.816783095307648 1.100000011920929 1.1350557281263172
v -0.8225954357236622 1.100000011920929 1.1270557282119988
v -0.8319999999999999 1.100000011920929 1.1239999992400407
v -0.8414045642763375 1.100000011920929 1.1270557282119988
v -0.8472169046923517 1.100000011920929 1.1350557281263172
v -0.8472169046923517 1.100000011920929 1.1449442718736826
v -0.8414045642763375 1.100000011920929 1.152944271788001
v -0.8319999999999999 1.100000011920929 1.1560000007599591
v -0.8319999999999999 1.999999988079071 1.14
v -0.8319999999999999 1.999999988079071 1.14
v -0.8319999999999999 1.999999988079071 1.14
v -0.8319999999999999 1.999999988079071 1.14
v -0.8319999999999999 1.999999988079071 1.14
v -0.8319999999999999 1.999999988079071 1.14
v -0.8319999999999999 1.999999988079071 1.14
v -0.8319999999999999 1.999999988079071 1.14
v -0.8319999999999999 1.999999988079071 1.14
v -0.8319999999999999 1.999999988079071 1.14
v -0.8319999999999999 1.999999988079071 1.1560000007599591
v -0.8225954357236622 1.999999988079071 1.152944271788001
v -0.816783095307648 1.999999988079071 1.1449442718736826
v -0.816783095307648 1.999999988079071 1.1350557281263172
v -0.8225954357236622 1.999999988079071 1.1270557282119988
v -0.8319999999999999 1.999999988079071 1.1239999992400407
v -0.8414045642763375 1.999999988079071 1.1270557282119988
v -0.8472169046923517 1.999999988079071 1.1350557281263172
v -0.8472169046923517 1.999999988079071 1.1449442718736826
v -0.8414045642763375 1.999999988079071 1.152944271788001
v -0.8319999999999999 1.999999988079071 1.1560000007599591
v -0.8319999999999999 1.100000011920929 1.14
v -0.8319999999999999 1.100000011920929 1.14
v -0.8319999999999999 1.100000011920929 1.14
v -0.8319999999999999 1.100000011920929 1.14
v -0.8319999999999999 1.100000011920929 1.14
v -0.8319999999999999 1.100000011920929 1.14
v -0.8319999999999999 1.100000011920929 1.14
v -0.8319999999999999 1.100000011920929 1.14
v -0.8319999999999999 1.100000011920929 1.14
v -0.8319999999999999 1.100000011920929 1.14
v -0.8319999999999999 1.100000011920929 1.1560000007599591
v -0.8225954357236622 1.100000011920929 1.152944271788001
v -0.816783095307648 1.100000011920929 1.1449442718736826
v -0.816783095307648 1.100000011920929 1.1350557281263172
v -0.8225954357236622 1.100000011920929 1.1270557282119988
v -0.8319999999999999 1.100000011920929 1.1239999992400407
v -0.8414045642763375 1.100000011920929 1.1270557282119988
v -0.8472169046923517 1.100000011920929 1.1350557281263172
v -0.8472169046923517 1.100000011920929 1.1449442718736826
v -0.8414045642763375 1.100000011920929 1.152944271788001
v -0.8319999999999999 1.100000011920929 1.1560000007599591
vt 0 1
vt 0.10000000149011612 1
vt 0.20000000298023224 1
vt 0.30000001192092896 1
vt 0.4000000059604645 1
vt 0.5 1
vt 0.6000000238418579 1
vt 0.699999988079071 1
vt 0.800000011920929 1
vt 0.8999999761581421 1
vt 1 1
vt 0 0
vt 0.10000000149011612 0
vt 0.20000000298023224 0
vt 0.30000001192092896 0
vt 0.4000000059604645 0
vt 0.5 0
vt 0.6000000238418579 0
vt 0.699999988079071 0
vt 0.800000011920929 0
vt 0.8999999761581421 0
vt 1 0
vt 0.5 0.5
vt 0.5 0.5
vt 0.5 0.5
vt 0.5 0.5
vt 0.5 0.5
vt 0.5 0.5
vt 0.5 0.5
vt 0.5 0.5
vt 0.5 0.5
vt 0.5 0.5
vt 1 0.5
vt 0.9045084714889526 0.7938926219940186
vt 0.6545084714889526 0.9755282402038574
vt 0.345491498708725 0.9755282402038574
vt 0.09549150615930557 0.7938926219940186
vt 0 0.5
vt 0.09549150615930557 0.20610737800598145
vt 0.345491498708725 0.024471741169691086
vt 0.6545084714889526 0.024471741169691086
vt 0.9045084714889526 0.20610737800598145
vt 1 0.5
vt 0.5 0.5
vt 0.5 0.5
vt 0.5 0.5
vt 0.5 0.5
vt 0.5 0.5
vt 0.5 0.5
vt 0.5 0.5
vt 0.5 0.5
vt 0.5 0.5
vt 0.5 0.5
vt 1 0.5
vt 0.9045084714889526 0.20610737800598145
vt 0.6545084714889526 0.024471741169691086
vt 0.345491498708725 0.024471741169691086
vt 0.09549150615930557 0.20610737800598145
vt 0 0.5
vt 0.09549150615930557 0.7938926219940186
vt 0.345491498708725 0.9755282402038574
vt 0.6545084714889526 0.9755282402038574
vt 0.9045084714889526 0.7938926219940186
vt 1 0.5
vn 0 0 1
vn 0.5877852429542022 0 0.8090170011595983
vn 0.9510565161477913 0 0.3090169948284817
vn 0.9510565161477913 0 -0.3090169948284817
vn 0.5877852429542022 0 -0.8090170011595983
vn 1.2246468525851679e-16 0 -1
vn -0.5877852429542022 0 -0.8090170011595983
vn -0.9510565161477913 0 -0.3090169948284817
vn -0.9510565161477913 0 0.3090169948284817
vn -0.5877852429542022 0 0.8090170011595983
vn -2.4492937051703357e-16 0 1
vn 0 0 1
vn 0.5877852429542022 0 0.8090170011595983
vn 0.9510565161477913 0 0.3090169948284817
vn 0.9510565161477913 0 -0.3090169948284817
vn 0.5877852429542022 0 -0.8090170011595983
vn 1.2246468525851679e-16 0 -1
vn -0.5877852429542022 0 -0.8090170011595983
vn -0.9510565161477913 0 -0.3090169948284817
vn -0.9510565161477913 0 0.3090169948284817
vn -0.5877852429542022 0 0.8090170011595983
vn -2.4492937051703357e-16 0 1
vn 0 1 0
vn 0 1 0
vn 0 1 0
vn 0 1 0
vn 0 1 0
vn 0 1 0
vn 0 1 0
vn 0 1 0
vn 0 1 0
vn 0 1 0
vn 0 1 0
vn 0 1 0
vn 0 1 0
vn 0 1 0
vn 0 1 0
vn 0 1 0
vn 0 1 0
vn 0 1 0
vn 0 1 0
vn 0 1 0
vn 0 1 0
vn 0 -1 0
vn 0 -1 0
vn 0 -1 0
vn 0 -1 0
vn 0 -1 0
vn 0 -1 0
vn 0 -1 0
vn 0 -1 0
vn 0 -1 0
vn 0 -1 0
vn 0 -1 0
vn 0 -1 0
vn 0 -1 0
vn 0 -1 0
vn 0 -1 0
vn 0 -1 0
vn 0 -1 0
vn 0 -1 0
vn 0 -1 0
vn 0 -1 0
vn 0 -1 0
f 425/425/425 436/436/436 426/426/426
f 436/436/436 437/437/437 426/426/426
f 426/426/426 437/437/437 427/427/427
f 437/437/437 438/438/438 427/427/427
f 427/427/427 438/438/438 428/428/428
f 438/438/438 439/439/439 428/428/428
f 428/428/428 439/439/439 429/429/429
f 439/439/439 440/440/440 429/429/429
f 429/429/429 440/440/440 430/430/430
f 440/440/440 441/441/441 430/430/430
f 430/430/430 441/441/441 431/431/431
f 441/441/441 442/442/442 431/431/431
f 431/431/431 442/442/442 432/432/432
f 442/442/442 443/443/443 432/432/432
f 432/432/432 443/443/443 433/433/433
f 443/443/443 444/444/444 433/433/433
f 433/433/433 444/444/444 434/434/434
f 444/444/444 445/445/445 434/434/434
f 434/434/434 445/445/445 435/435/435
f 445/445/445 446/446/446 435/435/435
f 457/457/457 458/458/458 447/447/447
f 458/458/458 459/459/459 448/448/448
f 459/459/459 460/460/460 449/449/449
f 460/460/460 461/461/461 450/450/450
f 461/461/461 462/462/462 451/451/451
f 462/462/462 463/463/463 452/452/452
f 463/463/463 464/464/464 453/453/453
f 464/464/464 465/465/465 454/454/454
f 465/465/465 466/466/466 455/455/455
f 466/466/466 467/467/467 456/456/456
f 479/479/479 478/478/478 468/468/468
f 480/480/480 479/479/479 469/469/469
f 481/481/481 480/480/480 470/470/470
f 482/482/482 481/481/481 471/471/471
f 483/483/483 482/482/482 472/472/472
f 484/484/484 483/483/483 473/473/473
f 485/485/485 484/484/484 474/474/474
f 486/486/486 485/485/485 475/475/475
f 487/487/487 486/486/486 476/476/476
f 488/488/488 487/487/487 477/477/477
o window_bar_3
usemtl metal
v -0.5439999999999999 1.999999988079071 1.1560000007599591
v -0.5345954357236623 1.999999988079071 1.152944271788001
v -0.5287830953076481 1.999999988079071 1.1449442718736826
v -0.5287830953076481 1.999999988079071 1.1350557281263172
v -0.5345954357236623 1.999999988079071 1.1270557282119988
v -0.5439999999999999 1.999999988079071 1.1239999992400407
v -0.5534045642763376 1.999999988079071 1.1270557282119988
v -0.5592169046923517 1.999999988079071 1.1350557281263172
v -0.5592169046923517 1.999999988079071 1.1449442718736826
v -0.5534045642763376 1.999999988079071 1.152944271788001
v -0.5439999999999999 1.999999988079071 1.1560000007599591
v -0.5439999999999999 1.100000011920929 1.1560000007599591
v -0.5345954357236623 1.100000011920929 1.152944271788001
v -0.5287830953076481 1.100000011920929 1.1449442718736826
v -0.5287830953076481 1.100000011920929 1.1350557281263172
v -0.5345954357236623 1.100000011920929 1.1270557282119988
v -0.5439999999999999 1.100000011920929 1.1239999992400407
v -0.5534045642763376 1.100000011920929 1.1270557282119988
v -0.5592169046923517 1.100000011920929 1.1350557281263172
v -0.5592169046923517 1.100000011920929 1.1449442718736826
v -0.5534045642763376 1.100000011920929 1.152944271788001
v -0.5439999999999999 1.100000011920929 1.1560000007599591
v -0.5439999999999999 1.999999988079071 1.14
v -0.5439999999999999 1.999999988079071 1.14
v -0.5439999999999999 1.999999988079071 1.14
v -0.5439999999999999 1.999999988079071 1.14
v -0.5439999999999999 1.999999988079071 1.14
v -0.5439999999999999 1.999999988079071 1.14
v -0.5439999999999999 1.999999988079071 1.14
v -0.5439999999999999 1.999999988079071 1.14
v -0.5439999999999999 1.999999988079071 1.14
v -0.5439999999999999 1.999999988079071 1.14
v -0.5439999999999999 1.999999988079071 1.1560000007599591
v -0.5345954357236623 1.999999988079071 1.152944271788001
v -0.5287830953076481 1.999999988079071 1.1449442718736826
v -0.5287830953076481 1.999999988079071 1.1350557281263172
v -0.5345954357236623 1.999999988079071 1.1270557282119988
v -0.5439999999999999 1.999999988079071 1.1239999992400407
v -0.5534045642763376 1.999999988079071 1.1270557282119988
v -0.5592169046923517 1.999999988079071 1.1350557281263172
v -0.5592169046923517 1.999999988079071 1.1449442718736826
v -0.5534045642763376 1.999999988079071 1.152944271788001
v -0.5439999999999999 1.999999988079071 1.1560000007599591
v -0.5439999999999999 1.100000011920929 1.14
v -0.5439999999999999 1.100000011920929 1.14
v -0.5439999999999999 1.100000011920929 1.14
v -0.5439999999999999 1.100000011920929 1.14
v -0.5439999999999999 1.100000011920929 1.14
v -0.5439999999999999 1.100000011920929 1.14
v -0.5439999999999999 1.100000011920929 1.14
v -0.5439999999999999 1.100000011920929 1.14
v -0.5439999999999999 1.100000011920929 1.14
v -0.5439999999999999 1.100000011920929 1.14
v -0.5439999999999999 1.100000011920929 1.1560000007599591
v -0.5345954357236623 1.100000011920929 1.152944271788001
v -0.5287830953076481 1.100000011920929 1.1449442718736826
v -0.5287830953076481 1.100000011920929 1.1350557281263172
v -0.5345954357236623 1.100000011920929 1.1270557282119988
v -0.5439999999999999 1.100000011920929 1.1239999992400407
v -0.5534045642763376 1.100000011920929 1.1270557282119988
v -0.5592169046923517 1.100000011920929 1.1350557281263172
v -0.5592169046923517 1.100000011920929 1.1449442718736826
v -0.5534045642763376 1.100000011920929 1.152944271788001
v -0.5439999999999999 1.100000011920929 1.1560000007599591
vt 0 1
vt 0.10000000149011612 1
vt 0.20000000298023224 1
vt 0.30000001192092896 1
vt 0.4000000059604645 1
vt 0.5 1
vt 0.6000000238418579 1
vt 0.699999988079071 1
vt 0.800000011920929 1
vt 0.8999999761581421 1
vt 1 1
vt 0 0
vt 0.10000000149011612 0
vt 0.20000000298023224 0
vt 0.30000001192092896 0
vt 0.4000000059604645 0
vt 0.5 0
vt 0.6000000238418579 0
vt 0.699999988079071 0
vt 0.800000011920929 0
vt 0.8999999761581421 0
vt 1 0
vt 0.5 0.5
vt 0.5 0.5
vt 0.5 0.5
vt 0.5 0.5
vt 0.5 0.5
vt 0.5 0.5
vt 0.5 0.5
vt 0.5 0.5
vt 0.5 0.5
vt 0.5 0.5
vt 1 0.5
vt 0.9045084714889526 0.7938926219940186
vt 0.6545084714889526 0.9755282402038574
vt 0.345491498708725 0.9755282402038574
vt 0.09549150615930557 0.7938926219940186
vt 0 0.5
vt 0.09549150615930557 0.20610737800598145
vt 0.345491498708725 0.024471741169691086
vt 0.6545084714889526 0.024471741169691086
vt 0.9045084714889526 0.20610737800598145
vt 1 0.5
vt 0.5 0.5
vt 0.5 0.5
vt 0.5 0.5
vt 0.5 0.5
vt 0.5 0.5
vt 0.5 0.5
vt 0.5 0.5
vt 0.5 0.5
vt 0.5 0.5
vt 0.5 0.5
vt 1 0.5
vt 0.9045084714889526 0.20610737800598145
vt 0.6545084714889526 0.024471741169691086
vt 0.345491498708725 0.024471741169691086
vt 0.09549150615930557 0.20610737800598145
vt 0 0.5
vt 0.09549150615930557 0.7938926219940186
vt 0.345491498708725 0.9755282402038574
vt 0.6545084714889526 0.9755282402038574
vt 0.9045084714889526 0.7938926219940186
vt 1 0.5
vn 0 0 1
vn 0.5877852429542022 0 0.8090170011595983
vn 0.9510565161477913 0 0.3090169948284817
vn 0.9510565161477913 0 -0.3090169948284817
vn 0.5877852429542022 0 -0.8090170011595983
vn 1.2246468525851679e-16 0 -1
vn -0.5877852429542022 0 -0.8090170011595983
vn -0.9510565161477913 0 -0.3090169948284817
vn -0.9510565161477913 0 0.3090169948284817
vn -0.5877852429542022 0 0.8090170011595983
vn -2.4492937051703357e-16 0 1
vn 0 0 1
vn 0.5877852429542022 0 0.8090170011595983
vn 0.9510565161477913 0 0.3090169948284817
vn 0.9510565161477913 0 -0.3090169948284817
vn 0.5877852429542022 0 -0.8090170011595983
vn 1.2246468525851679e-16 0 -1
vn -0.5877852429542022 0 -0.8090170011595983
vn -0.9510565161477913 0 -0.3090169948284817
vn -0.9510565161477913 0 0.3090169948284817
vn -0.5877852429542022 0 0.8090170011595983
vn -2.4492937051703357e-16 0 1
vn 0 1 0
vn 0 1 0
vn 0 1 0
vn 0 1 0
vn 0 1 0
vn 0 1 0
vn 0 1 0
vn 0 1 0
vn 0 1 0
vn 0 1 0
vn 0 1 0
vn 0 1 0
vn 0 1 0
vn 0 1 0
vn 0 1 0
vn 0 1 0
vn 0 1 0
vn 0 1 0
vn 0 1 0
vn 0 1 0
vn 0 1 0
vn 0 -1 0
vn 0 -1 0
vn 0 -1 0
vn 0 -1 0
vn 0 -1 0
vn 0 -1 0
vn 0 -1 0
vn 0 -1 0
vn 0 -1 0
vn 0 -1 0
vn 0 -1 0
vn 0 -1 0
vn 0 -1 0
vn 0 -1 0
vn 0 -1 0
vn 0 -1 0
vn 0 -1 0
vn 0 -1 0
vn 0 -1 0
vn 0 -1 0
vn 0 -1 0
f 489/489/489 500/500/500 490/490/490
f 500/500/500 501/501/501 490/490/490
f 490/490/490 501/501/501 491/491/491
f 501/501/501 502/502/502 491/491/491
f 491/491/491 502/502/502 492/492/492
f 502/502/502 503/503/503 492/492/492
f 492/492/492 503/503/503 493/493/493
f 503/503/503 504/504/504 493/493/493
f 493/493/493 504/504/504 494/494/494
f 504/504/504 505/505/505 494/494/494
f 494/494/494 505/505/505 495/495/495
f 505/505/505 506/506/506 495/495/495
f 495/495/495 506/506/506 496/496/496
f 506/506/506 507/507/507 496/496/496
f 496/496/496 507/507/507 497/497/497
f 507/507/507 508/508/508 497/497/497
f 497/497/497 508/508/508 498/498/498
f 508/508/508 509/509/509 498/498/498
f 498/498/498 509/509/509 499/499/499
f 509/509/509 510/510/510 499/499/499
f 521/521/521 522/522/522 511/511/511
f 522/522/522 523/523/523 512/512/512
f 523/523/523 524/524/524 513/513/513
f 524/524/524 525/525/525 514/514/514
f 525/525/525 526/526/526 515/515/515
f 526/526/526 527/527/527 516/516/516
f 527/527/527 528/528/528 517/517/517
f 528/528/528 529/529/529 518/518/518
f 529/529/529 530/530/530 519/519/519
f 530/530/530 531/531/531 520/520/520
f 543/543/543 542/542/542 532/532/532
f 544/544/544 543/543/543 533/533/533
f 545/545/545 544/544/544 534/534/534
f 546/546/546 545/545/545 535/535/535
f 547/547/547 546/546/546 536/536/536
f 548/548/548 547/547/547 537/537/537
f 549/549/549 548/548/548 538/538/538
f 550/550/550 549/549/549 539/539/539
f 551/551/551 550/550/550 540/540/540
f 552/552/552 551/551/551 541/541/541
o window_bar_4
usemtl metal
v -0.256 1.999999988079071 1.1560000007599591
v -0.24659543572366238 1.999999988079071 1.152944271788001
v -0.2407830953076482 1.999999988079071 1.1449442718736826
v -0.2407830953076482 1.999999988079071 1.1350557281263172
v -0.24659543572366238 1.999999988079071 1.1270557282119988
v -0.256 1.999999988079071 1.1239999992400407
v -0.26540456427633763 1.999999988079071 1.1270557282119988
v -0.2712169046923518 1.999999988079071 1.1350557281263172
v -0.2712169046923518 1.999999988079071 1.1449442718736826
v -0.26540456427633763 1.999999988079071 1.152944271788001
v -0.256 1.999999988079071 1.1560000007599591
v -0.256 1.100000011920929 1.1560000007599591
v -0.24659543572366238 1.100000011920929 1.152944271788001
v -0.2407830953076482 1.100000011920929 1.1449442718736826
v -0.2407830953076482 1.100000011920929 1.1350557281263172
v -0.24659543572366238 1.100000011920929 1.1270557282119988
v -0.256 1.100000011920929 1.1239999992400407
v -0.26540456427633763 1.100000011920929 1.1270557282119988
v -0.2712169046923518 1.100000011920929 1.1350557281263172
v -0.2712169046923518 1.100000011920929 1.1449442718736826
v -0.26540456427633763 1.100000011920929 1.152944271788001
v -0.256 1.100000011920929 1.1560000007599591
v -0.256 1.999999988079071 1.14
v -0.256 1.999999988079071 1.14
v -0.256 1.999999988079071 1.14
v -0.256 1.999999988079071 1.14
v -0.256 1.999999988079071 1.14
v -0.256 1.999999988079071 1.14
v -0.256 1.999999988079071 1.14
v -0.256 1.999999988079071 1.14
v -0.256 1.999999988079071 1.14
v -0.256 1.999999988079071 1.14
v -0.256 1.999999988079071 1.1560000007599591
v -0.24659543572366238 1.999999988079071 1.152944271788001
v -0.2407830953076482 1.999999988079071 1.1449442718736826
v -0.2407830953076482 1.999999988079071 1.1350557281263172
v -0.24659543572366238 1.999999988079071 1.1270557282119988
v -0.256 1.999999988079071 1.1239999992400407
v -0.26540456427633763 1.999999988079071 1.1270557282119988
v -0.2712169046923518 1.999999988079071 1.1350557281263172
v -0.2712169046923518 1.999999988079071 1.1449442718736826
v -0.26540456427633763 1.999999988079071 1.152944271788001
v -0.256 1.999999988079071 1.1560000007599591
v -0.256 1.100000011920929 1.14
v -0.256 1.100000011920929 1.14
v -0.256 1.100000011920929 1.14
v -0.256 1.100000011920929 1.14
v -0.256 1.100000011920929 1.14
v -0.256 1.100000011920929 1.14
v -0.256 1.100000011920929 1.14
v -0.256 1.100000011920929 1.14
v -0.256 1.100000011920929 1.14
v -0.256 1.100000011920929 1.14
v -0.256 1.100000011920929 1.1560000007599591
v -0.24659543572366238 1.100000011920929 1.152944271788001
v -0.2407830953076482 1.100000011920929 1.1449442718736826
v -0.2407830953076482 1.100000011920929 1.1350557281263172
v -0.24659543572366238 1.100000011920929 1.1270557282119988
v -0.256 1.100000011920929 1.1239999992400407
v -0.26540456427633763 1.100000011920929 1.1270557282119988
v -0.2712169046923518 1.100000011920929 1.1350557281263172
v -0.2712169046923518 1.100000011920929 1.1449442718736826
v -0.26540456427633763 1.100000011920929 1.152944271788001
v -0.256 1.100000011920929 1.1560000007599591
vt 0 1
vt 0.10000000149011612 1
vt 0.20000000298023224 1
vt 0.30000001192092896 1
vt 0.4000000059604645 1
vt 0.5 1
vt 0.6000000238418579 1
vt 0.699999988079071 1
vt 0.800000011920929 1
vt 0.8999999761581421 1
vt 1 1
vt 0 0
vt 0.10000000149011612 0
vt 0.20000000298023224 0
vt 0.30000001192092896 0
vt 0.4000000059604645 0
vt 0.5 0
vt 0.6000000238418579 0
vt 0.699999988079071 0
vt 0.800000011920929 0
vt 0.8999999761581421 0
vt 1 0
vt 0.5 0.5
vt 0.5 0.5
vt 0.5 0.5
vt 0.5 0.5
vt 0.5 0.5
vt 0.5 0.5
vt 0.5 0.5
vt 0.5 0.5
vt 0.5 0.5
vt 0.5 0.5
vt 1 0.5
vt 0.9045084714889526 0.7938926219940186
vt 0.6545084714889526 0.9755282402038574
vt 0.345491498708725 0.9755282402038574
vt 0.09549150615930557 0.7938926219940186
vt 0 0.5
vt 0.09549150615930557 0.20610737800598145
vt 0.345491498708725 0.024471741169691086
vt 0.6545084714889526 0.024471741169691086
vt 0.9045084714889526 0.20610737800598145
vt 1 0.5
vt 0.5 0.5
vt 0.5 0.5
vt 0.5 0.5
vt 0.5 0.5
vt 0.5 0.5
vt 0.5 0.5
vt 0.5 0.5
vt 0.5 0.5
vt 0.5 0.5
vt 0.5 0.5
vt 1 0.5
vt 0.9045084714889526 0.20610737800598145
vt 0.6545084714889526 0.024471741169691086
vt 0.345491498708725 0.024471741169691086
vt 0.09549150615930557 0.20610737800598145
vt 0 0.5
vt 0.09549150615930557 0.7938926219940186
vt 0.345491498708725 0.9755282402038574
vt 0.6545084714889526 0.9755282402038574
vt 0.9045084714889526 0.7938926219940186
vt 1 0.5
vn 0 0 1
vn 0.5877852429542022 0 0.8090170011595983
vn 0.9510565161477913 0 0.3090169948284817
vn 0.9510565161477913 0 -0.3090169948284817
vn 0.5877852429542022 0 -0.8090170011595983
vn 1.2246468525851679e-16 0 -1
vn -0.5877852429542022 0 -0.8090170011595983
vn -0.9510565161477913 0 -0.3090169948284817
vn -0.9510565161477913 0 0.3090169948284817
vn -0.5877852429542022 0 0.8090170011595983
vn -2.4492937051703357e-16 0 1
vn 0 0 1
vn 0.5877852429542022 0 0.8090170011595983
vn 0.9510565161477913 0 0.3090169948284817
vn 0.9510565161477913 0 -0.3090169948284817
vn 0.5877852429542022 0 -0.8090170011595983
vn 1.2246468525851679e-16 0 -1
vn -0.5877852429542022 0 -0.8090170011595983
vn -0.9510565161477913 0 -0.3090169948284817
vn -0.9510565161477913 0 0.3090169948284817
vn -0.5877852429542022 0 0.8090170011595983
vn -2.4492937051703357e-16 0 1
vn 0 1 0
vn 0 1 0
vn 0 1 0
vn 0 1 0
vn 0 1 0
vn 0 1 0
vn 0 1 0
vn 0 1 0
vn 0 1 0
vn 0 1 0
vn 0 1 0
vn 0 1 0
vn 0 1 0
vn 0 1 0
vn 0 1 0
vn 0 1 0
vn 0 1 0
vn 0 1 0
vn 0 1 0
vn 0 1 0
vn 0 1 0
vn 0 -1 0
vn 0 -1 0
vn 0 -1 0
vn 0 -1 0
vn 0 -1 0
vn 0 -1 0
vn 0 -1 0
vn 0 -1 0
vn 0 -1 0
vn 0 -1 0
vn 0 -1 0
vn 0 -1 0
vn 0 -1 0
vn 0 -1 0
vn 0 -1 0
vn 0 -1 0
vn 0 -1 0
vn 0 -1 0
vn 0 -1 0
vn 0 -1 0
vn 0 -1 0
f 553/553/553 564/564/564 554/554/554
f 564/564/564 565/565/565 554/554/554
f 554/554/554 565/565/565 555/555/555
f 565/565/565 566/566/566 555/555/555
f 555/555/555 566/566/566 556/556/556
f 566/566/566 567/567/567 556/556/556
f 556/556/556 567/567/567 557/557/557
f 567/567/567 568/568/568 557/557/557
f 557/557/557 568/568/568 558/558/558
f 568/568/568 569/569/569 558/558/558
f 558/558/558 569/569/569 559/559/559
f 569/569/569 570/570/570 559/559/559
f 559/559/559 570/570/570 560/560/560
f 570/570/570 571/571/571 560/560/560
f 560/560/560 571/571/571 561/561/561
f 571/571/571 572/572/572 561/561/561
f 561/561/561 572/572/572 562/562/562
f 572/572/572 573/573/573 562/562/562
f 562/562/562 573/573/573 563/563/563
f 573/573/573 574/574/574 563/563/563
f 585/585/585 586/586/586 575/575/575
f 586/586/586 587/587/587 576/576/576
f 587/587/587 588/588/588 577/577/577
f 588/588/588 589/589/589 578/578/578
f 589/589/589 590/590/590 579/579/579
f 590/590/590 591/591/591 580/580/580
f 591/591/591 592/592/592 581/581/581
f 592/592/592 593/593/593 582/582/582
f 593/593/593 594/594/594 583/583/583
f 594/594/594 595/595/595 584/584/584
f 607/607/607 606/606/606 596/596/596
f 608/608/608 607/607/607 597/597/597
f 609/609/609 608/608/608 598/598/598
f 610/610/610 609/609/609 599/599/599
f 611/611/611 610/610/610 600/600/600
f 612/612/612 611/611/611 601/601/601
f 613/613/613 612/612/612 602/602/602
f 614/614/614 613/613/613 603/603/603
f 615/615/615 614/614/614 604/604/604
f 616/616/616 615/615/615 605/605/605
o window_bar_5
usemtl metal
v 0.03200000000000003 1.999999988079071 1.1560000007599591
v 0.04140456427633765 1.999999988079071 1.152944271788001
v 0.047216904692351847 1.999999988079071 1.1449442718736826
v 0.047216904692351847 1.999999988079071 1.1350557281263172
v 0.04140456427633765 1.999999988079071 1.1270557282119988
v 0.03200000000000003 1.999999988079071 1.1239999992400407
v 0.022595435723662405 1.999999988079071 1.1270557282119988
v 0.01678309530764821 1.999999988079071 1.1350557281263172
v 0.01678309530764821 1.999999988079071 1.1449442718736826
v 0.022595435723662405 1.999999988079071 1.152944271788001
v 0.03200000000000002 1.999999988079071 1.1560000007599591
v 0.03200000000000003 1.100000011920929 1.1560000007599591
v 0.04140456427633765 1.100000011920929 1.152944271788001
v 0.047216904692351847 1.100000011920929 1.1449442718736826
v 0.047216904692351847 1.100000011920929 1.1350557281263172
v 0.04140456427633765 1.100000011920929 1.1270557282119988
v 0.03200000000000003 1.100000011920929 1.1239999992400407
v 0.022595435723662405 1.100000011920929 1.1270557282119988
v 0.01678309530764821 1.100000011920929 1.1350557281263172
v 0.01678309530764821 1.100000011920929 1.1449442718736826
v 0.022595435723662405 1.100000011920929 1.152944271788001
v 0.03200000000000002 1.100000011920929 1.1560000007599591
v 0.03200000000000003 1.999999988079071 1.14
v 0.03200000000000003 1.999999988079071 1.14
v 0.03200000000000003 1.999999988079071 1.14
v 0.03200000000000003 1.999999988079071 1.14
v 0.03200000000000003 1.999999988079071 1.14
v 0.03200000000000003 1.999999988079071 1.14
v 0.03200000000000003 1.999999988079071 1.14
v 0.03200000000000003 1.999999988079071 1.14
v 0.03200000000000003 1.999999988079071 1.14
v 0.03200000000000003 1.999999988079071 1.14
v 0.03200000000000003 1.999999988079071 1.1560000007599591
v 0.04140456427633765 1.999999988079071 1.152944271788001
v 0.047216904692351847 1.999999988079071 1.1449442718736826
v 0.047216904692351847 1.999999988079071 1.1350557281263172
v 0.04140456427633765 1.999999988079071 1.1270557282119988
v 0.03200000000000003 1.999999988079071 1.1239999992400407
v 0.022595435723662405 1.999999988079071 1.1270557282119988
v 0.01678309530764821 1.999999988079071 1.1350557281263172
v 0.01678309530764821 1.999999988079071 1.1449442718736826
v 0.022595435723662405 1.999999988079071 1.152944271788001
v 0.03200000000000002 1.999999988079071 1.1560000007599591
v 0.03200000000000003 1.100000011920929 1.14
v 0.03200000000000003 1.100000011920929 1.14
v 0.03200000000000003 1.100000011920929 1.14
v 0.03200000000000003 1.100000011920929 1.14
v 0.03200000000000003 1.100000011920929 1.14
v 0.03200000000000003 1.100000011920929 1.14
v 0.03200000000000003 1.100000011920929 1.14
v 0.03200000000000003 1.100000011920929 1.14
v 0.03200000000000003 1.100000011920929 1.14
v 0.03200000000000003 1.100000011920929 1.14
v 0.03200000000000003 1.100000011920929 1.1560000007599591
v 0.04140456427633765 1.100000011920929 1.152944271788001
v 0.047216904692351847 1.100000011920929 1.1449442718736826
v 0.047216904692351847 1.100000011920929 1.1350557281263172
v 0.04140456427633765 1.100000011920929 1.1270557282119988
v 0.03200000000000003 1.100000011920929 1.1239999992400407
v 0.022595435723662405 1.100000011920929 1.1270557282119988
v 0.01678309530764821 1.100000011920929 1.1350557281263172
v 0.01678309530764821 1.100000011920929 1.1449442718736826
v 0.022595435723662405 1.100000011920929 1.152944271788001
v 0.03200000000000002 1.100000011920929 1.1560000007599591
vt 0 1
vt 0.10000000149011612 1
vt 0.20000000298023224 1
vt 0.30000001192092896 1
vt 0.4000000059604645 1
vt 0.5 1
vt 0.6000000238418579 1
vt 0.699999988079071 1
vt 0.800000011920929 1
vt 0.8999999761581421 1
vt 1 1
vt 0 0
vt 0.10000000149011612 0
vt 0.20000000298023224 0
vt 0.30000001192092896 0
vt 0.4000000059604645 0
vt 0.5 0
vt 0.6000000238418579 0
vt 0.699999988079071 0
vt 0.800000011920929 0
vt 0.8999999761581421 0
vt 1 0
vt 0.5 0.5
vt 0.5 0.5
vt 0.5 0.5
vt 0.5 0.5
vt 0.5 0.5
vt 0.5 0.5
vt 0.5 0.5
vt 0.5 0.5
vt 0.5 0.5
vt 0.5 0.5
vt 1 0.5
vt 0.9045084714889526 0.7938926219940186
vt 0.6545084714889526 0.9755282402038574
vt 0.345491498708725 0.9755282402038574
vt 0.09549150615930557 0.7938926219940186
vt 0 0.5
vt 0.09549150615930557 0.20610737800598145
vt 0.345491498708725 0.024471741169691086
vt 0.6545084714889526 0.024471741169691086
vt 0.9045084714889526 0.20610737800598145
vt 1 0.5
vt 0.5 0.5
vt 0.5 0.5
vt 0.5 0.5
vt 0.5 0.5
vt 0.5 0.5
vt 0.5 0.5
vt 0.5 0.5
vt 0.5 0.5
vt 0.5 0.5
vt 0.5 0.5
vt 1 0.5
vt 0.9045084714889526 0.20610737800598145
vt 0.6545084714889526 0.024471741169691086
vt 0.345491498708725 0.024471741169691086
vt 0.09549150615930557 0.20610737800598145
vt 0 0.5
vt 0.09549150615930557 0.7938926219940186
vt 0.345491498708725 0.9755282402038574
vt 0.6545084714889526 0.9755282402038574
vt 0.9045084714889526 0.7938926219940186
vt 1 0.5
vn 0 0 1
vn 0.5877852429542022 0 0.8090170011595983
vn 0.9510565161477913 0 0.3090169948284817
vn 0.9510565161477913 0 -0.3090169948284817
vn 0.5877852429542022 0 -0.8090170011595983
vn 1.2246468525851679e-16 0 -1
vn -0.5877852429542022 0 -0.8090170011595983
vn -0.9510565161477913 0 -0.3090169948284817
vn -0.9510565161477913 0 0.3090169948284817
vn -0.5877852429542022 0 0.8090170011595983
vn -2.4492937051703357e-16 0 1
vn 0 0 1
vn 0.5877852429542022 0 0.8090170011595983
vn 0.9510565161477913 0 0.3090169948284817
vn 0.9510565161477913 0 -0.3090169948284817
vn 0.5877852429542022 0 -0.8090170011595983
vn 1.2246468525851679e-16 0 -1
vn -0.5877852429542022 0 -0.8090170011595983
vn -0.9510565161477913 0 -0.3090169948284817
vn -0.9510565161477913 0 0.3090169948284817
vn -0.5877852429542022 0 0.8090170011595983
vn -2.4492937051703357e-16 0 1
vn 0 1 0
vn 0 1 0
vn 0 1 0
vn 0 1 0
vn 0 1 0
vn 0 1 0
vn 0 1 0
vn 0 1 0
vn 0 1 0
vn 0 1 0
vn 0 1 0
vn 0 1 0
vn 0 1 0
vn 0 1 0
vn 0 1 0
vn 0 1 0
vn 0 1 0
vn 0 1 0
vn 0 1 0
vn 0 1 0
vn 0 1 0
vn 0 -1 0
vn 0 -1 0
vn 0 -1 0
vn 0 -1 0
vn 0 -1 0
vn 0 -1 0
vn 0 -1 0
vn 0 -1 0
vn 0 -1 0
vn 0 -1 0
vn 0 -1 0
vn 0 -1 0
vn 0 -1 0
vn 0 -1 0
vn 0 -1 0
vn 0 -1 0
vn 0 -1 0
vn 0 -1 0
vn 0 -1 0
vn 0 -1 0
vn 0 -1 0
f 617/617/617 628/628/628 618/618/618
f 628/628/628 629/629/629 618/618/618
f 618/618/618 629/629/629 619/619/619
f 629/629/629 630/630/630 619/619/619
f 619/619/619 630/630/630 620/620/620
f 630/630/630 631/631/631 620/620/620
f 620/620/620 631/631/631 621/621/621
f 631/631/631 632/632/632 621/621/621
f 621/621/621 632/632/632 622/622/622
f 632/632/632 633/633/633 622/622/622
f 622/622/622 633/633/633 623/623/623
f 633/633/633 634/634/634 623/623/623
f 623/623/623 634/634/634 624/624/624
f 634/634/634 635/635/635 624/624/624
f 624/624/624 635/635/635 625/625/625
f 635/635/635 636/636/636 625/625/625
f 625/625/625 636/636/636 626/626/626
f 636/636/636 637/637/637 626/626/626
f 626/626/626 637/637/637 627/627/627
f 637/637/637 638/638/638 627/627/627
f 649/649/649 650/650/650 639/639/639
f 650/650/650 651/651/651 640/640/640
f 651/651/651 652/652/652 641/641/641
f 652/652/652 653/653/653 642/642/642
f 653/653/653 654/654/654 643/643/643
f 654/654/654 655/655/655 644/644/644
f 655/655/655 656/656/656 645/645/645
f 656/656/656 657/657/657 646/646/646
f 657/657/657 658/658/658 647/647/647
f 658/658/658 659/659/659 648/648/648
f 671/671/671 670/670/670 660/660/660
f 672/672/672 671/671/671 661/661/661
f 673/673/673 672/672/672 662/662/662
f 674/674/674 673/673/673 663/663/663
f 675/675/675 674/674/674 664/664/664
f 676/676/676 675/675/675 665/665/665
f 677/677/677 676/676/676 666/666/666
f 678/678/678 677/677/677 667/667/667
f 679/679/679 678/678/678 668/668/668
f 680/680/680 679/679/679 669/669/669
o window_bar_6
usemtl metal
v 0.32000000000000006 1.999999988079071 1.1560000007599591
v 0.3294045642763377 1.999999988079071 1.152944271788001
v 0.3352169046923519 1.999999988079071 1.1449442718736826
v 0.3352169046923519 1.999999988079071 1.1350557281263172
v 0.3294045642763377 1.999999988079071 1.1270557282119988
v 0.32000000000000006 1.999999988079071 1.1239999992400407
v 0.31059543572366244 1.999999988079071 1.1270557282119988
v 0.30478309530764824 1.999999988079071 1.1350557281263172
v 0.30478309530764824 1.999999988079071 1.1449442718736826
v 0.31059543572366244 1.999999988079071 1.152944271788001
v 0.32000000000000006 1.999999988079071 1.1560000007599591
v 0.32000000000000006 1.100000011920929 1.1560000007599591
v 0.3294045642763377 1.100000011920929 1.152944271788001
v 0.3352169046923519 1.100000011920929 1.1449442718736826
v 0.3352169046923519 1.100000011920929 1.1350557281263172
v 0.3294045642763377 1.100000011920929 1.1270557282119988
v 0.32000000000000006 1.100000011920929 1.1239999992400407
v 0.31059543572366244 1.100000011920929 1.1270557282119988
v 0.30478309530764824 1.100000011920929 1.1350557281263172
v 0.30478309530764824 1.100000011920929 1.1449442718736826
v 0.31059543572366244 1.100000011920929 1.152944271788001
v 0.32000000000000006 1.100000011920929 1.1560000007599591
v 0.32000000000000006 1.999999988079071 1.14
v 0.32000000000000006 1.999999988079071 1.14
v 0.32000000000000006 1.999999988079071 1.14
v 0.32000000000000006 1.999999988079071 1.14
v 0.32000000000000006 1.999999988079071 1.14
v 0.32000000000000006 1.999999988079071 1.14
v 0.32000000000000006 1.999999988079071 1.14
v 0.32000000000000006 1.999999988079071 1.14
v 0.32000000000000006 1.999999988079071 1.14
v 0.32000000000000006 1.999999988079071 1.14
v 0.32000000000000006 1.999999988079071 1.1560000007599591
v 0.3294045642763377 1.999999988079071 1.152944271788001
v 0.3352169046923519 1.999999988079071 1.1449442718736826
v 0.3352169046923519 1.999999988079071 1.1350557281263172
v 0.3294045642763377 1.999999988079071 1.1270557282119988
v 0.32000000000000006 1.999999988079071 1.1239999992400407
v 0.31059543572366244 1.999999988079071 1.1270557282119988
v 0.30478309530764824 1.999999988079071 1.1350557281263172
v 0.30478309530764824 1.999999988079071 1.1449442718736826
v 0.31059543572366244 1.999999988079071 1.152944271788001
v 0.32000000000000006 1.999999988079071 1.1560000007599591
v 0.32000000000000006 1.100000011920929 1.14
v 0.32000000000000006 1.100000011920929 1.14
v 0.32000000000000006 1.100000011920929 1.14
v 0.32000000000000006 1.100000011920929 1.14
v 0.32000000000000006 1.100000011920929 1.14
v 0.32000000000000006 1.100000011920929 1.14
v 0.32000000000000006 1.100000011920929 1.14
v 0.32000000000000006 1.100000011920929 1.14
v 0.32000000000000006 1.100000011920929 1.14
v 0.32000000000000006 1.100000011920929 1.14
v 0.32000000000000006 1.100000011920929 1.1560000007599591
v 0.3294045642763377 1.100000011920929 1.152944271788001
v 0.3352169046923519 1.100000011920929 1.1449442718736826
v 0.3352169046923519 1.100000011920929 1.1350557281263172
v 0.3294045642763377 1.100000011920929 1.1270557282119988
v 0.32000000000000006 1.100000011920929 1.1239999992400407
v 0.31059543572366244 1.100000011920929 1.1270557282119988
v 0.30478309530764824 1.100000011920929 1.1350557281263172
v 0.30478309530764824 1.100000011920929 1.1449442718736826
v 0.31059543572366244 1.100000011920929 1.152944271788001
v 0.32000000000000006 1.100000011920929 1.1560000007599591
vt 0 1
vt 0.10000000149011612 1
vt 0.20000000298023224 1
vt 0.30000001192092896 1
vt 0.4000000059604645 1
vt 0.5 1
vt 0.6000000238418579 1
vt 0.699999988079071 1
vt 0.800000011920929 1
vt 0.8999999761581421 1
vt 1 1
vt 0 0
vt 0.10000000149011612 0
vt 0.20000000298023224 0
vt 0.30000001192092896 0
vt 0.4000000059604645 0
vt 0.5 0
vt 0.6000000238418579 0
vt 0.699999988079071 0
vt 0.800000011920929 0
vt 0.8999999761581421 0
vt 1 0
vt 0.5 0.5
vt 0.5 0.5
vt 0.5 0.5
vt 0.5 0.5
vt 0.5 0.5
vt 0.5 0.5
vt 0.5 0.5
vt 0.5 0.5
vt 0.5 0.5
vt 0.5 0.5
vt 1 0.5
vt 0.9045084714889526 0.7938926219940186
vt 0.6545084714889526 0.9755282402038574
vt 0.345491498708725 0.9755282402038574
vt 0.09549150615930557 0.7938926219940186
vt 0 0.5
vt 0.09549150615930557 0.20610737800598145
vt 0.345491498708725 0.024471741169691086
vt 0.6545084714889526 0.024471741169691086
vt 0.9045084714889526 0.20610737800598145
vt 1 0.5
vt 0.5 0.5
vt 0.5 0.5
vt 0.5 0.5
vt 0.5 0.5
vt 0.5 0.5
vt 0.5 0.5
vt 0.5 0.5
vt 0.5 0.5
vt 0.5 0.5
vt 0.5 0.5
vt 1 0.5
vt 0.9045084714889526 0.20610737800598145
vt 0.6545084714889526 0.024471741169691086
vt 0.345491498708725 0.024471741169691086
vt 0.09549150615930557 0.20610737800598145
vt 0 0.5
vt 0.09549150615930557 0.7938926219940186
vt 0.345491498708725 0.9755282402038574
vt 0.6545084714889526 0.9755282402038574
vt 0.9045084714889526 0.7938926219940186
vt 1 0.5
vn 0 0 1
vn 0.5877852429542022 0 0.8090170011595983
vn 0.9510565161477913 0 0.3090169948284817
vn 0.9510565161477913 0 -0.3090169948284817
vn 0.5877852429542022 0 -0.8090170011595983
vn 1.2246468525851679e-16 0 -1
vn -0.5877852429542022 0 -0.8090170011595983
vn -0.9510565161477913 0 -0.3090169948284817
vn -0.9510565161477913 0 0.3090169948284817
vn -0.5877852429542022 0 0.8090170011595983
vn -2.4492937051703357e-16 0 1
vn 0 0 1
vn 0.5877852429542022 0 0.8090170011595983
vn 0.9510565161477913 0 0.3090169948284817
vn 0.9510565161477913 0 -0.3090169948284817
vn 0.5877852429542022 0 -0.8090170011595983
vn 1.2246468525851679e-16 0 -1
vn -0.5877852429542022 0 -0.8090170011595983
vn -0.9510565161477913 0 -0.3090169948284817
vn -0.9510565161477913 0 0.3090169948284817
vn -0.5877852429542022 0 0.8090170011595983
vn -2.4492937051703357e-16 0 1
vn 0 1 0
vn 0 1 0
vn 0 1 0
vn 0 1 0
vn 0 1 0
vn 0 1 0
vn 0 1 0
vn 0 1 0
vn 0 1 0
vn 0 1 0
vn 0 1 0
vn 0 1 0
vn 0 1 0
vn 0 1 0
vn 0 1 0
vn 0 1 0
vn 0 1 0
vn 0 1 0
vn 0 1 0
vn 0 1 0
vn 0 1 0
vn 0 -1 0
vn 0 -1 0
vn 0 -1 0
vn 0 -1 0
vn 0 -1 0
vn 0 -1 0
vn 0 -1 0
vn 0 -1 0
vn 0 -1 0
vn 0 -1 0
vn 0 -1 0
vn 0 -1 0
vn 0 -1 0
vn 0 -1 0
vn 0 -1 0
vn 0 -1 0
vn 0 -1 0
vn 0 -1 0
vn 0 -1 0
vn 0 -1 0
vn 0 -1 0
f 681/681/681 692/692/692 682/682/682
f 692/692/692 693/693/693 682/682/682
f 682/682/682 693/693/693 683/683/683
f 693/693/693 694/694/694 683/683/683
f 683/683/683 694/694/694 684/684/684
f 694/694/694 695/695/695 684/684/684
f 684/684/684 695/695/695 685/685/685
f 695/695/695 696/696/696 685/685/685
f 685/685/685 696/696/696 686/686/686
f 696/696/696 697/697/697 686/686/686
f 686/686/686 697/697/697 687/687/687
f 697/697/697 698/698/698 687/687/687
f 687/687/687 698/698/698 688/688/688
f 698/698/698 699/699/699 688/688/688
f 688/688/688 699/699/699 689/689/689
f 699/699/699 700/700/700 689/689/689
f 689/689/689 700/700/700 690/690/690
f 700/700/700 701/701/701 690/690/690
f 690/690/690 701/701/701 691/691/691
f 701/701/701 702/702/702 691/691/691
f 713/713/713 714/714/714 703/703/703
f 714/714/714 715/715/715 704/704/704
f 715/715/715 716/716/716 705/705/705
f 716/716/716 717/717/717 706/706/706
f 717/717/717 718/718/718 707/707/707
f 718/718/718 719/719/719 708/708/708
f 719/719/719 720/720/720 709/709/709
f 720/720/720 721/721/721 710/710/710
f 721/721/721 722/722/722 711/711/711
f 722/722/722 723/723/723 712/712/712
f 735/735/735 734/734/734 724/724/724
f 736/736/736 735/735/735 725/725/725
f 737/737/737 736/736/736 726/726/726
f 738/738/738 737/737/737 727/727/727
f 739/739/739 738/738/738 728/728/728
f 740/740/740 739/739/739 729/729/729
f 741/741/741 740/740/740 730/730/730
f 742/742/742 741/741/741 731/731/731
f 743/743/743 742/742/742 732/732/732
f 744/744/744 743/743/743 733/733/733
o roof_slab
usemtl concrete
v 2.1500000953674316 2.9000000007450577 1.3250000476837158
v 2.1500000953674316 2.9000000007450577 -1.3250000476837158
v 2.1500000953674316 2.7999999992549416 1.3250000476837158
v 2.1500000953674316 2.7999999992549416 -1.3250000476837158
v -2.1500000953674316 2.9000000007450577 -1.3250000476837158
v -2.1500000953674316 2.9000000007450577 1.3250000476837158
v -2.1500000953674316 2.7999999992549416 -1.3250000476837158
v -2.1500000953674316 2.7999999992549416 1.3250000476837158
v -2.1500000953674316 2.9000000007450577 -1.3250000476837158
v 2.1500000953674316 2.9000000007450577 -1.3250000476837158
v -2.1500000953674316 2.9000000007450577 1.3250000476837158
v 2.1500000953674316 2.9000000007450577 1.3250000476837158
v -2.1500000953674316 2.7999999992549416 1.3250000476837158
v 2.1500000953674316 2.7999999992549416 1.3250000476837158
v -2.1500000953674316 2.7999999992549416 -1.3250000476837158
v 2.1500000953674316 2.7999999992549416 -1.3250000476837158
v -2.1500000953674316 2.9000000007450577 1.3250000476837158
v 2.1500000953674316 2.9000000007450577 1.3250000476837158
v -2.1500000953674316 2.7999999992549416 1.3250000476837158
v 2.1500000953674316 2.7999999992549416 1.3250000476837158
v 2.1500000953674316 2.9000000007450577 -1.3250000476837158
v -2.1500000953674316 2.9000000007450577 -1.3250000476837158
v 2.1500000953674316 2.7999999992549416 -1.3250000476837158
v -2.1500000953674316 2.7999999992549416 -1.3250000476837158
vt 0 1
vt 1 1
vt 0 0
vt 1 0
vt 0 1
vt 1 1
vt 0 0
vt 1 0
vt 0 1
vt 1 1
vt 0 0
vt 1 0
vt 0 1
vt 1 1
vt 0 0
vt 1 0
vt 0 1
vt 1 1
vt 0 0
vt 1 0
vt 0 1
vt 1 1
vt 0 0
vt 1 0
vn 1 0 0
vn 1 0 0
vn 1 0 0
vn 1 0 0
vn -1 0 0
vn -1 0 0
vn -1 0 0
vn -1 0 0
vn 0 1 0
vn 0 1 0
vn 0 1 0
vn 0 1 0
vn 0 -1 0
vn 0 -1 0
vn 0 -1 0
vn 0 -1 0
vn 0 0 1
vn 0 0 1
vn 0 0 1
vn 0 0 1
vn 0 0 -1
vn 0 0 -1
vn 0 0 -1
vn 0 0 -1
f 745/745/745 747/747/747 746/746/746
f 747/747/747 748/748/748 746/746/746
f 749/749/749 751/751/751 750/750/750
f 751/751/751 752/752/752 750/750/750
f 753/753/753 755/755/755 754/754/754
f 755/755/755 756/756/756 754/754/754
f 757/757/757 759/759/759 758/758/758
f 759/759/759 760/760/760 758/758/758
f 761/761/761 763/763/763 762/762/762
f 763/763/763 764/764/764 762/762/762
f 765/765/765 767/767/767 766/766/766
f 767/767/767 768/768/768 766/766/766
o roof_rib_1
usemtl metal
v -2.019230769230769 2.874999998211861 1.350000023841858
v -1.9874109637278776 2.888180194497109 1.350000023841858
v -1.9742307674426298 2.9200000000000004 1.350000023841858
v -1.9874109637278776 2.951819805502892 1.350000023841858
v -2.019230769230769 2.9650000017881397 1.350000023841858
v -2.0510505747336607 2.951819805502892 1.350000023841858
v -2.0642307710189085 2.9200000000000004 1.350000023841858
v -2.0510505747336607 2.888180194497109 1.350000023841858
v -2.019230769230769 2.874999998211861 1.350000023841858
v -2.019230769230769 2.87499999821186 -1.350000023841858
v -1.9874109637278776 2.888180194497108 -1.350000023841858
v -1.9742307674426298 2.9199999999999995 -1.350000023841858
v -1.9874109637278776 2.951819805502891 -1.350000023841858
v -2.019230769230769 2.965000001788139 -1.350000023841858
v -2.0510505747336607 2.951819805502891 -1.350000023841858
v -2.0642307710189085 2.9199999999999995 -1.350000023841858
v -2.0510505747336607 2.888180194497108 -1.350000023841858
v -2.019230769230769 2.87499999821186 -1.350000023841858
v -2.019230769230769 2.9200000000000004 1.350000023841858
v -2.019230769230769 2.9200000000000004 1.350000023841858
v -2.019230769230769 2.9200000000000004 1.350000023841858
v -2.019230769230769 2.9200000000000004 1.350000023841858
v -2.019230769230769 2.9200000000000004 1.350000023841858
v -2.019230769230769 2.9200000000000004 1.350000023841858
v -2.019230769230769 2.9200000000000004 1.350000023841858
v -2.019230769230769 2.9200000000000004 1.350000023841858
v -2.019230769230769 2.874999998211861 1.350000023841858
v -1.9874109637278776 2.888180194497109 1.350000023841858
v -1.9742307674426298 2.9200000000000004 1.350000023841858
v -1.9874109637278776 2.951819805502892 1.350000023841858
v -2.019230769230769 2.9650000017881397 1.350000023841858
v -2.0510505747336607 2.951819805502892 1.350000023841858
v -2.0642307710189085 2.9200000000000004 1.350000023841858
v -2.0510505747336607 2.888180194497109 1.350000023841858
v -2.019230769230769 2.874999998211861 1.350000023841858
v -2.019230769230769 2.9199999999999995 -1.350000023841858
v -2.019230769230769 2.9199999999999995 -1.350000023841858
v -2.019230769230769 2.9199999999999995 -1.350000023841858
v -2.019230769230769 2.9199999999999995 -1.350000023841858
v -2.019230769230769 2.9199999999999995 -1.350000023841858
v -2.019230769230769 2.9199999999999995 -1.350000023841858
v -2.019230769230769 2.9199999999999995 -1.350000023841858
v -2.019230769230769 2.9199999999999995 -1.350000023841858
v -2.019230769230769 2.87499999821186 -1.350000023841858
v -1.9874109637278776 2.888180194497108 -1.350000023841858
v -1.9742307674426298 2.9199999999999995 -1.350000023841858
v -1.9874109637278776 2.951819805502891 -1.350000023841858
v -2.019230769230769 2.965000001788139 -1.350000023841858
v -2.0510505747336607 2.951819805502891 -1.350000023841858
v -2.0642307710189085 2.9199999999999995 -1.350000023841858
v -2.0510505747336607 2.888180194497108 -1.350000023841858
v -2.019230769230769 2.87499999821186 -1.350000023841858
vt 0 1
vt 0.125 1
vt 0.25 1
vt 0.375 1
vt 0.5 1
vt 0.625 1
vt 0.75 1
vt 0.875 1
vt 1 1
vt 0 0
vt 0.125 0
vt 0.25 0
vt 0.375 0
vt 0.5 0
vt 0.625 0
vt 0.75 0
vt 0.875 0
vt 1 0
vt 0.5 0.5
vt 0.5 0.5
vt 0.5 0.5
vt 0.5 0.5
vt 0.5 0.5
vt 0.5 0.5
vt 0.5 0.5
vt 0.5 0.5
vt 1 0.5
vt 0.8535534143447876 0.8535534143447876
vt 0.5 1
vt 0.1464466154575348 0.8535534143447876
vt 0 0.5
vt 0.1464466154575348 0.1464466154575348
vt 0.5 0
vt 0.8535534143447876 0.1464466154575348
vt 1 0.5
vt 0.5 0.5
vt 0.5 0.5
vt 0.5 0.5
vt 0.5 0.5
vt 0.5 0.5
vt 0.5 0.5
vt 0.5 0.5
vt 0.5 0.5
vt 1 0.5
vt 0.8535534143447876 0.1464466154575348
vt 0.5 0
vt 0.1464466154575348 0.1464466154575348
vt 0 0.5
vt 0.1464466154575348 0.8535534143447876
vt 0.5 1
vt 0.8535534143447876 0.8535534143447876
vt 1 0.5
vn 0 -1 2.220446049250313e-16
vn 0.7071067811865476 -0.7071067811865476 1.5700924586837752e-16
vn 1 -6.123234262925839e-17 1.3596311327747833e-32
vn 0.7071067811865476 0.7071067811865476 -1.5700924586837752e-16
vn 1.2246468525851679e-16 1 -2.220446049250313e-16
vn -0.7071067811865476 0.7071067811865476 -1.5700924586837752e-16
vn -1 1.8369701465288538e-16 -4.078893104450762e-32
vn -0.7071067811865476 -0.7071067811865476 1.5700924586837752e-16
vn -2.4492937051703357e-16 -1 2.220446049250313e-16
vn 0 -1 2.220446049250313e-16
vn 0.7071067811865476 -0.7071067811865476 1.5700924586837752e-16
vn 1 -6.123234262925839e-17 1.3596311327747833e-32
vn 0.7071067811865476 0.7071067811865476 -1.5700924586837752e-16
vn 1.2246468525851679e-16 1 -2.220446049250313e-16
vn -0.7071067811865476 0.7071067811865476 -1.5700924586837752e-16
vn -1 1.8369701465288538e-16 -4.078893104450762e-32
vn -0.7071067811865476 -0.7071067811865476 1.5700924586837752e-16
vn -2.4492937051703357e-16 -1 2.220446049250313e-16
vn 0 2.220446049250313e-16 1
vn 0 2.220446049250313e-16 1
vn 0 2.220446049250313e-16 1
vn 0 2.220446049250313e-16 1
vn 0 2.220446049250313e-16 1
vn 0 2.220446049250313e-16 1
vn 0 2.220446049250313e-16 1
vn 0 2.220446049250313e-16 1
vn 0 2.220446049250313e-16 1
vn 0 2.220446049250313e-16 1
vn 0 2.220446049250313e-16 1
vn 0 2.220446049250313e-16 1
vn 0 2.220446049250313e-16 1
vn 0 2.220446049250313e-16 1
vn 0 2.220446049250313e-16 1
vn 0 2.220446049250313e-16 1
vn 0 2.220446049250313e-16 1
vn 0 -2.220446049250313e-16 -1
vn 0 -2.220446049250313e-16 -1
vn 0 -2.220446049250313e-16 -1
vn 0 -2.220446049250313e-16 -1
vn 0 -2.220446049250313e-16 -1
vn 0 -2.220446049250313e-16 -1
vn 0 -2.220446049250313e-16 -1
vn 0 -2.220446049250313e-16 -1
vn 0 -2.220446049250313e-16 -1
vn 0 -2.220446049250313e-16 -1
vn 0 -2.220446049250313e-16 -1
vn 0 -2.220446049250313e-16 -1
vn 0 -2.220446049250313e-16 -1
vn 0 -2.220446049250313e-16 -1
vn 0 -2.220446049250313e-16 -1
vn 0 -2.220446049250313e-16 -1
vn 0 -2.220446049250313e-16 -1
f 769/769/769 778/778/778 770/770/770
f 778/778/778 779/779/779 770/770/770
f 770/770/770 779/779/779 771/771/771
f 779/779/779 780/780/780 771/771/771
f 771/771/771 780/780/780 772/772/772
f 780/780/780 781/781/781 772/772/772
f 772/772/772 781/781/781 773/773/773
f 781/781/781 782/782/782 773/773/773
f 773/773/773 782/782/782 774/774/774
f 782/782/782 783/783/783 774/774/774
f 774/774/774 783/783/783 775/775/775
f 783/783/783 784/784/784 775/775/775
f 775/775/775 784/784/784 776/776/776
f 784/784/784 785/785/785 776/776/776
f 776/776/776 785/785/785 777/777/777
f 785/785/785 786/786/786 777/777/777
f 795/795/795 796/796/796 787/787/787
f 796/796/796 797/797/797 788/788/788
f 797/797/797 798/798/798 789/789/789
f 798/798/798 799/799/799 790/790/790
f 799/799/799 800/800/800 791/791/791
f 800/800/800 801/801/801 792/792/792
f 801/801/801 802/802/802 793/793/793
f 802/802/802 803/803/803 794/794/794
f 813/813/813 812/812/812 804/804/804
f 814/814/814 813/813/813 805/805/805
f 815/815/815 814/814/814 806/806/806
f 816/816/816 815/815/815 807/807/807
f 817/817/817 816/816/816 808/808/808
f 818/818/818 817/817/817 809/809/809
f 819/819/819 818/818/818 810/810/810
f 820/820/820 819/819/819 811/811/811
o roof_rib_2
usemtl metal
v -1.8576923076923078 2.874999998211861 1.350000023841858
v -1.8258725021894162 2.888180194497109 1.350000023841858
v -1.8126923059041684 2.9200000000000004 1.350000023841858
v -1.8258725021894162 2.951819805502892 1.350000023841858
v -1.8576923076923078 2.9650000017881397 1.350000023841858
v -1.8895121131951993 2.951819805502892 1.350000023841858
v -1.902692309480447 2.9200000000000004 1.350000023841858
v -1.8895121131951993 2.888180194497109 1.350000023841858
v -1.8576923076923078 2.874999998211861 1.350000023841858
v -1.8576923076923078 2.87499999821186 -1.350000023841858
v -1.8258725021894162 2.888180194497108 -1.350000023841858
v -1.8126923059041684 2.9199999999999995 -1.350000023841858
v -1.8258725021894162 2.951819805502891 -1.350000023841858
v -1.8576923076923078 2.965000001788139 -1.350000023841858
v -1.8895121131951993 2.951819805502891 -1.350000023841858
v -1.902692309480447 2.9199999999999995 -1.350000023841858
v -1.8895121131951993 2.888180194497108 -1.350000023841858
v -1.8576923076923078 2.87499999821186 -1.350000023841858
v -1.8576923076923078 2.9200000000000004 1.350000023841858
v -1.8576923076923078 2.9200000000000004 1.350000023841858
v -1.8576923076923078 2.9200000000000004 1.350000023841858
v -1.8576923076923078 2.9200000000000004 1.350000023841858
v -1.8576923076923078 2.9200000000000004 1.350000023841858
v -1.8576923076923078 2.9200000000000004 1.350000023841858
v -1.8576923076923078 2.9200000000000004 1.350000023841858
v -1.8576923076923078 2.9200000000000004 1.350000023841858
v -1.8576923076923078 2.874999998211861 1.350000023841858
v -1.8258725021894162 2.888180194497109 1.350000023841858
v -1.8126923059041684 2.9200000000000004 1.350000023841858
v -1.8258725021894162 2.951819805502892 1.350000023841858
v -1.8576923076923078 2.9650000017881397 1.350000023841858
v -1.8895121131951993 2.951819805502892 1.350000023841858
v -1.902692309480447 2.9200000000000004 1.350000023841858
v -1.8895121131951993 2.888180194497109 1.350000023841858
v -1.8576923076923078 2.874999998211861 1.350000023841858
v -1.8576923076923078 2.9199999999999995 -1.350000023841858
v -1.8576923076923078 2.9199999999999995 -1.350000023841858
v -1.8576923076923078 2.9199999999999995 -1.350000023841858
v -1.8576923076923078 2.9199999999999995 -1.350000023841858
v -1.8576923076923078 2.9199999999999995 -1.350000023841858
v -1.8576923076923078 2.9199999999999995 -1.350000023841858
v -1.8576923076923078 2.9199999999999995 -1.350000023841858
v -1.8576923076923078 2.9199999999999995 -1.350000023841858
v -1.8576923076923078 2.87499999821186 -1.350000023841858
v -1.8258725021894162 2.888180194497108 -1.350000023841858
v -1.8126923059041684 2.9199999999999995 -1.350000023841858
v -1.8258725021894162 2.951819805502891 -1.350000023841858
v -1.8576923076923078 2.965000001788139 -1.350000023841858
v -1.8895121131951993 2.951819805502891 -1.350000023841858
v -1.902692309480447 2.9199999999999995 -1.350000023841858
v -1.8895121131951993 2.888180194497108 -1.350000023841858
v -1.8576923076923078 2.87499999821186 -1.350000023841858
vt 0 1
vt 0.125 1
vt 0.25 1
vt 0.375 1
vt 0.5 1
vt 0.625 1
vt 0.75 1
vt 0.875 1
vt 1 1
vt 0 0
vt 0.125 0
vt 0.25 0
vt 0.375 0
vt 0.5 0
vt 0.625 0
vt 0.75 0
vt 0.875 0
vt 1 0
vt 0.5 0.5
vt 0.5 0.5
vt 0.5 0.5
vt 0.5 0.5
vt 0.5 0.5
vt 0.5 0.5
vt 0.5 0.5
vt 0.5 0.5
vt 1 0.5
vt 0.8535534143447876 0.8535534143447876
vt 0.5 1
vt 0.1464466154575348 0.8535534143447876
vt 0 0.5
vt 0.1464466154575348 0.1464466154575348
vt 0.5 0
vt 0.8535534143447876 0.1464466154575348
vt 1 0.5
vt 0.5 0.5
vt 0.5 0.5
vt 0.5 0.5
vt 0.5 0.5
vt 0.5 0.5
vt 0.5 0.5
vt 0.5 0.5
vt 0.5 0.5
vt 1 0.5
vt 0.8535534143447876 0.1464466154575348
vt 0.5 0
vt 0.1464466154575348 0.1464466154575348
vt 0 0.5
vt 0.1464466154575348 0.8535534143447876
vt 0.5 1
vt 0.8535534143447876 0.8535534143447876
vt 1 0.5
vn 0 -1 2.220446049250313e-16
vn 0.7071067811865476 -0.7071067811865476 1.5700924586837752e-16
vn 1 -6.123234262925839e-17 1.3596311327747833e-32
vn 0.7071067811865476 0.7071067811865476 -1.5700924586837752e-16
vn 1.2246468525851679e-16 1 -2.220446049250313e-16
vn -0.7071067811865476 0.7071067811865476 -1.5700924586837752e-16
vn -1 1.8369701465288538e-16 -4.078893104450762e-32
vn -0.7071067811865476 -0.7071067811865476 1.5700924586837752e-16
vn -2.4492937051703357e-16 -1 2.220446049250313e-16
vn 0 -1 2.220446049250313e-16
vn 0.7071067811865476 -0.7071067811865476 1.5700924586837752e-16
vn 1 -6.123234262925839e-17 1.3596311327747833e-32
vn 0.7071067811865476 0.7071067811865476 -1.5700924586837752e-16
vn 1.2246468525851679e-16 1 -2.220446049250313e-16
vn -0.7071067811865476 0.7071067811865476 -1.5700924586837752e-16
vn -1 1.8369701465288538e-16 -4.078893104450762e-32
vn -0.7071067811865476 -0.7071067811865476 1.5700924586837752e-16
vn -2.4492937051703357e-16 -1 2.220446049250313e-16
vn 0 2.220446049250313e-16 1
vn 0 2.220446049250313e-16 1
vn 0 2.220446049250313e-16 1
vn 0 2.220446049250313e-16 1
vn 0 2.220446049250313e-16 1
vn 0 2.220446049250313e-16 1
vn 0 2.220446049250313e-16 1
vn 0 2.220446049250313e-16 1
vn 0 2.220446049250313e-16 1
vn 0 2.220446049250313e-16 1
vn 0 2.220446049250313e-16 1
vn 0 2.220446049250313e-16 1
vn 0 2.220446049250313e-16 1
vn 0 2.220446049250313e-16 1
vn 0 2.220446049250313e-16 1
vn 0 2.220446049250313e-16 1
vn 0 2.220446049250313e-16 1
vn 0 -2.220446049250313e-16 -1
vn 0 -2.220446049250313e-16 -1
vn 0 -2.220446049250313e-16 -1
vn 0 -2.220446049250313e-16 -1
vn 0 -2.220446049250313e-16 -1
vn 0 -2.220446049250313e-16 -1
vn 0 -2.220446049250313e-16 -1
vn 0 -2.220446049250313e-16 -1
vn 0 -2.220446049250313e-16 -1
vn 0 -2.220446049250313e-16 -1
vn 0 -2.220446049250313e-16 -1
vn 0 -2.220446049250313e-16 -1
vn 0 -2.220446049250313e-16 -1
vn 0 -2.220446049250313e-16 -1
vn 0 -2.220446049250313e-16 -1
vn 0 -2.220446049250313e-16 -1
vn 0 -2.220446049250313e-16 -1
f 821/821/821 830/830/830 822/822/822
f 830/830/830 831/831/831 822/822/822
f 822/822/822 831/831/831 823/823/823
f 831/831/831 832/832/832 823/823/823
f 823/823/823 832/832/832 824/824/824
f 832/832/832 833/833/833 824/824/824
f 824/824/824 833/833/833 825/825/825
f 833/833/833 834/834/834 825/825/825
f 825/825/825 834/834/834 826/826/826
f 834/834/834 835/835/835 826/826/826
f 826/826/826 835/835/835 827/827/827
f 835/835/835 836/836/836 827/827/827
f 827/827/827 836/836/836 828/828/828
f 836/836/836 837/837/837 828/828/828
f 828/828/828 837/837/837 829/829/829
f 837/837/837 838/838/838 829/829/829
f 847/847/847 848/848/848 839/839/839
f 848/848/848 849/849/849 840/840/840
f 849/849/849 850/850/850 841/841/841
f 850/850/850 851/851/851 842/842/842
f 851/851/851 852/852/852 843/843/843
f 852/852/852 853/853/853 844/844/844
f 853/853/853 854/854/854 845/845/845
f 854/854/854 855/855/855 846/846/846
f 865/865/865 864/864/864 856/856/856
f 866/866/866 865/865/865 857/857/857
f 867/867/867 866/866/866 858/858/858
f 868/868/868 867/867/867 859/859/859
f 869/869/869 868/868/868 860/860/860
f 870/870/870 869/869/869 861/861/861
f 871/871/871 870/870/870 862/862/862
f 872/872/872 871/871/871 863/863/863
o roof_rib_3
usemtl metal
v -1.6961538461538463 2.874999998211861 1.350000023841858
v -1.6643340406509548 2.888180194497109 1.350000023841858
v -1.651153844365707 2.9200000000000004 1.350000023841858
v -1.6643340406509548 2.951819805502892 1.350000023841858
v -1.6961538461538463 2.9650000017881397 1.350000023841858
v -1.7279736516567379 2.951819805502892 1.350000023841858
v -1.7411538479419857 2.9200000000000004 1.350000023841858
v -1.7279736516567379 2.888180194497109 1.350000023841858
v -1.6961538461538463 2.874999998211861 1.350000023841858
v -1.6961538461538463 2.87499999821186 -1.350000023841858
v -1.6643340406509548 2.888180194497108 -1.350000023841858
v -1.651153844365707 2.9199999999999995 -1.350000023841858
v -1.6643340406509548 2.951819805502891 -1.350000023841858
v -1.6961538461538463 2.965000001788139 -1.350000023841858
v -1.7279736516567379 2.951819805502891 -1.350000023841858
v -1.7411538479419857 2.9199999999999995 -1.350000023841858
v -1.7279736516567379 2.888180194497108 -1.350000023841858
v -1.6961538461538463 2.87499999821186 -1.350000023841858
v -1.6961538461538463 2.9200000000000004 1.350000023841858
v -1.6961538461538463 2.9200000000000004 1.350000023841858
v -1.6961538461538463 2.9200000000000004 1.350000023841858
v -1.6961538461538463 2.9200000000000004 1.350000023841858
v -1.6961538461538463 2.9200000000000004 1.350000023841858
v -1.6961538461538463 2.9200000000000004 1.350000023841858
v -1.6961538461538463 2.9200000000000004 1.350000023841858
v -1.6961538461538463 2.9200000000000004 1.350000023841858
v -1.6961538461538463 2.874999998211861 1.350000023841858
v -1.6643340406509548 2.888180194497109 1.350000023841858
v -1.651153844365707 2.9200000000000004 1.350000023841858
v -1.6643340406509548 2.951819805502892 1.350000023841858
v -1.6961538461538463 2.9650000017881397 1.350000023841858
v -1.7279736516567379 2.951819805502892 1.350000023841858
v -1.7411538479419857 2.9200000000000004 1.350000023841858
v -1.7279736516567379 2.888180194497109 1.350000023841858
v -1.6961538461538463 2.874999998211861 1.350000023841858
v -1.6961538461538463 2.9199999999999995 -1.350000023841858
v -1.6961538461538463 2.9199999999999995 -1.350000023841858
v -1.6961538461538463 2.9199999999999995 -1.350000023841858
v -1.6961538461538463 2.9199999999999995 -1.350000023841858
v -1.6961538461538463 2.9199999999999995 -1.350000023841858
v -1.6961538461538463 2.9199999999999995 -1.350000023841858
v -1.6961538461538463 2.9199999999999995 -1.350000023841858
v -1.6961538461538463 2.9199999999999995 -1.350000023841858
v -1.6961538461538463 2.87499999821186 -1.350000023841858
v -1.6643340406509548 2.888180194497108 -1.350000023841858
v -1.651153844365707 2.9199999999999995 -1.350000023841858
v -1.6643340406509548 2.951819805502891 -1.350000023841858
v -1.6961538461538463 2.965000001788139 -1.350000023841858
v -1.7279736516567379 2.951819805502891 -1.350000023841858
v -1.7411538479419857 2.9199999999999995 -1.350000023841858
v -1.7279736516567379 2.888180194497108 -1.350000023841858
v -1.6961538461538463 2.87499999821186 -1.350000023841858
vt 0 1
vt 0.125 1
vt 0.25 1
vt 0.375 1
vt 0.5 1
vt 0.625 1
vt 0.75 1
vt 0.875 1
vt 1 1
vt 0 0
vt 0.125 0
vt 0.25 0
vt 0.375 0
vt 0.5 0
vt 0.625 0
vt 0.75 0
vt 0.875 0
vt 1 0
vt 0.5 0.5
vt 0.5 0.5
vt 0.5 0.5
vt 0.5 0.5
vt 0.5 0.5
vt 0.5 0.5
vt 0.5 0.5
vt 0.5 0.5
vt 1 0.5
vt 0.8535534143447876 0.8535534143447876
vt 0.5 1
vt 0.1464466154575348 0.8535534143447876
vt 0 0.5
vt 0.1464466154575348 0.1464466154575348
vt 0.5 0
vt 0.8535534143447876 0.1464466154575348
vt 1 0.5
vt 0.5 0.5
vt 0.5 0.5
vt 0.5 0.5
vt 0.5 0.5
vt 0.5 0.5
vt 0.5 0.5
vt 0.5 0.5
vt 0.5 0.5
vt 1 0.5
vt 0.8535534143447876 0.1464466154575348
vt 0.5 0
vt 0.1464466154575348 0.1464466154575348
vt 0 0.5
vt 0.1464466154575348 0.8535534143447876
vt 0.5 1
vt 0.8535534143447876 0.8535534143447876
vt 1 0.5
vn 0 -1 2.220446049250313e-16
vn 0.7071067811865476 -0.7071067811865476 1.5700924586837752e-16
vn 1 -6.123234262925839e-17 1.3596311327747833e-32
vn 0.7071067811865476 0.7071067811865476 -1.5700924586837752e-16
vn 1.2246468525851679e-16 1 -2.220446049250313e-16
vn -0.7071067811865476 0.7071067811865476 -1.5700924586837752e-16
vn -1 1.8369701465288538e-16 -4.078893104450762e-32
vn -0.7071067811865476 -0.7071067811865476 1.5700924586837752e-16
vn -2.4492937051703357e-16 -1 2.220446049250313e-16
vn 0 -1 2.220446049250313e-16
vn 0.7071067811865476 -0.7071067811865476 1.5700924586837752e-16
vn 1 -6.123234262925839e-17 1.3596311327747833e-32
vn 0.7071067811865476 0.7071067811865476 -1.5700924586837752e-16
vn 1.2246468525851679e-16 1 -2.220446049250313e-16
vn -0.7071067811865476 0.7071067811865476 -1.5700924586837752e-16
vn -1 1.8369701465288538e-16 -4.078893104450762e-32
vn -0.7071067811865476 -0.7071067811865476 1.5700924586837752e-16
vn -2.4492937051703357e-16 -1 2.220446049250313e-16
vn 0 2.220446049250313e-16 1
vn 0 2.220446049250313e-16 1
vn 0 2.220446049250313e-16 1
vn 0 2.220446049250313e-16 1
vn 0 2.220446049250313e-16 1
vn 0 2.220446049250313e-16 1
vn 0 2.220446049250313e-16 1
vn 0 2.220446049250313e-16 1
vn 0 2.220446049250313e-16 1
vn 0 2.220446049250313e-16 1
vn 0 2.220446049250313e-16 1
vn 0 2.220446049250313e-16 1
vn 0 2.220446049250313e-16 1
vn 0 2.220446049250313e-16 1
vn 0 2.220446049250313e-16 1
vn 0 2.220446049250313e-16 1
vn 0 2.220446049250313e-16 1
vn 0 -2.220446049250313e-16 -1
vn 0 -2.220446049250313e-16 -1
vn 0 -2.220446049250313e-16 -1
vn 0 -2.220446049250313e-16 -1
vn 0 -2.220446049250313e-16 -1
vn 0 -2.220446049250313e-16 -1
vn 0 -2.220446049250313e-16 -1
vn 0 -2.220446049250313e-16 -1
vn 0 -2.220446049250313e-16 -1
vn 0 -2.220446049250313e-16 -1
vn 0 -2.220446049250313e-16 -1
vn 0 -2.220446049250313e-16 -1
vn 0 -2.220446049250313e-16 -1
vn 0 -2.220446049250313e-16 -1
vn 0 -2.220446049250313e-16 -1
vn 0 -2.220446049250313e-16 -1
vn 0 -2.220446049250313e-16 -1
f 873/873/873 882/882/882 874/874/874
f 882/882/882 883/883/883 874/874/874
f 874/874/874 883/883/883 875/875/875
f 883/883/883 884/884/884 875/875/875
f 875/875/875 884/884/884 876/876/876
f 884/884/884 885/885/885 876/876/876
f 876/876/876 885/885/885 877/877/877
f 885/885/885 886/886/886 877/877/877
f 877/877/877 886/886/886 878/878/878
f 886/886/886 887/887/887 878/878/878
f 878/878/878 887/887/887 879/879/879
f 887/887/887 888/888/888 879/879/879
f 879/879/879 888/888/888 880/880/880
f 888/888/888 889/889/889 880/880/880
f 880/880/880 889/889/889 881/881/881
f 889/889/889 890/890/890 881/881/881
f 899/899/899 900/900/900 891/891/891
f 900/900/900 901/901/901 892/892/892
f 901/901/901 902/902/902 893/893/893
f 902/902/902 903/903/903 894/894/894
f 903/903/903 904/904/904 895/895/895
f 904/904/904 905/905/905 896/896/896
f 905/905/905 906/906/906 897/897/897
f 906/906/906 907/907/907 898/898/898
f 917/917/917 916/916/916 908/908/908
f 918/918/918 917/917/917 909/909/909
f 919/919/919 918/918/918 910/910/910
f 920/920/920 919/919/919 911/911/911
f 921/921/921 920/920/920 912/912/912
f 922/922/922 921/921/921 913/913/913
f 923/923/923 922/922/922 914/914/914
f 924/924/924 923/923/923 915/915/915
o roof_rib_4
usemtl metal
v -1.5346153846153847 2.874999998211861 1.350000023841858
v -1.5027955791124932 2.888180194497109 1.350000023841858
v -1.4896153828272454 2.9200000000000004 1.350000023841858
v -1.5027955791124932 2.951819805502892 1.350000023841858
v -1.5346153846153847 2.9650000017881397 1.350000023841858
v -1.5664351901182763 2.951819805502892 1.350000023841858
v -1.579615386403524 2.9200000000000004 1.350000023841858
v -1.5664351901182763 2.888180194497109 1.350000023841858
v -1.5346153846153847 2.874999998211861 1.350000023841858
v -1.5346153846153847 2.87499999821186 -1.350000023841858
v -1.5027955791124932 2.888180194497108 -1.350000023841858
v -1.4896153828272454 2.9199999999999995 -1.350000023841858
v -1.5027955791124932 2.951819805502891 -1.350000023841858
v -1.5346153846153847 2.965000001788139 -1.350000023841858
v -1.5664351901182763 2.951819805502891 -1.350000023841858
v -1.579615386403524 2.9199999999999995 -1.350000023841858
v -1.5664351901182763 2.888180194497108 -1.350000023841858
v -1.5346153846153847 2.87499999821186 -1.350000023841858
v -1.5346153846153847 2.9200000000000004 1.350000023841858
v -1.5346153846153847 2.9200000000000004 1.350000023841858
v -1.5346153846153847 2.9200000000000004 1.350000023841858
v -1.5346153846153847 2.9200000000000004 1.350000023841858
v -1.5346153846153847 2.9200000000000004 1.350000023841858
v -1.5346153846153847 2.9200000000000004 1.350000023841858
v -1.5346153846153847 2.9200000000000004 1.350000023841858
v -1.5346153846153847 2.9200000000000004 1.350000023841858
v -1.5346153846153847 2.874999998211861 1.350000023841858
v -1.5027955791124932 2.888180194497109 1.350000023841858
v -1.4896153828272454 2.9200000000000004 1.350000023841858
v -1.5027955791124932 2.951819805502892 1.350000023841858
v -1.5346153846153847 2.9650000017881397 1.350000023841858
v -1.5664351901182763 2.951819805502892 1.350000023841858
v -1.579615386403524 2.9200000000000004 1.350000023841858
v -1.5664351901182763 2.888180194497109 1.350000023841858
v -1.5346153846153847 2.874999998211861 1.350000023841858
v -1.5346153846153847 2.9199999999999995 -1.350000023841858
v -1.5346153846153847 2.9199999999999995 -1.350000023841858
v -1.5346153846153847 2.9199999999999995 -1.350000023841858
v -1.5346153846153847 2.9199999999999995 -1.350000023841858
v -1.5346153846153847 2.9199999999999995 -1.350000023841858
v -1.5346153846153847 2.9199999999999995 -1.350000023841858
v -1.5346153846153847 2.9199999999999995 -1.350000023841858
v -1.5346153846153847 2.9199999999999995 -1.350000023841858
v -1.5346153846153847 2.87499999821186 -1.350000023841858
v -1.5027955791124932 2.888180194497108 -1.350000023841858
v -1.4896153828272454 2.9199999999999995 -1.350000023841858
v -1.5027955791124932 2.951819805502891 -1.350000023841858
v -1.5346153846153847 2.965000001788139 -1.350000023841858
v -1.5664351901182763 2.951819805502891 -1.350000023841858
v -1.579615386403524 2.9199999999999995 -1.350000023841858
v -1.5664351901182763 2.888180194497108 -1.350000023841858
v -1.5346153846153847 2.87499999821186 -1.350000023841858
vt 0 1
vt 0.125 1
vt 0.25 1
vt 0.375 1
vt 0.5 1
vt 0.625 1
vt 0.75 1
vt 0.875 1
vt 1 1
vt 0 0
vt 0.125 0
vt 0.25 0
vt 0.375 0
vt 0.5 0
vt 0.625 0
vt 0.75 0
vt 0.875 0
vt 1 0
vt 0.5 0.5
vt 0.5 0.5
vt 0.5 0.5
vt 0.5 0.5
vt 0.5 0.5
vt 0.5 0.5
vt 0.5 0.5
vt 0.5 0.5
vt 1 0.5
vt 0.8535534143447876 0.8535534143447876
vt 0.5 1
vt 0.1464466154575348 0.8535534143447876
vt 0 0.5
vt 0.1464466154575348 0.1464466154575348
vt 0.5 0
vt 0.8535534143447876 0.1464466154575348
vt 1 0.5
vt 0.5 0.5
vt 0.5 0.5
vt 0.5 0.5
vt 0.5 0.5
vt 0.5 0.5
vt 0.5 0.5
vt 0.5 0.5
vt 0.5 0.5
vt 1 0.5
vt 0.8535534143447876 0.1464466154575348
vt 0.5 0
vt 0.1464466154575348 0.1464466154575348
vt 0 0.5
vt 0.1464466154575348 0.8535534143447876
vt 0.5 1
vt 0.8535534143447876 0.8535534143447876
vt 1 0.5
vn 0 -1 2.220446049250313e-16
vn 0.7071067811865476 -0.7071067811865476 1.5700924586837752e-16
vn 1 -6.123234262925839e-17 1.3596311327747833e-32
vn 0.7071067811865476 0.7071067811865476 -1.5700924586837752e-16
vn 1.2246468525851679e-16 1 -2.220446049250313e-16
vn -0.7071067811865476 0.7071067811865476 -1.5700924586837752e-16
vn -1 1.8369701465288538e-16 -4.078893104450762e-32
vn -0.7071067811865476 -0.7071067811865476 1.5700924586837752e-16
vn -2.4492937051703357e-16 -1 2.220446049250313e-16
vn 0 -1 2.220446049250313e-16
vn 0.7071067811865476 -0.7071067811865476 1.5700924586837752e-16
vn 1 -6.123234262925839e-17 1.3596311327747833e-32
vn 0.7071067811865476 0.7071067811865476 -1.5700924586837752e-16
vn 1.2246468525851679e-16 1 -2.220446049250313e-16
vn -0.7071067811865476 0.7071067811865476 -1.5700924586837752e-16
vn -1 1.8369701465288538e-16 -4.078893104450762e-32
vn -0.7071067811865476 -0.7071067811865476 1.5700924586837752e-16
vn -2.4492937051703357e-16 -1 2.220446049250313e-16
vn 0 2.220446049250313e-16 1
vn 0 2.220446049250313e-16 1
vn 0 2.220446049250313e-16 1
vn 0 2.220446049250313e-16 1
vn 0 2.220446049250313e-16 1
vn 0 2.220446049250313e-16 1
vn 0 2.220446049250313e-16 1
vn 0 2.220446049250313e-16 1
vn 0 2.220446049250313e-16 1
vn 0 2.220446049250313e-16 1
vn 0 2.220446049250313e-16 1
vn 0 2.220446049250313e-16 1
vn 0 2.220446049250313e-16 1
vn 0 2.220446049250313e-16 1
vn 0 2.220446049250313e-16 1
vn 0 2.220446049250313e-16 1
vn 0 2.220446049250313e-16 1
vn 0 -2.220446049250313e-16 -1
vn 0 -2.220446049250313e-16 -1
vn 0 -2.220446049250313e-16 -1
vn 0 -2.220446049250313e-16 -1
vn 0 -2.220446049250313e-16 -1
vn 0 -2.220446049250313e-16 -1
vn 0 -2.220446049250313e-16 -1
vn 0 -2.220446049250313e-16 -1
vn 0 -2.220446049250313e-16 -1
vn 0 -2.220446049250313e-16 -1
vn 0 -2.220446049250313e-16 -1
vn 0 -2.220446049250313e-16 -1
vn 0 -2.220446049250313e-16 -1
vn 0 -2.220446049250313e-16 -1
vn 0 -2.220446049250313e-16 -1
vn 0 -2.220446049250313e-16 -1
vn 0 -2.220446049250313e-16 -1
f 925/925/925 934/934/934 926/926/926
f 934/934/934 935/935/935 926/926/926
f 926/926/926 935/935/935 927/927/927
f 935/935/935 936/936/936 927/927/927
f 927/927/927 936/936/936 928/928/928
f 936/936/936 937/937/937 928/928/928
f 928/928/928 937/937/937 929/929/929
f 937/937/937 938/938/938 929/929/929
f 929/929/929 938/938/938 930/930/930
f 938/938/938 939/939/939 930/930/930
f 930/930/930 939/939/939 931/931/931
f 939/939/939 940/940/940 931/931/931
f 931/931/931 940/940/940 932/932/932
f 940/940/940 941/941/941 932/932/932
f 932/932/932 941/941/941 933/933/933
f 941/941/941 942/942/942 933/933/933
f 951/951/951 952/952/952 943/943/943
f 952/952/952 953/953/953 944/944/944
f 953/953/953 954/954/954 945/945/945
f 954/954/954 955/955/955 946/946/946
f 955/955/955 956/956/956 947/947/947
f 956/956/956 957/957/957 948/948/948
f 957/957/957 958/958/958 949/949/949
f 958/958/958 959/959/959 950/950/950
f 969/969/969 968/968/968 960/960/960
f 970/970/970 969/969/969 961/961/961
f 971/971/971 970/970/970 962/962/962
f 972/972/972 971/971/971 963/963/963
f 973/973/973 972/972/972 964/964/964
f 974/974/974 973/973/973 965/965/965
f 975/975/975 974/974/974 966/966/966
f 976/976/976 975/975/975 967/967/967
o roof_rib_5
usemtl metal
v -1.373076923076923 2.874999998211861 1.350000023841858
v -1.3412571175740315 2.888180194497109 1.350000023841858
v -1.3280769212887837 2.9200000000000004 1.350000023841858
v -1.3412571175740315 2.951819805502892 1.350000023841858
v -1.373076923076923 2.9650000017881397 1.350000023841858
v -1.4048967285798146 2.951819805502892 1.350000023841858
v -1.4180769248650624 2.9200000000000004 1.350000023841858
v -1.4048967285798146 2.888180194497109 1.350000023841858
v -1.373076923076923 2.874999998211861 1.350000023841858
v -1.373076923076923 2.87499999821186 -1.350000023841858
v -1.3412571175740315 2.888180194497108 -1.350000023841858
v -1.3280769212887837 2.9199999999999995 -1.350000023841858
v -1.3412571175740315 2.951819805502891 -1.350000023841858
v -1.373076923076923 2.965000001788139 -1.350000023841858
v -1.4048967285798146 2.951819805502891 -1.350000023841858
v -1.4180769248650624 2.9199999999999995 -1.350000023841858
v -1.4048967285798146 2.888180194497108 -1.350000023841858
v -1.373076923076923 2.87499999821186 -1.350000023841858
v -1.373076923076923 2.9200000000000004 1.350000023841858
v -1.373076923076923 2.9200000000000004 1.350000023841858
v -1.373076923076923 2.9200000000000004 1.350000023841858
v -1.373076923076923 2.9200000000000004 1.350000023841858
v -1.373076923076923 2.9200000000000004 1.350000023841858
v -1.373076923076923 2.9200000000000004 1.350000023841858
v -1.373076923076923 2.9200000000000004 1.350000023841858
v -1.373076923076923 2.9200000000000004 1.350000023841858
v -1.373076923076923 2.874999998211861 1.350000023841858
v -1.3412571175740315 2.888180194497109 1.350000023841858
v -1.3280769212887837 2.9200000000000004 1.350000023841858
v -1.3412571175740315 2.951819805502892 1.350000023841858
v -1.373076923076923 2.9650000017881397 1.350000023841858
v -1.4048967285798146 2.951819805502892 1.350000023841858
v -1.4180769248650624 2.9200000000000004 1.350000023841858
v -1.4048967285798146 2.888180194497109 1.350000023841858
v -1.373076923076923 2.874999998211861 1.350000023841858
v -1.373076923076923 2.9199999999999995 -1.350000023841858
v -1.373076923076923 2.9199999999999995 -1.350000023841858
v -1.373076923076923 2.9199999999999995 -1.350000023841858
v -1.373076923076923 2.9199999999999995 -1.350000023841858
v -1.373076923076923 2.9199999999999995 -1.350000023841858
v -1.373076923076923 2.9199999999999995 -1.350000023841858
v -1.373076923076923 2.9199999999999995 -1.350000023841858
v -1.373076923076923 2.9199999999999995 -1.350000023841858
v -1.373076923076923 2.87499999821186 -1.350000023841858
v -1.3412571175740315 2.888180194497108 -1.350000023841858
v -1.3280769212887837 2.9199999999999995 -1.350000023841858
v -1.3412571175740315 2.951819805502891 -1.350000023841858
v -1.373076923076923 2.965000001788139 -1.350000023841858
v -1.4048967285798146 2.951819805502891 -1.350000023841858
v -1.4180769248650624 2.9199999999999995 -1.350000023841858
v -1.4048967285798146 2.888180194497108 -1.350000023841858
v -1.373076923076923 2.87499999821186 -1.350000023841858
vt 0 1
vt 0.125 1
vt 0.25 1
vt 0.375 1
vt 0.5 1
vt 0.625 1
vt 0.75 1
vt 0.875 1
vt 1 1
vt 0 0
vt 0.125 0
vt 0.25 0
vt 0.375 0
vt 0.5 0
vt 0.625 0
vt 0.75 0
vt 0.875 0
vt 1 0
vt 0.5 0.5
vt 0.5 0.5
vt 0.5 0.5
vt 0.5 0.5
vt 0.5 0.5
vt 0.5 0.5
vt 0.5 0.5
vt 0.5 0.5
vt 1 0.5
vt 0.8535534143447876 0.8535534143447876
vt 0.5 1
vt 0.1464466154575348 0.8535534143447876
vt 0 0.5
vt 0.1464466154575348 0.1464466154575348
vt 0.5 0
vt 0.8535534143447876 0.1464466154575348
vt 1 0.5
vt 0.5 0.5
vt 0.5 0.5
vt 0.5 0.5
vt 0.5 0.5
vt 0.5 0.5
vt 0.5 0.5
vt 0.5 0.5
vt 0.5 0.5
vt 1 0.5
vt 0.8535534143447876 0.1464466154575348
vt 0.5 0
vt 0.1464466154575348 0.1464466154575348
vt 0 0.5
vt 0.1464466154575348 0.8535534143447876
vt 0.5 1
vt 0.8535534143447876 0.8535534143447876
vt 1 0.5
vn 0 -1 2.220446049250313e-16
vn 0.7071067811865476 -0.7071067811865476 1.5700924586837752e-16
vn 1 -6.123234262925839e-17 1.3596311327747833e-32
vn 0.7071067811865476 0.7071067811865476 -1.5700924586837752e-16
vn 1.2246468525851679e-16 1 -2.220446049250313e-16
vn -0.7071067811865476 0.7071067811865476 -1.5700924586837752e-16
vn -1 1.8369701465288538e-16 -4.078893104450762e-32
vn -0.7071067811865476 -0.7071067811865476 1.5700924586837752e-16
vn -2.4492937051703357e-16 -1 2.220446049250313e-16
vn 0 -1 2.220446049250313e-16
vn 0.7071067811865476 -0.7071067811865476 1.5700924586837752e-16
vn 1 -6.123234262925839e-17 1.3596311327747833e-32
vn 0.7071067811865476 0.7071067811865476 -1.5700924586837752e-16
vn 1.2246468525851679e-16 1 -2.220446049250313e-16
vn -0.7071067811865476 0.7071067811865476 -1.5700924586837752e-16
vn -1 1.8369701465288538e-16 -4.078893104450762e-32
vn -0.7071067811865476 -0.7071067811865476 1.5700924586837752e-16
vn -2.4492937051703357e-16 -1 2.220446049250313e-16
vn 0 2.220446049250313e-16 1
vn 0 2.220446049250313e-16 1
vn 0 2.220446049250313e-16 1
vn 0 2.220446049250313e-16 1
vn 0 2.220446049250313e-16 1
vn 0 2.220446049250313e-16 1
vn 0 2.220446049250313e-16 1
vn 0 2.220446049250313e-16 1
vn 0 2.220446049250313e-16 1
vn 0 2.220446049250313e-16 1
vn 0 2.220446049250313e-16 1
vn 0 2.220446049250313e-16 1
vn 0 2.220446049250313e-16 1
vn 0 2.220446049250313e-16 1
vn 0 2.220446049250313e-16 1
vn 0 2.220446049250313e-16 1
vn 0 2.220446049250313e-16 1
vn 0 -2.220446049250313e-16 -1
vn 0 -2.220446049250313e-16 -1
vn 0 -2.220446049250313e-16 -1
vn 0 -2.220446049250313e-16 -1
vn 0 -2.220446049250313e-16 -1
vn 0 -2.220446049250313e-16 -1
vn 0 -2.220446049250313e-16 -1
vn 0 -2.220446049250313e-16 -1
vn 0 -2.220446049250313e-16 -1
vn 0 -2.220446049250313e-16 -1
vn 0 -2.220446049250313e-16 -1
vn 0 -2.220446049250313e-16 -1
vn 0 -2.220446049250313e-16 -1
vn 0 -2.220446049250313e-16 -1
vn 0 -2.220446049250313e-16 -1
vn 0 -2.220446049250313e-16 -1
vn 0 -2.220446049250313e-16 -1
f 977/977/977 986/986/986 978/978/978
f 986/986/986 987/987/987 978/978/978
f 978/978/978 987/987/987 979/979/979
f 987/987/987 988/988/988 979/979/979
f 979/979/979 988/988/988 980/980/980
f 988/988/988 989/989/989 980/980/980
f 980/980/980 989/989/989 981/981/981
f 989/989/989 990/990/990 981/981/981
f 981/981/981 990/990/990 982/982/982
f 990/990/990 991/991/991 982/982/982
f 982/982/982 991/991/991 983/983/983
f 991/991/991 992/992/992 983/983/983
f 983/983/983 992/992/992 984/984/984
f 992/992/992 993/993/993 984/984/984
f 984/984/984 993/993/993 985/985/985
f 993/993/993 994/994/994 985/985/985
f 1003/1003/1003 1004/1004/1004 995/995/995
f 1004/1004/1004 1005/1005/1005 996/996/996
f 1005/1005/1005 1006/1006/1006 997/997/997
f 1006/1006/1006 1007/1007/1007 998/998/998
f 1007/1007/1007 1008/1008/1008 999/999/999
f 1008/1008/1008 1009/1009/1009 1000/1000/1000
f 1009/1009/1009 1010/1010/1010 1001/1001/1001
f 1010/1010/1010 1011/1011/1011 1002/1002/1002
f 1021/1021/1021 1020/1020/1020 1012/1012/1012
f 1022/1022/1022 1021/1021/1021 1013/1013/1013
f 1023/1023/1023 1022/1022/1022 1014/1014/1014
f 1024/1024/1024 1023/1023/1023 1015/1015/1015
f 1025/1025/1025 1024/1024/1024 1016/1016/1016
f 1026/1026/1026 1025/1025/1025 1017/1017/1017
f 1027/1027/1027 1026/1026/1026 1018/1018/1018
f 1028/1028/1028 1027/1027/1027 1019/1019/1019
o roof_rib_6
usemtl metal
v -1.2115384615384617 2.874999998211861 1.350000023841858
v -1.1797186560355701 2.888180194497109 1.350000023841858
v -1.1665384597503223 2.9200000000000004 1.350000023841858
v -1.1797186560355701 2.951819805502892 1.350000023841858
v -1.2115384615384617 2.9650000017881397 1.350000023841858
v -1.2433582670413532 2.951819805502892 1.350000023841858
v -1.256538463326601 2.9200000000000004 1.350000023841858
v -1.2433582670413532 2.888180194497109 1.350000023841858
v -1.2115384615384617 2.874999998211861 1.350000023841858
v -1.2115384615384617 2.87499999821186 -1.350000023841858
v -1.1797186560355701 2.888180194497108 -1.350000023841858
v -1.1665384597503223 2.9199999999999995 -1.350000023841858
v -1.1797186560355701 2.951819805502891 -1.350000023841858
v -1.2115384615384617 2.965000001788139 -1.350000023841858
v -1.2433582670413532 2.951819805502891 -1.350000023841858
v -1.256538463326601 2.9199999999999995 -1.350000023841858
v -1.2433582670413532 2.888180194497108 -1.350000023841858
v -1.2115384615384617 2.87499999821186 -1.350000023841858
v -1.2115384615384617 2.9200000000000004 1.350000023841858
v -1.2115384615384617 2.9200000000000004 1.350000023841858
v -1.2115384615384617 2.9200000000000004 1.350000023841858
v -1.2115384615384617 2.9200000000000004 1.350000023841858
v -1.2115384615384617 2.9200000000000004 1.350000023841858
v -1.2115384615384617 2.9200000000000004 1.350000023841858
v -1.2115384615384617 2.9200000000000004 1.350000023841858
v -1.2115384615384617 2.9200000000000004 1.350000023841858
v -1.2115384615384617 2.874999998211861 1.350000023841858
v -1.1797186560355701 2.888180194497109 1.350000023841858
v -1.1665384597503223 2.9200000000000004 1.350000023841858
v -1.1797186560355701 2.951819805502892 1.350000023841858
v -1.2115384615384617 2.9650000017881397 1.350000023841858
v -1.2433582670413532 2.951819805502892 1.350000023841858
v -1.256538463326601 2.9200000000000004 1.350000023841858
v -1.2433582670413532 2.888180194497109 1.350000023841858
v -1.2115384615384617 2.874999998211861 1.350000023841858
v -1.2115384615384617 2.9199999999999995 -1.350000023841858
v -1.2115384615384617 2.9199999999999995 -1.350000023841858
v -1.2115384615384617 2.9199999999999995 -1.350000023841858
v -1.2115384615384617 2.9199999999999995 -1.350000023841858
v -1.2115384615384617 2.9199999999999995 -1.350000023841858
v -1.2115384615384617 2.9199999999999995 -1.350000023841858
v -1.2115384615384617 2.9199999999999995 -1.350000023841858
v -1.2115384615384617 2.9199999999999995 -1.350000023841858
v -1.2115384615384617 2.87499999821186 -1.350000023841858
v -1.1797186560355701 2.888180194497108 -1.350000023841858
v -1.1665384597503223 2.9199999999999995 -1.350000023841858
v -1.1797186560355701 2.951819805502891 -1.350000023841858
v -1.2115384615384617 2.965000001788139 -1.350000023841858
v -1.2433582670413532 2.951819805502891 -1.350000023841858
v -1.256538463326601 2.9199999999999995 -1.350000023841858
v -1.2433582670413532 2.888180194497108 -1.350000023841858
v -1.2115384615384617 2.87499999821186 -1.350000023841858
vt 0 1
vt 0.125 1
vt 0.25 1
vt 0.375 1
vt 0.5 1
vt 0.625 1
vt 0.75 1
vt 0.875 1
vt 1 1
vt 0 0
vt 0.125 0
vt 0.25 0
vt 0.375 0
vt 0.5 0
vt 0.625 0
vt 0.75 0
vt 0.875 0
vt 1 0
vt 0.5 0.5
vt 0.5 0.5
vt 0.5 0.5
vt 0.5 0.5
vt 0.5 0.5
vt 0.5 0.5
vt 0.5 0.5
vt 0.5 0.5
vt 1 0.5
vt 0.8535534143447876 0.8535534143447876
vt 0.5 1
vt 0.1464466154575348 0.8535534143447876
vt 0 0.5
vt 0.1464466154575348 0.1464466154575348
vt 0.5 0
vt 0.8535534143447876 0.1464466154575348
vt 1 0.5
vt 0.5 0.5
vt 0.5 0.5
vt 0.5 0.5
vt 0.5 0.5
vt 0.5 0.5
vt 0.5 0.5
vt 0.5 0.5
vt 0.5 0.5
vt 1 0.5
vt 0.8535534143447876 0.1464466154575348
vt 0.5 0
vt 0.1464466154575348 0.1464466154575348
vt 0 0.5
vt 0.1464466154575348 0.8535534143447876
vt 0.5 1
vt 0.8535534143447876 0.8535534143447876
vt 1 0.5
vn 0 -1 2.220446049250313e-16
vn 0.7071067811865476 -0.7071067811865476 1.5700924586837752e-16
vn 1 -6.123234262925839e-17 1.3596311327747833e-32
vn 0.7071067811865476 0.7071067811865476 -1.5700924586837752e-16
vn 1.2246468525851679e-16 1 -2.220446049250313e-16
vn -0.7071067811865476 0.7071067811865476 -1.5700924586837752e-16
vn -1 1.8369701465288538e-16 -4.078893104450762e-32
vn -0.7071067811865476 -0.7071067811865476 1.5700924586837752e-16
vn -2.4492937051703357e-16 -1 2.220446049250313e-16
vn 0 -1 2.220446049250313e-16
vn 0.7071067811865476 -0.7071067811865476 1.5700924586837752e-16
vn 1 -6.123234262925839e-17 1.3596311327747833e-32
vn 0.7071067811865476 0.7071067811865476 -1.5700924586837752e-16
vn 1.2246468525851679e-16 1 -2.220446049250313e-16
vn -0.7071067811865476 0.7071067811865476 -1.5700924586837752e-16
vn -1 1.8369701465288538e-16 -4.078893104450762e-32
vn -0.7071067811865476 -0.7071067811865476 1.5700924586837752e-16
vn -2.4492937051703357e-16 -1 2.220446049250313e-16
vn 0 2.220446049250313e-16 1
vn 0 2.220446049250313e-16 1
vn 0 2.220446049250313e-16 1
vn 0 2.220446049250313e-16 1
vn 0 2.220446049250313e-16 1
vn 0 2.220446049250313e-16 1
vn 0 2.220446049250313e-16 1
vn 0 2.220446049250313e-16 1
vn 0 2.220446049250313e-16 1
vn 0 2.220446049250313e-16 1
vn 0 2.220446049250313e-16 1
vn 0 2.220446049250313e-16 1
vn 0 2.220446049250313e-16 1
vn 0 2.220446049250313e-16 1
vn 0 2.220446049250313e-16 1
vn 0 2.220446049250313e-16 1
vn 0 2.220446049250313e-16 1
vn 0 -2.220446049250313e-16 -1
vn 0 -2.220446049250313e-16 -1
vn 0 -2.220446049250313e-16 -1
vn 0 -2.220446049250313e-16 -1
vn 0 -2.220446049250313e-16 -1
vn 0 -2.220446049250313e-16 -1
vn 0 -2.220446049250313e-16 -1
vn 0 -2.220446049250313e-16 -1
vn 0 -2.220446049250313e-16 -1
vn 0 -2.220446049250313e-16 -1
vn 0 -2.220446049250313e-16 -1
vn 0 -2.220446049250313e-16 -1
vn 0 -2.220446049250313e-16 -1
vn 0 -2.220446049250313e-16 -1
vn 0 -2.220446049250313e-16 -1
vn 0 -2.220446049250313e-16 -1
vn 0 -2.220446049250313e-16 -1
f 1029/1029/1029 1038/1038/1038 1030/1030/1030
f 1038/1038/1038 1039/1039/1039 1030/1030/1030
f 1030/1030/1030 1039/1039/1039 1031/1031/1031
f 1039/1039/1039 1040/1040/1040 1031/1031/1031
f 1031/1031/1031 1040/1040/1040 1032/1032/1032
f 1040/1040/1040 1041/1041/1041 1032/1032/1032
f 1032/1032/1032 1041/1041/1041 1033/1033/1033
f 1041/1041/1041 1042/1042/1042 1033/1033/1033
f 1033/1033/1033 1042/1042/1042 1034/1034/1034
f 1042/1042/1042 1043/1043/1043 1034/1034/1034
f 1034/1034/1034 1043/1043/1043 1035/1035/1035
f 1043/1043/1043 1044/1044/1044 1035/1035/1035
f 1035/1035/1035 1044/1044/1044 1036/1036/1036
f 1044/1044/1044 1045/1045/1045 1036/1036/1036
f 1036/1036/1036 1045/1045/1045 1037/1037/1037
f 1045/1045/1045 1046/1046/1046 1037/1037/1037
f 1055/1055/1055 1056/1056/1056 1047/1047/1047
f 1056/1056/1056 1057/1057/1057 1048/1048/1048
f 1057/1057/1057 1058/1058/1058 1049/1049/1049
f 1058/1058/1058 1059/1059/1059 1050/1050/1050
f 1059/1059/1059 1060/1060/1060 1051/1051/1051
f 1060/1060/1060 1061/1061/1061 1052/1052/1052
f 1061/1061/1061 1062/1062/1062 1053/1053/1053
f 1062/1062/1062 1063/1063/1063 1054/1054/1054
f 1073/1073/1073 1072/1072/1072 1064/1064/1064
f 1074/1074/1074 1073/1073/1073 1065/1065/1065
f 1075/1075/1075 1074/1074/1074 1066/1066/1066
f 1076/1076/1076 1075/1075/1075 1067/1067/1067
f 1077/1077/1077 1076/1076/1076 1068/1068/1068
f 1078/1078/1078 1077/1077/1077 1069/1069/1069
f 1079/1079/1079 1078/1078/1078 1070/1070/1070
f 1080/1080/1080 1079/1079/1079 1071/1071/1071
o roof_rib_7
usemtl metal
v -1.05 2.874999998211861 1.350000023841858
v -1.0181801944971085 2.888180194497109 1.350000023841858
v -1.0049999982118607 2.9200000000000004 1.350000023841858
v -1.0181801944971085 2.951819805502892 1.350000023841858
v -1.05 2.9650000017881397 1.350000023841858
v -1.0818198055028916 2.951819805502892 1.350000023841858
v -1.0950000017881394 2.9200000000000004 1.350000023841858
v -1.0818198055028916 2.888180194497109 1.350000023841858
v -1.05 2.874999998211861 1.350000023841858
v -1.05 2.87499999821186 -1.350000023841858
v -1.0181801944971085 2.888180194497108 -1.350000023841858
v -1.0049999982118607 2.9199999999999995 -1.350000023841858
v -1.0181801944971085 2.951819805502891 -1.350000023841858
v -1.05 2.965000001788139 -1.350000023841858
v -1.0818198055028916 2.951819805502891 -1.350000023841858
v -1.0950000017881394 2.9199999999999995 -1.350000023841858
v -1.0818198055028916 2.888180194497108 -1.350000023841858
v -1.05 2.87499999821186 -1.350000023841858
v -1.05 2.9200000000000004 1.350000023841858
v -1.05 2.9200000000000004 1.350000023841858
v -1.05 2.9200000000000004 1.350000023841858
v -1.05 2.9200000000000004 1.350000023841858
v -1.05 2.9200000000000004 1.350000023841858
v -1.05 2.9200000000000004 1.350000023841858
v -1.05 2.9200000000000004 1.350000023841858
v -1.05 2.9200000000000004 1.350000023841858
v -1.05 2.874999998211861 1.350000023841858
v -1.0181801944971085 2.888180194497109 1.350000023841858
v -1.0049999982118607 2.9200000000000004 1.350000023841858
v -1.0181801944971085 2.951819805502892 1.350000023841858
v -1.05 2.9650000017881397 1.350000023841858
v -1.0818198055028916 2.951819805502892 1.350000023841858
v -1.0950000017881394 2.9200000000000004 1.350000023841858
v -1.0818198055028916 2.888180194497109 1.350000023841858
v -1.05 2.874999998211861 1.350000023841858
v -1.05 2.9199999999999995 -1.350000023841858
v -1.05 2.9199999999999995 -1.350000023841858
v -1.05 2.9199999999999995 -1.350000023841858
v -1.05 2.9199999999999995 -1.350000023841858
v -1.05 2.9199999999999995 -1.350000023841858
v -1.05 2.9199999999999995 -1.350000023841858
v -1.05 2.9199999999999995 -1.350000023841858
v -1.05 2.9199999999999995 -1.350000023841858
v -1.05 2.87499999821186 -1.350000023841858
v -1.0181801944971085 2.888180194497108 -1.350000023841858
v -1.0049999982118607 2.9199999999999995 -1.350000023841858
v -1.0181801944971085 2.951819805502891 -1.350000023841858
v -1.05 2.965000001788139 -1.350000023841858
v -1.0818198055028916 2.951819805502891 -1.350000023841858
v -1.0950000017881394 2.9199999999999995 -1.350000023841858
v -1.0818198055028916 2.888180194497108 -1.350000023841858
v -1.05 2.87499999821186 -1.350000023841858
vt 0 1
vt 0.125 1
vt 0.25 1
vt 0.375 1
vt 0.5 1
vt 0.625 1
vt 0.75 1
vt 0.875 1
vt 1 1
vt 0 0
vt 0.125 0
vt 0.25 0
vt 0.375 0
vt 0.5 0
vt 0.625 0
vt 0.75 0
vt 0.875 0
vt 1 0
vt 0.5 0.5
vt 0.5 0.5
vt 0.5 0.5
vt 0.5 0.5
vt 0.5 0.5
vt 0.5 0.5
vt 0.5 0.5
vt 0.5 0.5
vt 1 0.5
vt 0.8535534143447876 0.8535534143447876
vt 0.5 1
vt 0.1464466154575348 0.8535534143447876
vt 0 0.5
vt 0.1464466154575348 0.1464466154575348
vt 0.5 0
vt 0.8535534143447876 0.1464466154575348
vt 1 0.5
vt 0.5 0.5
vt 0.5 0.5
vt 0.5 0.5
vt 0.5 0.5
vt 0.5 0.5
vt 0.5 0.5
vt 0.5 0.5
vt 0.5 0.5
vt 1 0.5
vt 0.8535534143447876 0.1464466154575348
vt 0.5 0
vt 0.1464466154575348 0.1464466154575348
vt 0 0.5
vt 0.1464466154575348 0.8535534143447876
vt 0.5 1
vt 0.8535534143447876 0.8535534143447876
vt 1 0.5
vn 0 -1 2.220446049250313e-16
vn 0.7071067811865476 -0.7071067811865476 1.5700924586837752e-16
vn 1 -6.123234262925839e-17 1.3596311327747833e-32
vn 0.7071067811865476 0.7071067811865476 -1.5700924586837752e-16
vn 1.2246468525851679e-16 1 -2.220446049250313e-16
vn -0.7071067811865476 0.7071067811865476 -1.5700924586837752e-16
vn -1 1.8369701465288538e-16 -4.078893104450762e-32
vn -0.7071067811865476 -0.7071067811865476 1.5700924586837752e-16
vn -2.4492937051703357e-16 -1 2.220446049250313e-16
vn 0 -1 2.220446049250313e-16
vn 0.7071067811865476 -0.7071067811865476 1.5700924586837752e-16
vn 1 -6.123234262925839e-17 1.3596311327747833e-32
vn 0.7071067811865476 0.7071067811865476 -1.5700924586837752e-16
vn 1.2246468525851679e-16 1 -2.220446049250313e-16
vn -0.7071067811865476 0.7071067811865476 -1.5700924586837752e-16
vn -1 1.8369701465288538e-16 -4.078893104450762e-32
vn -0.7071067811865476 -0.7071067811865476 1.5700924586837752e-16
vn -2.4492937051703357e-16 -1 2.220446049250313e-16
vn 0 2.220446049250313e-16 1
vn 0 2.220446049250313e-16 1
vn 0 2.220446049250313e-16 1
vn 0 2.220446049250313e-16 1
vn 0 2.220446049250313e-16 1
vn 0 2.220446049250313e-16 1
vn 0 2.220446049250313e-16 1
vn 0 2.220446049250313e-16 1
vn 0 2.220446049250313e-16 1
vn 0 2.220446049250313e-16 1
vn 0 2.220446049250313e-16 1
vn 0 2.220446049250313e-16 1
vn 0 2.220446049250313e-16 1
vn 0 2.220446049250313e-16 1
vn 0 2.220446049250313e-16 1
vn 0 2.220446049250313e-16 1
vn 0 2.220446049250313e-16 1
vn 0 -2.220446049250313e-16 -1
vn 0 -2.220446049250313e-16 -1
vn 0 -2.220446049250313e-16 -1
vn 0 -2.220446049250313e-16 -1
vn 0 -2.220446049250313e-16 -1
vn 0 -2.220446049250313e-16 -1
vn 0 -2.220446049250313e-16 -1
vn 0 -2.220446049250313e-16 -1
vn 0 -2.220446049250313e-16 -1
vn 0 -2.220446049250313e-16 -1
vn 0 -2.220446049250313e-16 -1
vn 0 -2.220446049250313e-16 -1
vn 0 -2.220446049250313e-16 -1
vn 0 -2.220446049250313e-16 -1
vn 0 -2.220446049250313e-16 -1
vn 0 -2.220446049250313e-16 -1
vn 0 -2.220446049250313e-16 -1
f 1081/1081/1081 1090/1090/1090 1082/1082/1082
f 1090/1090/1090 1091/1091/1091 1082/1082/1082
f 1082/1082/1082 1091/1091/1091 1083/1083/1083
f 1091/1091/1091 1092/1092/1092 1083/1083/1083
f 1083/1083/1083 1092/1092/1092 1084/1084/1084
f 1092/1092/1092 1093/1093/1093 1084/1084/1084
f 1084/1084/1084 1093/1093/1093 1085/1085/1085
f 1093/1093/1093 1094/1094/1094 1085/1085/1085
f 1085/1085/1085 1094/1094/1094 1086/1086/1086
f 1094/1094/1094 1095/1095/1095 1086/1086/1086
f 1086/1086/1086 1095/1095/1095 1087/1087/1087
f 1095/1095/1095 1096/1096/1096 1087/1087/1087
f 1087/1087/1087 1096/1096/1096 1088/1088/1088
f 1096/1096/1096 1097/1097/1097 1088/1088/1088
f 1088/1088/1088 1097/1097/1097 1089/1089/1089
f 1097/1097/1097 1098/1098/1098 1089/1089/1089
f 1107/1107/1107 1108/1108/1108 1099/1099/1099
f 1108/1108/1108 1109/1109/1109 1100/1100/1100
f 1109/1109/1109 1110/1110/1110 1101/1101/1101
f 1110/1110/1110 1111/1111/1111 1102/1102/1102
f 1111/1111/1111 1112/1112/1112 1103/1103/1103
f 1112/1112/1112 1113/1113/1113 1104/1104/1104
f 1113/1113/1113 1114/1114/1114 1105/1105/1105
f 1114/1114/1114 1115/1115/1115 1106/1106/1106
f 1125/1125/1125 1124/1124/1124 1116/1116/1116
f 1126/1126/1126 1125/1125/1125 1117/1117/1117
f 1127/1127/1127 1126/1126/1126 1118/1118/1118
f 1128/1128/1128 1127/1127/1127 1119/1119/1119
f 1129/1129/1129 1128/1128/1128 1120/1120/1120
f 1130/1130/1130 1129/1129/1129 1121/1121/1121
f 1131/1131/1131 1130/1130/1130 1122/1122/1122
f 1132/1132/1132 1131/1131/1131 1123/1123/1123
o roof_rib_8
usemtl metal
v -0.8884615384615384 2.874999998211861 1.350000023841858
v -0.8566417329586469 2.888180194497109 1.350000023841858
v -0.8434615366733991 2.9200000000000004 1.350000023841858
v -0.8566417329586469 2.951819805502892 1.350000023841858
v -0.8884615384615384 2.9650000017881397 1.350000023841858
v -0.92028134396443 2.951819805502892 1.350000023841858
v -0.9334615402496778 2.9200000000000004 1.350000023841858
v -0.92028134396443 2.888180194497109 1.350000023841858
v -0.8884615384615384 2.874999998211861 1.350000023841858
v -0.8884615384615384 2.87499999821186 -1.350000023841858
v -0.8566417329586469 2.888180194497108 -1.350000023841858
v -0.8434615366733991 2.9199999999999995 -1.350000023841858
v -0.8566417329586469 2.951819805502891 -1.350000023841858
v -0.8884615384615384 2.965000001788139 -1.350000023841858
v -0.92028134396443 2.951819805502891 -1.350000023841858
v -0.9334615402496778 2.9199999999999995 -1.350000023841858
v -0.92028134396443 2.888180194497108 -1.350000023841858
v -0.8884615384615384 2.87499999821186 -1.350000023841858
v -0.8884615384615384 2.9200000000000004 1.350000023841858
v -0.8884615384615384 2.9200000000000004 1.350000023841858
v -0.8884615384615384 2.9200000000000004 1.350000023841858
v -0.8884615384615384 2.9200000000000004 1.350000023841858
v -0.8884615384615384 2.9200000000000004 1.350000023841858
v -0.8884615384615384 2.9200000000000004 1.350000023841858
v -0.8884615384615384 2.9200000000000004 1.350000023841858
v -0.8884615384615384 2.9200000000000004 1.350000023841858
v -0.8884615384615384 2.874999998211861 1.350000023841858
v -0.8566417329586469 2.888180194497109 1.350000023841858
v -0.8434615366733991 2.9200000000000004 1.350000023841858
v -0.8566417329586469 2.951819805502892 1.350000023841858
v -0.8884615384615384 2.9650000017881397 1.350000023841858
v -0.92028134396443 2.951819805502892 1.350000023841858
v -0.9334615402496778 2.9200000000000004 1.350000023841858
v -0.92028134396443 2.888180194497109 1.350000023841858
v -0.8884615384615384 2.874999998211861 1.350000023841858
v -0.8884615384615384 2.9199999999999995 -1.350000023841858
v -0.8884615384615384 2.9199999999999995 -1.350000023841858
v -0.8884615384615384 2.9199999999999995 -1.350000023841858
v -0.8884615384615384 2.9199999999999995 -1.350000023841858
v -0.8884615384615384 2.9199999999999995 -1.350000023841858
v -0.8884615384615384 2.9199999999999995 -1.350000023841858
v -0.8884615384615384 2.9199999999999995 -1.350000023841858
v -0.8884615384615384 2.9199999999999995 -1.350000023841858
v -0.8884615384615384 2.87499999821186 -1.350000023841858
v -0.8566417329586469 2.888180194497108 -1.350000023841858
v -0.8434615366733991 2.9199999999999995 -1.350000023841858
v -0.8566417329586469 2.951819805502891 -1.350000023841858
v -0.8884615384615384 2.965000001788139 -1.350000023841858
v -0.92028134396443 2.951819805502891 -1.350000023841858
v -0.9334615402496778 2.9199999999999995 -1.350000023841858
v -0.92028134396443 2.888180194497108 -1.350000023841858
v -0.8884615384615384 2.87499999821186 -1.350000023841858
vt 0 1
vt 0.125 1
vt 0.25 1
vt 0.375 1
vt 0.5 1
vt 0.625 1
vt 0.75 1
vt 0.875 1
vt 1 1
vt 0 0
vt 0.125 0
vt 0.25 0
vt 0.375 0
vt 0.5 0
vt 0.625 0
vt 0.75 0
vt 0.875 0
vt 1 0
vt 0.5 0.5
vt 0.5 0.5
vt 0.5 0.5
vt 0.5 0.5
vt 0.5 0.5
vt 0.5 0.5
vt 0.5 0.5
vt 0.5 0.5
vt 1 0.5
vt 0.8535534143447876 0.8535534143447876
vt 0.5 1
vt 0.1464466154575348 0.8535534143447876
vt 0 0.5
vt 0.1464466154575348 0.1464466154575348
vt 0.5 0
vt 0.8535534143447876 0.1464466154575348
vt 1 0.5
vt 0.5 0.5
vt 0.5 0.5
vt 0.5 0.5
vt 0.5 0.5
vt 0.5 0.5
vt 0.5 0.5
vt 0.5 0.5
vt 0.5 0.5
vt 1 0.5
vt 0.8535534143447876 0.1464466154575348
vt 0.5 0
vt 0.1464466154575348 0.1464466154575348
vt 0 0.5
vt 0.1464466154575348 0.8535534143447876
vt 0.5 1
vt 0.8535534143447876 0.8535534143447876
vt 1 0.5
vn 0 -1 2.220446049250313e-16
vn 0.7071067811865476 -0.7071067811865476 1.5700924586837752e-16
vn 1 -6.123234262925839e-17 1.3596311327747833e-32
vn 0.7071067811865476 0.7071067811865476 -1.5700924586837752e-16
vn 1.2246468525851679e-16 1 -2.220446049250313e-16
vn -0.7071067811865476 0.7071067811865476 -1.5700924586837752e-16
vn -1 1.8369701465288538e-16 -4.078893104450762e-32
vn -0.7071067811865476 -0.7071067811865476 1.5700924586837752e-16
vn -2.4492937051703357e-16 -1 2.220446049250313e-16
vn 0 -1 2.220446049250313e-16
vn 0.7071067811865476 -0.7071067811865476 1.5700924586837752e-16
vn 1 -6.123234262925839e-17 1.3596311327747833e-32
vn 0.7071067811865476 0.7071067811865476 -1.5700924586837752e-16
vn 1.2246468525851679e-16 1 -2.220446049250313e-16
vn -0.7071067811865476 0.7071067811865476 -1.5700924586837752e-16
vn -1 1.8369701465288538e-16 -4.078893104450762e-32
vn -0.7071067811865476 -0.7071067811865476 1.5700924586837752e-16
vn -2.4492937051703357e-16 -1 2.220446049250313e-16
vn 0 2.220446049250313e-16 1
vn 0 2.220446049250313e-16 1
vn 0 2.220446049250313e-16 1
vn 0 2.220446049250313e-16 1
vn 0 2.220446049250313e-16 1
vn 0 2.220446049250313e-16 1
vn 0 2.220446049250313e-16 1
vn 0 2.220446049250313e-16 1
vn 0 2.220446049250313e-16 1
vn 0 2.220446049250313e-16 1
vn 0 2.220446049250313e-16 1
vn 0 2.220446049250313e-16 1
vn 0 2.220446049250313e-16 1
vn 0 2.220446049250313e-16 1
vn 0 2.220446049250313e-16 1
vn 0 2.220446049250313e-16 1
vn 0 2.220446049250313e-16 1
vn 0 -2.220446049250313e-16 -1
vn 0 -2.220446049250313e-16 -1
vn 0 -2.220446049250313e-16 -1
vn 0 -2.220446049250313e-16 -1
vn 0 -2.220446049250313e-16 -1
vn 0 -2.220446049250313e-16 -1
vn 0 -2.220446049250313e-16 -1
vn 0 -2.220446049250313e-16 -1
vn 0 -2.220446049250313e-16 -1
vn 0 -2.220446049250313e-16 -1
vn 0 -2.220446049250313e-16 -1
vn 0 -2.220446049250313e-16 -1
vn 0 -2.220446049250313e-16 -1
vn 0 -2.220446049250313e-16 -1
vn 0 -2.220446049250313e-16 -1
vn 0 -2.220446049250313e-16 -1
vn 0 -2.220446049250313e-16 -1
f 1133/1133/1133 1142/1142/1142 1134/1134/1134
f 1142/1142/1142 1143/1143/1143 1134/1134/1134
f 1134/1134/1134 1143/1143/1143 1135/1135/1135
f 1143/1143/1143 1144/1144/1144 1135/1135/1135
f 1135/1135/1135 1144/1144/1144 1136/1136/1136
f 1144/1144/1144 1145/1145/1145 1136/1136/1136
f 1136/1136/1136 1145/1145/1145 1137/1137/1137
f 1145/1145/1145 1146/1146/1146 1137/1137/1137
f 1137/1137/1137 1146/1146/1146 1138/1138/1138
f 1146/1146/1146 1147/1147/1147 1138/1138/1138
f 1138/1138/1138 1147/1147/1147 1139/1139/1139
f 1147/1147/1147 1148/1148/1148 1139/1139/1139
f 1139/1139/1139 1148/1148/1148 1140/1140/1140
f 1148/1148/1148 1149/1149/1149 1140/1140/1140
f 1140/1140/1140 1149/1149/1149 1141/1141/1141
f 1149/1149/1149 1150/1150/1150 1141/1141/1141
f 1159/1159/1159 1160/1160/1160 1151/1151/1151
f 1160/1160/1160 1161/1161/1161 1152/1152/1152
f 1161/1161/1161 1162/1162/1162 1153/1153/1153
f 1162/1162/1162 1163/1163/1163 1154/1154/1154
f 1163/1163/1163 1164/1164/1164 1155/1155/1155
f 1164/1164/1164 1165/1165/1165 1156/1156/1156
f 1165/1165/1165 1166/1166/1166 1157/1157/1157
f 1166/1166/1166 1167/1167/1167 1158/1158/1158
f 1177/1177/1177 1176/1176/1176 1168/1168/1168
f 1178/1178/1178 1177/1177/1177 1169/1169/1169
f 1179/1179/1179 1178/1178/1178 1170/1170/1170
f 1180/1180/1180 1179/1179/1179 1171/1171/1171
f 1181/1181/1181 1180/1180/1180 1172/1172/1172
f 1182/1182/1182 1181/1181/1181 1173/1173/1173
f 1183/1183/1183 1182/1182/1182 1174/1174/1174
f 1184/1184/1184 1183/1183/1183 1175/1175/1175
o roof_rib_9
usemtl metal
v -0.726923076923077 2.874999998211861 1.350000023841858
v -0.6951032714201855 2.888180194497109 1.350000023841858
v -0.6819230751349377 2.9200000000000004 1.350000023841858
v -0.6951032714201855 2.951819805502892 1.350000023841858
v -0.726923076923077 2.9650000017881397 1.350000023841858
v -0.7587428824259685 2.951819805502892 1.350000023841858
v -0.7719230787112163 2.9200000000000004 1.350000023841858
v -0.7587428824259685 2.888180194497109 1.350000023841858
v -0.726923076923077 2.874999998211861 1.350000023841858
v -0.726923076923077 2.87499999821186 -1.350000023841858
v -0.6951032714201855 2.888180194497108 -1.350000023841858
v -0.6819230751349377 2.9199999999999995 -1.350000023841858
v -0.6951032714201855 2.951819805502891 -1.350000023841858
v -0.726923076923077 2.965000001788139 -1.350000023841858
v -0.7587428824259685 2.951819805502891 -1.350000023841858
v -0.7719230787112163 2.9199999999999995 -1.350000023841858
v -0.7587428824259685 2.888180194497108 -1.350000023841858
v -0.726923076923077 2.87499999821186 -1.350000023841858
v -0.726923076923077 2.9200000000000004 1.350000023841858
v -0.726923076923077 2.9200000000000004 1.350000023841858
v -0.726923076923077 2.9200000000000004 1.350000023841858
v -0.726923076923077 2.9200000000000004 1.350000023841858
v -0.726923076923077 2.9200000000000004 1.350000023841858
v -0.726923076923077 2.9200000000000004 1.350000023841858
v -0.726923076923077 2.9200000000000004 1.350000023841858
v -0.726923076923077 2.9200000000000004 1.350000023841858
v -0.726923076923077 2.874999998211861 1.350000023841858
v -0.6951032714201855 2.888180194497109 1.350000023841858
v -0.6819230751349377 2.9200000000000004 1.350000023841858
v -0.6951032714201855 2.951819805502892 1.350000023841858
v -0.726923076923077 2.9650000017881397 1.350000023841858
v -0.7587428824259685 2.951819805502892 1.350000023841858
v -0.7719230787112163 2.9200000000000004 1.350000023841858
v -0.7587428824259685 2.888180194497109 1.350000023841858
v -0.726923076923077 2.874999998211861 1.350000023841858
v -0.726923076923077 2.9199999999999995 -1.350000023841858
v -0.726923076923077 2.9199999999999995 -1.350000023841858
v -0.726923076923077 2.9199999999999995 -1.350000023841858
v -0.726923076923077 2.9199999999999995 -1.350000023841858
v -0.726923076923077 2.9199999999999995 -1.350000023841858
v -0.726923076923077 2.9199999999999995 -1.350000023841858
v -0.726923076923077 2.9199999999999995 -1.350000023841858
v -0.726923076923077 2.9199999999999995 -1.350000023841858
v -0.726923076923077 2.87499999821186 -1.350000023841858
v -0.6951032714201855 2.888180194497108 -1.350000023841858
v -0.6819230751349377 2.9199999999999995 -1.350000023841858
v -0.6951032714201855 2.951819805502891 -1.350000023841858
v -0.726923076923077 2.965000001788139 -1.350000023841858
v -0.7587428824259685 2.951819805502891 -1.350000023841858
v -0.7719230787112163 2.9199999999999995 -1.350000023841858
v -0.7587428824259685 2.888180194497108 -1.350000023841858
v -0.726923076923077 2.87499999821186 -1.350000023841858
vt 0 1
vt 0.125 1
vt 0.25 1
vt 0.375 1
vt 0.5 1
vt 0.625 1
vt 0.75 1
vt 0.875 1
vt 1 1
vt 0 0
vt 0.125 0
vt 0.25 0
vt 0.375 0
vt 0.5 0
vt 0.625 0
vt 0.75 0
vt 0.875 0
vt 1 0
vt 0.5 0.5
vt 0.5 0.5
vt 0.5 0.5
vt 0.5 0.5
vt 0.5 0.5
vt 0.5 0.5
vt 0.5 0.5
vt 0.5 0.5
vt 1 0.5
vt 0.8535534143447876 0.8535534143447876
vt 0.5 1
vt 0.1464466154575348 0.8535534143447876
vt 0 0.5
vt 0.1464466154575348 0.1464466154575348
vt 0.5 0
vt 0.8535534143447876 0.1464466154575348
vt 1 0.5
vt 0.5 0.5
vt 0.5 0.5
vt 0.5 0.5
vt 0.5 0.5
vt 0.5 0.5
vt 0.5 0.5
vt 0.5 0.5
vt 0.5 0.5
vt 1 0.5
vt 0.8535534143447876 0.1464466154575348
vt 0.5 0
vt 0.1464466154575348 0.1464466154575348
vt 0 0.5
vt 0.1464466154575348 0.8535534143447876
vt 0.5 1
vt 0.8535534143447876 0.8535534143447876
vt 1 0.5
vn 0 -1 2.220446049250313e-16
vn 0.7071067811865476 -0.7071067811865476 1.5700924586837752e-16
vn 1 -6.123234262925839e-17 1.3596311327747833e-32
vn 0.7071067811865476 0.7071067811865476 -1.5700924586837752e-16
vn 1.2246468525851679e-16 1 -2.220446049250313e-16
vn -0.7071067811865476 0.7071067811865476 -1.5700924586837752e-16
vn -1 1.8369701465288538e-16 -4.078893104450762e-32
vn -0.7071067811865476 -0.7071067811865476 1.5700924586837752e-16
vn -2.4492937051703357e-16 -1 2.220446049250313e-16
vn 0 -1 2.220446049250313e-16
vn 0.7071067811865476 -0.7071067811865476 1.5700924586837752e-16
vn 1 -6.123234262925839e-17 1.3596311327747833e-32
vn 0.7071067811865476 0.7071067811865476 -1.5700924586837752e-16
vn 1.2246468525851679e-16 1 -2.220446049250313e-16
vn -0.7071067811865476 0.7071067811865476 -1.5700924586837752e-16
vn -1 1.8369701465288538e-16 -4.078893104450762e-32
vn -0.7071067811865476 -0.7071067811865476 1.5700924586837752e-16
vn -2.4492937051703357e-16 -1 2.220446049250313e-16
vn 0 2.220446049250313e-16 1
vn 0 2.220446049250313e-16 1
vn 0 2.220446049250313e-16 1
vn 0 2.220446049250313e-16 1
vn 0 2.220446049250313e-16 1
vn 0 2.220446049250313e-16 1
vn 0 2.220446049250313e-16 1
vn 0 2.220446049250313e-16 1
vn 0 2.220446049250313e-16 1
vn 0 2.220446049250313e-16 1
vn 0 2.220446049250313e-16 1
vn 0 2.220446049250313e-16 1
vn 0 2.220446049250313e-16 1
vn 0 2.220446049250313e-16 1
vn 0 2.220446049250313e-16 1
vn 0 2.220446049250313e-16 1
vn 0 2.220446049250313e-16 1
vn 0 -2.220446049250313e-16 -1
vn 0 -2.220446049250313e-16 -1
vn 0 -2.220446049250313e-16 -1
vn 0 -2.220446049250313e-16 -1
vn 0 -2.220446049250313e-16 -1
vn 0 -2.220446049250313e-16 -1
vn 0 -2.220446049250313e-16 -1
vn 0 -2.220446049250313e-16 -1
vn 0 -2.220446049250313e-16 -1
vn 0 -2.220446049250313e-16 -1
vn 0 -2.220446049250313e-16 -1
vn 0 -2.220446049250313e-16 -1
vn 0 -2.220446049250313e-16 -1
vn 0 -2.220446049250313e-16 -1
vn 0 -2.220446049250313e-16 -1
vn 0 -2.220446049250313e-16 -1
vn 0 -2.220446049250313e-16 -1
f 1185/1185/1185 1194/1194/1194 1186/1186/1186
f 1194/1194/1194 1195/1195/1195 1186/1186/1186
f 1186/1186/1186 1195/1195/1195 1187/1187/1187
f 1195/1195/1195 1196/1196/1196 1187/1187/1187
f 1187/1187/1187 1196/1196/1196 1188/1188/1188
f 1196/1196/1196 1197/1197/1197 1188/1188/1188
f 1188/1188/1188 1197/1197/1197 1189/1189/1189
f 1197/1197/1197 1198/1198/1198 1189/1189/1189
f 1189/1189/1189 1198/1198/1198 1190/1190/1190
f 1198/1198/1198 1199/1199/1199 1190/1190/1190
f 1190/1190/1190 1199/1199/1199 1191/1191/1191
f 1199/1199/1199 1200/1200/1200 1191/1191/1191
f 1191/1191/1191 1200/1200/1200 1192/1192/1192
f 1200/1200/1200 1201/1201/1201 1192/1192/1192
f 1192/1192/1192 1201/1201/1201 1193/1193/1193
f 1201/1201/1201 1202/1202/1202 1193/1193/1193
f 1211/1211/1211 1212/1212/1212 1203/1203/1203
f 1212/1212/1212 1213/1213/1213 1204/1204/1204
f 1213/1213/1213 1214/1214/1214 1205/1205/1205
f 1214/1214/1214 1215/1215/1215 1206/1206/1206
f 1215/1215/1215 1216/1216/1216 1207/1207/1207
f 1216/1216/1216 1217/1217/1217 1208/1208/1208
f 1217/1217/1217 1218/1218/1218 1209/1209/1209
f 1218/1218/1218 1219/1219/1219 1210/1210/1210
f 1229/1229/1229 1228/1228/1228 1220/1220/1220
f 1230/1230/1230 1229/1229/1229 1221/1221/1221
f 1231/1231/1231 1230/1230/1230 1222/1222/1222
f 1232/1232/1232 1231/1231/1231 1223/1223/1223
f 1233/1233/1233 1232/1232/1232 1224/1224/1224
f 1234/1234/1234 1233/1233/1233 1225/1225/1225
f 1235/1235/1235 1234/1234/1234 1226/1226/1226
f 1236/1236/1236 1235/1235/1235 1227/1227/1227
o roof_rib_10
usemtl metal
v -0.5653846153846154 2.874999998211861 1.350000023841858
v -0.5335648098817238 2.888180194497109 1.350000023841858
v -0.520384613596476 2.9200000000000004 1.350000023841858
v -0.5335648098817238 2.951819805502892 1.350000023841858
v -0.5653846153846154 2.9650000017881397 1.350000023841858
v -0.5972044208875069 2.951819805502892 1.350000023841858
v -0.6103846171727547 2.9200000000000004 1.350000023841858
v -0.5972044208875069 2.888180194497109 1.350000023841858
v -0.5653846153846154 2.874999998211861 1.350000023841858
v -0.5653846153846154 2.87499999821186 -1.350000023841858
v -0.5335648098817238 2.888180194497108 -1.350000023841858
v -0.520384613596476 2.9199999999999995 -1.350000023841858
v -0.5335648098817238 2.951819805502891 -1.350000023841858
v -0.5653846153846154 2.965000001788139 -1.350000023841858
v -0.5972044208875069 2.951819805502891 -1.350000023841858
v -0.6103846171727547 2.9199999999999995 -1.350000023841858
v -0.5972044208875069 2.888180194497108 -1.350000023841858
v -0.5653846153846154 2.87499999821186 -1.350000023841858
v -0.5653846153846154 2.9200000000000004 1.350000023841858
v -0.5653846153846154 2.9200000000000004 1.350000023841858
v -0.5653846153846154 2.9200000000000004 1.350000023841858
v -0.5653846153846154 2.9200000000000004 1.350000023841858
v -0.5653846153846154 2.9200000000000004 1.350000023841858
v -0.5653846153846154 2.9200000000000004 1.350000023841858
v -0.5653846153846154 2.9200000000000004 1.350000023841858
v -0.5653846153846154 2.9200000000000004 1.350000023841858
v -0.5653846153846154 2.874999998211861 1.350000023841858
v -0.5335648098817238 2.888180194497109 1.350000023841858
v -0.520384613596476 2.9200000000000004 1.350000023841858
v -0.5335648098817238 2.951819805502892 1.350000023841858
v -0.5653846153846154 2.9650000017881397 1.350000023841858
v -0.5972044208875069 2.951819805502892 1.350000023841858
v -0.6103846171727547 2.9200000000000004 1.350000023841858
v -0.5972044208875069 2.888180194497109 1.350000023841858
v -0.5653846153846154 2.874999998211861 1.350000023841858
v -0.5653846153846154 2.9199999999999995 -1.350000023841858
v -0.5653846153846154 2.9199999999999995 -1.350000023841858
v -0.5653846153846154 2.9199999999999995 -1.350000023841858
v -0.5653846153846154 2.9199999999999995 -1.350000023841858
v -0.5653846153846154 2.9199999999999995 -1.350000023841858
v -0.5653846153846154 2.9199999999999995 -1.350000023841858
v -0.5653846153846154 2.9199999999999995 -1.350000023841858
v -0.5653846153846154 2.9199999999999995 -1.350000023841858
v -0.5653846153846154 2.87499999821186 -1.350000023841858
v -0.5335648098817238 2.888180194497108 -1.350000023841858
v -0.520384613596476 2.9199999999999995 -1.350000023841858
v -0.5335648098817238 2.951819805502891 -1.350000023841858
v -0.5653846153846154 2.965000001788139 -1.350000023841858
v -0.5972044208875069 2.951819805502891 -1.350000023841858
v -0.6103846171727547 2.9199999999999995 -1.350000023841858
v -0.5972044208875069 2.888180194497108 -1.350000023841858
v -0.5653846153846154 2.87499999821186 -1.350000023841858
vt 0 1
vt 0.125 1
vt 0.25 1
vt 0.375 1
vt 0.5 1
vt 0.625 1
vt 0.75 1
vt 0.875 1
vt 1 1
vt 0 0
vt 0.125 0
vt 0.25 0
vt 0.375 0
vt 0.5 0
vt 0.625 0
vt 0.75 0
vt 0.875 0
vt 1 0
vt 0.5 0.5
vt 0.5 0.5
vt 0.5 0.5
vt 0.5 0.5
vt 0.5 0.5
vt 0.5 0.5
vt 0.5 0.5
vt 0.5 0.5
vt 1 0.5
vt 0.8535534143447876 0.8535534143447876
vt 0.5 1
vt 0.1464466154575348 0.8535534143447876
vt 0 0.5
vt 0.1464466154575348 0.1464466154575348
vt 0.5 0
vt 0.8535534143447876 0.1464466154575348
vt 1 0.5
vt 0.5 0.5
vt 0.5 0.5
vt 0.5 0.5
vt 0.5 0.5
vt 0.5 0.5
vt 0.5 0.5
vt 0.5 0.5
vt 0.5 0.5
vt 1 0.5
vt 0.8535534143447876 0.1464466154575348
vt 0.5 0
vt 0.1464466154575348 0.1464466154575348
vt 0 0.5
vt 0.1464466154575348 0.8535534143447876
vt 0.5 1
vt 0.8535534143447876 0.8535534143447876
vt 1 0.5
vn 0 -1 2.220446049250313e-16
vn 0.7071067811865476 -0.7071067811865476 1.5700924586837752e-16
vn 1 -6.123234262925839e-17 1.3596311327747833e-32
vn 0.7071067811865476 0.7071067811865476 -1.5700924586837752e-16
vn 1.2246468525851679e-16 1 -2.220446049250313e-16
vn -0.7071067811865476 0.7071067811865476 -1.5700924586837752e-16
vn -1 1.8369701465288538e-16 -4.078893104450762e-32
vn -0.7071067811865476 -0.7071067811865476 1.5700924586837752e-16
vn -2.4492937051703357e-16 -1 2.220446049250313e-16
vn 0 -1 2.220446049250313e-16
vn 0.7071067811865476 -0.7071067811865476 1.5700924586837752e-16
vn 1 -6.123234262925839e-17 1.3596311327747833e-32
vn 0.7071067811865476 0.7071067811865476 -1.5700924586837752e-16
vn 1.2246468525851679e-16 1 -2.220446049250313e-16
vn -0.7071067811865476 0.7071067811865476 -1.5700924586837752e-16
vn -1 1.8369701465288538e-16 -4.078893104450762e-32
vn -0.7071067811865476 -0.7071067811865476 1.5700924586837752e-16
vn -2.4492937051703357e-16 -1 2.220446049250313e-16
vn 0 2.220446049250313e-16 1
vn 0 2.220446049250313e-16 1
vn 0 2.220446049250313e-16 1
vn 0 2.220446049250313e-16 1
vn 0 2.220446049250313e-16 1
vn 0 2.220446049250313e-16 1
vn 0 2.220446049250313e-16 1
vn 0 2.220446049250313e-16 1
vn 0 2.220446049250313e-16 1
vn 0 2.220446049250313e-16 1
vn 0 2.220446049250313e-16 1
vn 0 2.220446049250313e-16 1
vn 0 2.220446049250313e-16 1
vn 0 2.220446049250313e-16 1
vn 0 2.220446049250313e-16 1
vn 0 2.220446049250313e-16 1
vn 0 2.220446049250313e-16 1
vn 0 -2.220446049250313e-16 -1
vn 0 -2.220446049250313e-16 -1
vn 0 -2.220446049250313e-16 -1
vn 0 -2.220446049250313e-16 -1
vn 0 -2.220446049250313e-16 -1
vn 0 -2.220446049250313e-16 -1
vn 0 -2.220446049250313e-16 -1
vn 0 -2.220446049250313e-16 -1
vn 0 -2.220446049250313e-16 -1
vn 0 -2.220446049250313e-16 -1
vn 0 -2.220446049250313e-16 -1
vn 0 -2.220446049250313e-16 -1
vn 0 -2.220446049250313e-16 -1
vn 0 -2.220446049250313e-16 -1
vn 0 -2.220446049250313e-16 -1
vn 0 -2.220446049250313e-16 -1
vn 0 -2.220446049250313e-16 -1
f 1237/1237/1237 1246/1246/1246 1238/1238/1238
f 1246/1246/1246 1247/1247/1247 1238/1238/1238
f 1238/1238/1238 1247/1247/1247 1239/1239/1239
f 1247/1247/1247 1248/1248/1248 1239/1239/1239
f 1239/1239/1239 1248/1248/1248 1240/1240/1240
f 1248/1248/1248 1249/1249/1249 1240/1240/1240
f 1240/1240/1240 1249/1249/1249 1241/1241/1241
f 1249/1249/1249 1250/1250/1250 1241/1241/1241
f 1241/1241/1241 1250/1250/1250 1242/1242/1242
f 1250/1250/1250 1251/1251/1251 1242/1242/1242
f 1242/1242/1242 1251/1251/1251 1243/1243/1243
f 1251/1251/1251 1252/1252/1252 1243/1243/1243
f 1243/1243/1243 1252/1252/1252 1244/1244/1244
f 1252/1252/1252 1253/1253/1253 1244/1244/1244
f 1244/1244/1244 1253/1253/1253 1245/1245/1245
f 1253/1253/1253 1254/1254/1254 1245/1245/1245
f 1263/1263/1263 1264/1264/1264 1255/1255/1255
f 1264/1264/1264 1265/1265/1265 1256/1256/1256
f 1265/1265/1265 1266/1266/1266 1257/1257/1257
f 1266/1266/1266 1267/1267/1267 1258/1258/1258
f 1267/1267/1267 1268/1268/1268 1259/1259/1259
f 1268/1268/1268 1269/1269/1269 1260/1260/1260
f 1269/1269/1269 1270/1270/1270 1261/1261/1261
f 1270/1270/1270 1271/1271/1271 1262/1262/1262
f 1281/1281/1281 1280/1280/1280 1272/1272/1272
f 1282/1282/1282 1281/1281/1281 1273/1273/1273
f 1283/1283/1283 1282/1282/1282 1274/1274/1274
f 1284/1284/1284 1283/1283/1283 1275/1275/1275
f 1285/1285/1285 1284/1284/1284 1276/1276/1276
f 1286/1286/1286 1285/1285/1285 1277/1277/1277
f 1287/1287/1287 1286/1286/1286 1278/1278/1278
f 1288/1288/1288 1287/1287/1287 1279/1279/1279
o roof_rib_11
usemtl metal
v -0.40384615384615374 2.874999998211861 1.350000023841858
v -0.3720263483432622 2.888180194497109 1.350000023841858
v -0.3588461520580144 2.9200000000000004 1.350000023841858
v -0.3720263483432622 2.951819805502892 1.350000023841858
v -0.40384615384615374 2.9650000017881397 1.350000023841858
v -0.4356659593490453 2.951819805502892 1.350000023841858
v -0.4488461556342931 2.9200000000000004 1.350000023841858
v -0.4356659593490453 2.888180194497109 1.350000023841858
v -0.40384615384615374 2.874999998211861 1.350000023841858
v -0.40384615384615374 2.87499999821186 -1.350000023841858
v -0.3720263483432622 2.888180194497108 -1.350000023841858
v -0.3588461520580144 2.9199999999999995 -1.350000023841858
v -0.3720263483432622 2.951819805502891 -1.350000023841858
v -0.40384615384615374 2.965000001788139 -1.350000023841858
v -0.4356659593490453 2.951819805502891 -1.350000023841858
v -0.4488461556342931 2.9199999999999995 -1.350000023841858
v -0.4356659593490453 2.888180194497108 -1.350000023841858
v -0.40384615384615374 2.87499999821186 -1.350000023841858
v -0.40384615384615374 2.9200000000000004 1.350000023841858
v -0.40384615384615374 2.9200000000000004 1.350000023841858
v -0.40384615384615374 2.9200000000000004 1.350000023841858
v -0.40384615384615374 2.9200000000000004 1.350000023841858
v -0.40384615384615374 2.9200000000000004 1.350000023841858
v -0.40384615384615374 2.9200000000000004 1.350000023841858
v -0.40384615384615374 2.9200000000000004 1.350000023841858
v -0.40384615384615374 2.9200000000000004 1.350000023841858
v -0.40384615384615374 2.874999998211861 1.350000023841858
v -0.3720263483432622 2.888180194497109 1.350000023841858
v -0.3588461520580144 2.9200000000000004 1.350000023841858
v -0.3720263483432622 2.951819805502892 1.350000023841858
v -0.40384615384615374 2.9650000017881397 1.350000023841858
v -0.4356659593490453 2.951819805502892 1.350000023841858
v -0.4488461556342931 2.9200000000000004 1.350000023841858
v -0.4356659593490453 2.888180194497109 1.350000023841858
v -0.40384615384615374 2.874999998211861 1.350000023841858
v -0.40384615384615374 2.9199999999999995 -1.350000023841858
v -0.40384615384615374 2.9199999999999995 -1.350000023841858
v -0.40384615384615374 2.9199999999999995 -1.350000023841858
v -0.40384615384615374 2.9199999999999995 -1.350000023841858
v -0.40384615384615374 2.9199999999999995 -1.350000023841858
v -0.40384615384615374 2.9199999999999995 -1.350000023841858
v -0.40384615384615374 2.9199999999999995 -1.350000023841858
v -0.40384615384615374 2.9199999999999995 -1.350000023841858
v -0.40384615384615374 2.87499999821186 -1.350000023841858
v -0.3720263483432622 2.888180194497108 -1.350000023841858
v -0.3588461520580144 2.9199999999999995 -1.350000023841858
v -0.3720263483432622 2.951819805502891 -1.350000023841858
v -0.40384615384615374 2.965000001788139 -1.350000023841858
v -0.4356659593490453 2.951819805502891 -1.350000023841858
v -0.4488461556342931 2.9199999999999995 -1.350000023841858
v -0.4356659593490453 2.888180194497108 -1.350000023841858
v -0.40384615384615374 2.87499999821186 -1.350000023841858
vt 0 1
vt 0.125 1
vt 0.25 1
vt 0.375 1
vt 0.5 1
vt 0.625 1
vt 0.75 1
vt 0.875 1
vt 1 1
vt 0 0
vt 0.125 0
vt 0.25 0
vt 0.375 0
vt 0.5 0
vt 0.625 0
vt 0.75 0
vt 0.875 0
vt 1 0
vt 0.5 0.5
vt 0.5 0.5
vt 0.5 0.5
vt 0.5 0.5
vt 0.5 0.5
vt 0.5 0.5
vt 0.5 0.5
vt 0.5 0.5
vt 1 0.5
vt 0.8535534143447876 0.8535534143447876
vt 0.5 1
vt 0.1464466154575348 0.8535534143447876
vt 0 0.5
vt 0.1464466154575348 0.1464466154575348
vt 0.5 0
vt 0.8535534143447876 0.1464466154575348
vt 1 0.5
vt 0.5 0.5
vt 0.5 0.5
vt 0.5 0.5
vt 0.5 0.5
vt 0.5 0.5
vt 0.5 0.5
vt 0.5 0.5
vt 0.5 0.5
vt 1 0.5
vt 0.8535534143447876 0.1464466154575348
vt 0.5 0
vt 0.1464466154575348 0.1464466154575348
vt 0 0.5
vt 0.1464466154575348 0.8535534143447876
vt 0.5 1
vt 0.8535534143447876 0.8535534143447876
vt 1 0.5
vn 0 -1 2.220446049250313e-16
vn 0.7071067811865476 -0.7071067811865476 1.5700924586837752e-16
vn 1 -6.123234262925839e-17 1.3596311327747833e-32
vn 0.7071067811865476 0.7071067811865476 -1.5700924586837752e-16
vn 1.2246468525851679e-16 1 -2.220446049250313e-16
vn -0.7071067811865476 0.7071067811865476 -1.5700924586837752e-16
vn -1 1.8369701465288538e-16 -4.078893104450762e-32
vn -0.7071067811865476 -0.7071067811865476 1.5700924586837752e-16
vn -2.4492937051703357e-16 -1 2.220446049250313e-16
vn 0 -1 2.220446049250313e-16
vn 0.7071067811865476 -0.7071067811865476 1.5700924586837752e-16
vn 1 -6.123234262925839e-17 1.3596311327747833e-32
vn 0.7071067811865476 0.7071067811865476 -1.5700924586837752e-16
vn 1.2246468525851679e-16 1 -2.220446049250313e-16
vn -0.7071067811865476 0.7071067811865476 -1.5700924586837752e-16
vn -1 1.8369701465288538e-16 -4.078893104450762e-32
vn -0.7071067811865476 -0.7071067811865476 1.5700924586837752e-16
vn -2.4492937051703357e-16 -1 2.220446049250313e-16
vn 0 2.220446049250313e-16 1
vn 0 2.220446049250313e-16 1
vn 0 2.220446049250313e-16 1
vn 0 2.220446049250313e-16 1
vn 0 2.220446049250313e-16 1
vn 0 2.220446049250313e-16 1
vn 0 2.220446049250313e-16 1
vn 0 2.220446049250313e-16 1
vn 0 2.220446049250313e-16 1
vn 0 2.220446049250313e-16 1
vn 0 2.220446049250313e-16 1
vn 0 2.220446049250313e-16 1
vn 0 2.220446049250313e-16 1
vn 0 2.220446049250313e-16 1
vn 0 2.220446049250313e-16 1
vn 0 2.220446049250313e-16 1
vn 0 2.220446049250313e-16 1
vn 0 -2.220446049250313e-16 -1
vn 0 -2.220446049250313e-16 -1
vn 0 -2.220446049250313e-16 -1
vn 0 -2.220446049250313e-16 -1
vn 0 -2.220446049250313e-16 -1
vn 0 -2.220446049250313e-16 -1
vn 0 -2.220446049250313e-16 -1
vn 0 -2.220446049250313e-16 -1
vn 0 -2.220446049250313e-16 -1
vn 0 -2.220446049250313e-16 -1
vn 0 -2.220446049250313e-16 -1
vn 0 -2.220446049250313e-16 -1
vn 0 -2.220446049250313e-16 -1
vn 0 -2.220446049250313e-16 -1
vn 0 -2.220446049250313e-16 -1
vn 0 -2.220446049250313e-16 -1
vn 0 -2.220446049250313e-16 -1
f 1289/1289/1289 1298/1298/1298 1290/1290/1290
f 1298/1298/1298 1299/1299/1299 1290/1290/1290
f 1290/1290/1290 1299/1299/1299 1291/1291/1291
f 1299/1299/1299 1300/1300/1300 1291/1291/1291
f 1291/1291/1291 1300/1300/1300 1292/1292/1292
f 1300/1300/1300 1301/1301/1301 1292/1292/1292
f 1292/1292/1292 1301/1301/1301 1293/1293/1293
f 1301/1301/1301 1302/1302/1302 1293/1293/1293
f 1293/1293/1293 1302/1302/1302 1294/1294/1294
f 1302/1302/1302 1303/1303/1303 1294/1294/1294
f 1294/1294/1294 1303/1303/1303 1295/1295/1295
f 1303/1303/1303 1304/1304/1304 1295/1295/1295
f 1295/1295/1295 1304/1304/1304 1296/1296/1296
f 1304/1304/1304 1305/1305/1305 1296/1296/1296
f 1296/1296/1296 1305/1305/1305 1297/1297/1297
f 1305/1305/1305 1306/1306/1306 1297/1297/1297
f 1315/1315/1315 1316/1316/1316 1307/1307/1307
f 1316/1316/1316 1317/1317/1317 1308/1308/1308
f 1317/1317/1317 1318/1318/1318 1309/1309/1309
f 1318/1318/1318 1319/1319/1319 1310/1310/1310
f 1319/1319/1319 1320/1320/1320 1311/1311/1311
f 1320/1320/1320 1321/1321/1321 1312/1312/1312
f 1321/1321/1321 1322/1322/1322 1313/1313/1313
f 1322/1322/1322 1323/1323/1323 1314/1314/1314
f 1333/1333/1333 1332/1332/1332 1324/1324/1324
f 1334/1334/1334 1333/1333/1333 1325/1325/1325
f 1335/1335/1335 1334/1334/1334 1326/1326/1326
f 1336/1336/1336 1335/1335/1335 1327/1327/1327
f 1337/1337/1337 1336/1336/1336 1328/1328/1328
f 1338/1338/1338 1337/1337/1337 1329/1329/1329
f 1339/1339/1339 1338/1338/1338 1330/1330/1330
f 1340/1340/1340 1339/1339/1339 1331/1331/1331
o roof_rib_12
usemtl metal
v -0.24230769230769234 2.874999998211861 1.350000023841858
v -0.2104878868048008 2.888180194497109 1.350000023841858
v -0.197307690519553 2.9200000000000004 1.350000023841858
v -0.2104878868048008 2.951819805502892 1.350000023841858
v -0.24230769230769234 2.9650000017881397 1.350000023841858
v -0.2741274978105839 2.951819805502892 1.350000023841858
v -0.2873076940958317 2.9200000000000004 1.350000023841858
v -0.2741274978105839 2.888180194497109 1.350000023841858
v -0.24230769230769234 2.874999998211861 1.350000023841858
v -0.24230769230769234 2.87499999821186 -1.350000023841858
v -0.2104878868048008 2.888180194497108 -1.350000023841858
v -0.197307690519553 2.9199999999999995 -1.350000023841858
v -0.2104878868048008 2.951819805502891 -1.350000023841858
v -0.24230769230769234 2.965000001788139 -1.350000023841858
v -0.2741274978105839 2.951819805502891 -1.350000023841858
v -0.2873076940958317 2.9199999999999995 -1.350000023841858
v -0.2741274978105839 2.888180194497108 -1.350000023841858
v -0.24230769230769234 2.87499999821186 -1.350000023841858
v -0.24230769230769234 2.9200000000000004 1.350000023841858
v -0.24230769230769234 2.9200000000000004 1.350000023841858
v -0.24230769230769234 2.9200000000000004 1.350000023841858
v -0.24230769230769234 2.9200000000000004 1.350000023841858
v -0.24230769230769234 2.9200000000000004 1.350000023841858
v -0.24230769230769234 2.9200000000000004 1.350000023841858
v -0.24230769230769234 2.9200000000000004 1.350000023841858
v -0.24230769230769234 2.9200000000000004 1.350000023841858
v -0.24230769230769234 2.874999998211861 1.350000023841858
v -0.2104878868048008 2.888180194497109 1.350000023841858
v -0.197307690519553 2.9200000000000004 1.350000023841858
v -0.2104878868048008 2.951819805502892 1.350000023841858
v -0.24230769230769234 2.9650000017881397 1.350000023841858
v -0.2741274978105839 2.951819805502892 1.350000023841858
v -0.2873076940958317 2.9200000000000004 1.350000023841858
v -0.2741274978105839 2.888180194497109 1.350000023841858
v -0.24230769230769234 2.874999998211861 1.350000023841858
v -0.24230769230769234 2.9199999999999995 -1.350000023841858
v -0.24230769230769234 2.9199999999999995 -1.350000023841858
v -0.24230769230769234 2.9199999999999995 -1.350000023841858
v -0.24230769230769234 2.9199999999999995 -1.350000023841858
v -0.24230769230769234 2.9199999999999995 -1.350000023841858
v -0.24230769230769234 2.9199999999999995 -1.350000023841858
v -0.24230769230769234 2.9199999999999995 -1.350000023841858
v -0.24230769230769234 2.9199999999999995 -1.350000023841858
v -0.24230769230769234 2.87499999821186 -1.350000023841858
v -0.2104878868048008 2.888180194497108 -1.350000023841858
v -0.197307690519553 2.9199999999999995 -1.350000023841858
v -0.2104878868048008 2.951819805502891 -1.350000023841858
v -0.24230769230769234 2.965000001788139 -1.350000023841858
v -0.2741274978105839 2.951819805502891 -1.350000023841858
v -0.2873076940958317 2.9199999999999995 -1.350000023841858
v -0.2741274978105839 2.888180194497108 -1.350000023841858
v -0.24230769230769234 2.87499999821186 -1.350000023841858
vt 0 1
vt 0.125 1
vt 0.25 1
vt 0.375 1
vt 0.5 1
vt 0.625 1
vt 0.75 1
vt 0.875 1
vt 1 1
vt 0 0
vt 0.125 0
vt 0.25 0
vt 0.375 0
vt 0.5 0
vt 0.625 0
vt 0.75 0
vt 0.875 0
vt 1 0
vt 0.5 0.5
vt 0.5 0.5
vt 0.5 0.5
vt 0.5 0.5
vt 0.5 0.5
vt 0.5 0.5
vt 0.5 0.5
vt 0.5 0.5
vt 1 0.5
vt 0.8535534143447876 0.8535534143447876
vt 0.5 1
vt 0.1464466154575348 0.8535534143447876
vt 0 0.5
vt 0.1464466154575348 0.1464466154575348
vt 0.5 0
vt 0.8535534143447876 0.1464466154575348
vt 1 0.5
vt 0.5 0.5
vt 0.5 0.5
vt 0.5 0.5
vt 0.5 0.5
vt 0.5 0.5
vt 0.5 0.5
vt 0.5 0.5
vt 0.5 0.5
vt 1 0.5
vt 0.8535534143447876 0.1464466154575348
vt 0.5 0
vt 0.1464466154575348 0.1464466154575348
vt 0 0.5
vt 0.1464466154575348 0.8535534143447876
vt 0.5 1
vt 0.8535534143447876 0.8535534143447876
vt 1 0.5
vn 0 -1 2.220446049250313e-16
vn 0.7071067811865476 -0.7071067811865476 1.5700924586837752e-16
vn 1 -6.123234262925839e-17 1.3596311327747833e-32
vn 0.7071067811865476 0.7071067811865476 -1.5700924586837752e-16
vn 1.2246468525851679e-16 1 -2.220446049250313e-16
vn -0.7071067811865476 0.7071067811865476 -1.5700924586837752e-16
vn -1 1.8369701465288538e-16 -4.078893104450762e-32
vn -0.7071067811865476 -0.7071067811865476 1.5700924586837752e-16
vn -2.4492937051703357e-16 -1 2.220446049250313e-16
vn 0 -1 2.220446049250313e-16
vn 0.7071067811865476 -0.7071067811865476 1.5700924586837752e-16
vn 1 -6.123234262925839e-17 1.3596311327747833e-32
vn 0.7071067811865476 0.7071067811865476 -1.5700924586837752e-16
vn 1.2246468525851679e-16 1 -2.220446049250313e-16
vn -0.7071067811865476 0.7071067811865476 -1.5700924586837752e-16
vn -1 1.8369701465288538e-16 -4.078893104450762e-32
vn -0.7071067811865476 -0.7071067811865476 1.5700924586837752e-16
vn -2.4492937051703357e-16 -1 2.220446049250313e-16
vn 0 2.220446049250313e-16 1
vn 0 2.220446049250313e-16 1
vn 0 2.220446049250313e-16 1
vn 0 2.220446049250313e-16 1
vn 0 2.220446049250313e-16 1
vn 0 2.220446049250313e-16 1
vn 0 2.220446049250313e-16 1
vn 0 2.220446049250313e-16 1
vn 0 2.220446049250313e-16 1
vn 0 2.220446049250313e-16 1
vn 0 2.220446049250313e-16 1
vn 0 2.220446049250313e-16 1
vn 0 2.220446049250313e-16 1
vn 0 2.220446049250313e-16 1
vn 0 2.220446049250313e-16 1
vn 0 2.220446049250313e-16 1
vn 0 2.220446049250313e-16 1
vn 0 -2.220446049250313e-16 -1
vn 0 -2.220446049250313e-16 -1
vn 0 -2.220446049250313e-16 -1
vn 0 -2.220446049250313e-16 -1
vn 0 -2.220446049250313e-16 -1
vn 0 -2.220446049250313e-16 -1
vn 0 -2.220446049250313e-16 -1
vn 0 -2.220446049250313e-16 -1
vn 0 -2.220446049250313e-16 -1
vn 0 -2.220446049250313e-16 -1
vn 0 -2.220446049250313e-16 -1
vn 0 -2.220446049250313e-16 -1
vn 0 -2.220446049250313e-16 -1
vn 0 -2.220446049250313e-16 -1
vn 0 -2.220446049250313e-16 -1
vn 0 -2.220446049250313e-16 -1
vn 0 -2.220446049250313e-16 -1
f 1341/1341/1341 1350/1350/1350 1342/1342/1342
f 1350/1350/1350 1351/1351/1351 1342/1342/1342
f 1342/1342/1342 1351/1351/1351 1343/1343/1343
f 1351/1351/1351 1352/1352/1352 1343/1343/1343
f 1343/1343/1343 1352/1352/1352 1344/1344/1344
f 1352/1352/1352 1353/1353/1353 1344/1344/1344
f 1344/1344/1344 1353/1353/1353 1345/1345/1345
f 1353/1353/1353 1354/1354/1354 1345/1345/1345
f 1345/1345/1345 1354/1354/1354 1346/1346/1346
f 1354/1354/1354 1355/1355/1355 1346/1346/1346
f 1346/1346/1346 1355/1355/1355 1347/1347/1347
f 1355/1355/1355 1356/1356/1356 1347/1347/1347
f 1347/1347/1347 1356/1356/1356 1348/1348/1348
f 1356/1356/1356 1357/1357/1357 1348/1348/1348
f 1348/1348/1348 1357/1357/1357 1349/1349/1349
f 1357/1357/1357 1358/1358/1358 1349/1349/1349
f 1367/1367/1367 1368/1368/1368 1359/1359/1359
f 1368/1368/1368 1369/1369/1369 1360/1360/1360
f 1369/1369/1369 1370/1370/1370 1361/1361/1361
f 1370/1370/1370 1371/1371/1371 1362/1362/1362
f 1371/1371/1371 1372/1372/1372 1363/1363/1363
f 1372/1372/1372 1373/1373/1373 1364/1364/1364
f 1373/1373/1373 1374/1374/1374 1365/1365/1365
f 1374/1374/1374 1375/1375/1375 1366/1366/1366
f 1385/1385/1385 1384/1384/1384 1376/1376/1376
f 1386/1386/1386 1385/1385/1385 1377/1377/1377
f 1387/1387/1387 1386/1386/1386 1378/1378/1378
f 1388/1388/1388 1387/1387/1387 1379/1379/1379
f 1389/1389/1389 1388/1388/1388 1380/1380/1380
f 1390/1390/1390 1389/1389/1389 1381/1381/1381
f 1391/1391/1391 1390/1390/1390 1382/1382/1382
f 1392/1392/1392 1391/1391/1391 1383/1383/1383
o roof_rib_13
usemtl metal
v -0.08076923076923093 2.874999998211861 1.350000023841858
v -0.048949425266339386 2.888180194497109 1.350000023841858
v -0.03576922898109158 2.9200000000000004 1.350000023841858
v -0.048949425266339386 2.951819805502892 1.350000023841858
v -0.08076923076923093 2.9650000017881397 1.350000023841858
v -0.11258903627212247 2.951819805502892 1.350000023841858
v -0.12576923255737027 2.9200000000000004 1.350000023841858
v -0.11258903627212247 2.888180194497109 1.350000023841858
v -0.08076923076923094 2.874999998211861 1.350000023841858
v -0.08076923076923093 2.87499999821186 -1.350000023841858
v -0.048949425266339386 2.888180194497108 -1.350000023841858
v -0.03576922898109158 2.9199999999999995 -1.350000023841858
v -0.048949425266339386 2.951819805502891 -1.350000023841858
v -0.08076923076923093 2.965000001788139 -1.350000023841858
v -0.11258903627212247 2.951819805502891 -1.350000023841858
v -0.12576923255737027 2.9199999999999995 -1.350000023841858
v -0.11258903627212247 2.888180194497108 -1.350000023841858
v -0.08076923076923094 2.87499999821186 -1.350000023841858
v -0.08076923076923093 2.9200000000000004 1.350000023841858
v -0.08076923076923093 2.9200000000000004 1.350000023841858
v -0.08076923076923093 2.9200000000000004 1.350000023841858
v -0.08076923076923093 2.9200000000000004 1.350000023841858
v -0.08076923076923093 2.9200000000000004 1.350000023841858
v -0.08076923076923093 2.9200000000000004 1.350000023841858
v -0.08076923076923093 2.9200000000000004 1.350000023841858
v -0.08076923076923093 2.9200000000000004 1.350000023841858
v -0.08076923076923093 2.874999998211861 1.350000023841858
v -0.048949425266339386 2.888180194497109 1.350000023841858
v -0.03576922898109158 2.9200000000000004 1.350000023841858
v -0.048949425266339386 2.951819805502892 1.350000023841858
v -0.08076923076923093 2.9650000017881397 1.350000023841858
v -0.11258903627212247 2.951819805502892 1.350000023841858
v -0.12576923255737027 2.9200000000000004 1.350000023841858
v -0.11258903627212247 2.888180194497109 1.350000023841858
v -0.08076923076923094 2.874999998211861 1.350000023841858
v -0.08076923076923093 2.9199999999999995 -1.350000023841858
v -0.08076923076923093 2.9199999999999995 -1.350000023841858
v -0.08076923076923093 2.9199999999999995 -1.350000023841858
v -0.08076923076923093 2.9199999999999995 -1.350000023841858
v -0.08076923076923093 2.9199999999999995 -1.350000023841858
v -0.08076923076923093 2.9199999999999995 -1.350000023841858
v -0.08076923076923093 2.9199999999999995 -1.350000023841858
v -0.08076923076923093 2.9199999999999995 -1.350000023841858
v -0.08076923076923093 2.87499999821186 -1.350000023841858
v -0.048949425266339386 2.888180194497108 -1.350000023841858
v -0.03576922898109158 2.9199999999999995 -1.350000023841858
v -0.048949425266339386 2.951819805502891 -1.350000023841858
v -0.08076923076923093 2.965000001788139 -1.350000023841858
v -0.11258903627212247 2.951819805502891 -1.350000023841858
v -0.12576923255737027 2.9199999999999995 -1.350000023841858
v -0.11258903627212247 2.888180194497108 -1.350000023841858
v -0.08076923076923094 2.87499999821186 -1.350000023841858
vt 0 1
vt 0.125 1
vt 0.25 1
vt 0.375 1
vt 0.5 1
vt 0.625 1
vt 0.75 1
vt 0.875 1
vt 1 1
vt 0 0
vt 0.125 0
vt 0.25 0
vt 0.375 0
vt 0.5 0
vt 0.625 0
vt 0.75 0
vt 0.875 0
vt 1 0
vt 0.5 0.5
vt 0.5 0.5
vt 0.5 0.5
vt 0.5 0.5
vt 0.5 0.5
vt 0.5 0.5
vt 0.5 0.5
vt 0.5 0.5
vt 1 0.5
vt 0.8535534143447876 0.8535534143447876
vt 0.5 1
vt 0.1464466154575348 0.8535534143447876
vt 0 0.5
vt 0.1464466154575348 0.1464466154575348
vt 0.5 0
vt 0.8535534143447876 0.1464466154575348
vt 1 0.5
vt 0.5 0.5
vt 0.5 0.5
vt 0.5 0.5
vt 0.5 0.5
vt 0.5 0.5
vt 0.5 0.5
vt 0.5 0.5
vt 0.5 0.5
vt 1 0.5
vt 0.8535534143447876 0.1464466154575348
vt 0.5 0
vt 0.1464466154575348 0.1464466154575348
vt 0 0.5
vt 0.1464466154575348 0.8535534143447876
vt 0.5 1
vt 0.8535534143447876 0.8535534143447876
vt 1 0.5
vn 0 -1 2.220446049250313e-16
vn 0.7071067811865476 -0.7071067811865476 1.5700924586837752e-16
vn 1 -6.123234262925839e-17 1.3596311327747833e-32
vn 0.7071067811865476 0.7071067811865476 -1.5700924586837752e-16
vn 1.2246468525851679e-16 1 -2.220446049250313e-16
vn -0.7071067811865476 0.7071067811865476 -1.5700924586837752e-16
vn -1 1.8369701465288538e-16 -4.078893104450762e-32
vn -0.7071067811865476 -0.7071067811865476 1.5700924586837752e-16
vn -2.4492937051703357e-16 -1 2.220446049250313e-16
vn 0 -1 2.220446049250313e-16
vn 0.7071067811865476 -0.7071067811865476 1.5700924586837752e-16
vn 1 -6.123234262925839e-17 1.3596311327747833e-32
vn 0.7071067811865476 0.7071067811865476 -1.5700924586837752e-16
vn 1.2246468525851679e-16 1 -2.220446049250313e-16
vn -0.7071067811865476 0.7071067811865476 -1.5700924586837752e-16
vn -1 1.8369701465288538e-16 -4.078893104450762e-32
vn -0.7071067811865476 -0.7071067811865476 1.5700924586837752e-16
vn -2.4492937051703357e-16 -1 2.220446049250313e-16
vn 0 2.220446049250313e-16 1
vn 0 2.220446049250313e-16 1
vn 0 2.220446049250313e-16 1
vn 0 2.220446049250313e-16 1
vn 0 2.220446049250313e-16 1
vn 0 2.220446049250313e-16 1
vn 0 2.220446049250313e-16 1
vn 0 2.220446049250313e-16 1
vn 0 2.220446049250313e-16 1
vn 0 2.220446049250313e-16 1
vn 0 2.220446049250313e-16 1
vn 0 2.220446049250313e-16 1
vn 0 2.220446049250313e-16 1
vn 0 2.220446049250313e-16 1
vn 0 2.220446049250313e-16 1
vn 0 2.220446049250313e-16 1
vn 0 2.220446049250313e-16 1
vn 0 -2.220446049250313e-16 -1
vn 0 -2.220446049250313e-16 -1
vn 0 -2.220446049250313e-16 -1
vn 0 -2.220446049250313e-16 -1
vn 0 -2.220446049250313e-16 -1
vn 0 -2.220446049250313e-16 -1
vn 0 -2.220446049250313e-16 -1
vn 0 -2.220446049250313e-16 -1
vn 0 -2.220446049250313e-16 -1
vn 0 -2.220446049250313e-16 -1
vn 0 -2.220446049250313e-16 -1
vn 0 -2.220446049250313e-16 -1
vn 0 -2.220446049250313e-16 -1
vn 0 -2.220446049250313e-16 -1
vn 0 -2.220446049250313e-16 -1
vn 0 -2.220446049250313e-16 -1
vn 0 -2.220446049250313e-16 -1
f 1393/1393/1393 1402/1402/1402 1394/1394/1394
f 1402/1402/1402 1403/1403/1403 1394/1394/1394
f 1394/1394/1394 1403/1403/1403 1395/1395/1395
f 1403/1403/1403 1404/1404/1404 1395/1395/1395
f 1395/1395/1395 1404/1404/1404 1396/1396/1396
f 1404/1404/1404 1405/1405/1405 1396/1396/1396
f 1396/1396/1396 1405/1405/1405 1397/1397/1397
f 1405/1405/1405 1406/1406/1406 1397/1397/1397
f 1397/1397/1397 1406/1406/1406 1398/1398/1398
f 1406/1406/1406 1407/1407/1407 1398/1398/1398
f 1398/1398/1398 1407/1407/1407 1399/1399/1399
f 1407/1407/1407 1408/1408/1408 1399/1399/1399
f 1399/1399/1399 1408/1408/1408 1400/1400/1400
f 1408/1408/1408 1409/1409/1409 1400/1400/1400
f 1400/1400/1400 1409/1409/1409 1401/1401/1401
f 1409/1409/1409 1410/1410/1410 1401/1401/1401
f 1419/1419/1419 1420/1420/1420 1411/1411/1411
f 1420/1420/1420 1421/1421/1421 1412/1412/1412
f 1421/1421/1421 1422/1422/1422 1413/1413/1413
f 1422/1422/1422 1423/1423/1423 1414/1414/1414
f 1423/1423/1423 1424/1424/1424 1415/1415/1415
f 1424/1424/1424 1425/1425/1425 1416/1416/1416
f 1425/1425/1425 1426/1426/1426 1417/1417/1417
f 1426/1426/1426 1427/1427/1427 1418/1418/1418
f 1437/1437/1437 1436/1436/1436 1428/1428/1428
f 1438/1438/1438 1437/1437/1437 1429/1429/1429
f 1439/1439/1439 1438/1438/1438 1430/1430/1430
f 1440/1440/1440 1439/1439/1439 1431/1431/1431
f 1441/1441/1441 1440/1440/1440 1432/1432/1432
f 1442/1442/1442 1441/1441/1441 1433/1433/1433
f 1443/1443/1443 1442/1442/1442 1434/1434/1434
f 1444/1444/1444 1443/1443/1443 1435/1435/1435
o roof_rib_14
usemtl metal
v 0.08076923076923093 2.874999998211861 1.350000023841858
v 0.11258903627212247 2.888180194497109 1.350000023841858
v 0.12576923255737027 2.9200000000000004 1.350000023841858
v 0.11258903627212247 2.951819805502892 1.350000023841858
v 0.08076923076923093 2.9650000017881397 1.350000023841858
v 0.048949425266339386 2.951819805502892 1.350000023841858
v 0.03576922898109158 2.9200000000000004 1.350000023841858
v 0.048949425266339386 2.888180194497109 1.350000023841858
v 0.08076923076923091 2.874999998211861 1.350000023841858
v 0.08076923076923093 2.87499999821186 -1.350000023841858
v 0.11258903627212247 2.888180194497108 -1.350000023841858
v 0.12576923255737027 2.9199999999999995 -1.350000023841858
v 0.11258903627212247 2.951819805502891 -1.350000023841858
v 0.08076923076923093 2.965000001788139 -1.350000023841858
v 0.048949425266339386 2.951819805502891 -1.350000023841858
v 0.03576922898109158 2.9199999999999995 -1.350000023841858
v 0.048949425266339386 2.888180194497108 -1.350000023841858
v 0.08076923076923091 2.87499999821186 -1.350000023841858
v 0.08076923076923093 2.9200000000000004 1.350000023841858
v 0.08076923076923093 2.9200000000000004 1.350000023841858
v 0.08076923076923093 2.9200000000000004 1.350000023841858
v 0.08076923076923093 2.9200000000000004 1.350000023841858
v 0.08076923076923093 2.9200000000000004 1.350000023841858
v 0.08076923076923093 2.9200000000000004 1.350000023841858
v 0.08076923076923093 2.9200000000000004 1.350000023841858
v 0.08076923076923093 2.9200000000000004 1.350000023841858
v 0.08076923076923093 2.874999998211861 1.350000023841858
v 0.11258903627212247 2.888180194497109 1.350000023841858
v 0.12576923255737027 2.9200000000000004 1.350000023841858
v 0.11258903627212247 2.951819805502892 1.350000023841858
v 0.08076923076923093 2.9650000017881397 1.350000023841858
v 0.048949425266339386 2.951819805502892 1.350000023841858
v 0.03576922898109158 2.9200000000000004 1.350000023841858
v 0.048949425266339386 2.888180194497109 1.350000023841858
v 0.08076923076923091 2.874999998211861 1.350000023841858
v 0.08076923076923093 2.9199999999999995 -1.350000023841858
v 0.08076923076923093 2.9199999999999995 -1.350000023841858
v 0.08076923076923093 2.9199999999999995 -1.350000023841858
v 0.08076923076923093 2.9199999999999995 -1.350000023841858
v 0.08076923076923093 2.9199999999999995 -1.350000023841858
v 0.08076923076923093 2.9199999999999995 -1.350000023841858
v 0.08076923076923093 2.9199999999999995 -1.350000023841858
v 0.08076923076923093 2.9199999999999995 -1.350000023841858
v 0.08076923076923093 2.87499999821186 -1.350000023841858
v 0.11258903627212247 2.888180194497108 -1.350000023841858
v 0.12576923255737027 2.9199999999999995 -1.350000023841858
v 0.11258903627212247 2.951819805502891 -1.350000023841858
v 0.08076923076923093 2.965000001788139 -1.350000023841858
v 0.048949425266339386 2.951819805502891 -1.350000023841858
v 0.03576922898109158 2.9199999999999995 -1.350000023841858
v 0.048949425266339386 2.888180194497108 -1.350000023841858
v 0.08076923076923091 2.87499999821186 -1.350000023841858
vt 0 1
vt 0.125 1
vt 0.25 1
vt 0.375 1
vt 0.5 1
vt 0.625 1
vt 0.75 1
vt 0.875 1
vt 1 1
vt 0 0
vt 0.125 0
vt 0.25 0
vt 0.375 0
vt 0.5 0
vt 0.625 0
vt 0.75 0
vt 0.875 0
vt 1 0
vt 0.5 0.5
vt 0.5 0.5
vt 0.5 0.5
vt 0.5 0.5
vt 0.5 0.5
vt 0.5 0.5
vt 0.5 0.5
vt 0.5 0.5
vt 1 0.5
vt 0.8535534143447876 0.8535534143447876
vt 0.5 1
vt 0.1464466154575348 0.8535534143447876
vt 0 0.5
vt 0.1464466154575348 0.1464466154575348
vt 0.5 0
vt 0.8535534143447876 0.1464466154575348
vt 1 0.5
vt 0.5 0.5
vt 0.5 0.5
vt 0.5 0.5
vt 0.5 0.5
vt 0.5 0.5
vt 0.5 0.5
vt 0.5 0.5
vt 0.5 0.5
vt 1 0.5
vt 0.8535534143447876 0.1464466154575348
vt 0.5 0
vt 0.1464466154575348 0.1464466154575348
vt 0 0.5
vt 0.1464466154575348 0.8535534143447876
vt 0.5 1
vt 0.8535534143447876 0.8535534143447876
vt 1 0.5
vn 0 -1 2.220446049250313e-16
vn 0.7071067811865476 -0.7071067811865476 1.5700924586837752e-16
vn 1 -6.123234262925839e-17 1.3596311327747833e-32
vn 0.7071067811865476 0.7071067811865476 -1.5700924586837752e-16
vn 1.2246468525851679e-16 1 -2.220446049250313e-16
vn -0.7071067811865476 0.7071067811865476 -1.5700924586837752e-16
vn -1 1.8369701465288538e-16 -4.078893104450762e-32
vn -0.7071067811865476 -0.7071067811865476 1.5700924586837752e-16
vn -2.4492937051703357e-16 -1 2.220446049250313e-16
vn 0 -1 2.220446049250313e-16
vn 0.7071067811865476 -0.7071067811865476 1.5700924586837752e-16
vn 1 -6.123234262925839e-17 1.3596311327747833e-32
vn 0.7071067811865476 0.7071067811865476 -1.5700924586837752e-16
vn 1.2246468525851679e-16 1 -2.220446049250313e-16
vn -0.7071067811865476 0.7071067811865476 -1.5700924586837752e-16
vn -1 1.8369701465288538e-16 -4.078893104450762e-32
vn -0.7071067811865476 -0.7071067811865476 1.5700924586837752e-16
vn -2.4492937051703357e-16 -1 2.220446049250313e-16
vn 0 2.220446049250313e-16 1
vn 0 2.220446049250313e-16 1
vn 0 2.220446049250313e-16 1
vn 0 2.220446049250313e-16 1
vn 0 2.220446049250313e-16 1
vn 0 2.220446049250313e-16 1
vn 0 2.220446049250313e-16 1
vn 0 2.220446049250313e-16 1
vn 0 2.220446049250313e-16 1
vn 0 2.220446049250313e-16 1
vn 0 2.220446049250313e-16 1
vn 0 2.220446049250313e-16 1
vn 0 2.220446049250313e-16 1
vn 0 2.220446049250313e-16 1
vn 0 2.220446049250313e-16 1
vn 0 2.220446049250313e-16 1
vn 0 2.220446049250313e-16 1
vn 0 -2.220446049250313e-16 -1
vn 0 -2.220446049250313e-16 -1
vn 0 -2.220446049250313e-16 -1
vn 0 -2.220446049250313e-16 -1
vn 0 -2.220446049250313e-16 -1
vn 0 -2.220446049250313e-16 -1
vn 0 -2.220446049250313e-16 -1
vn 0 -2.220446049250313e-16 -1
vn 0 -2.220446049250313e-16 -1
vn 0 -2.220446049250313e-16 -1
vn 0 -2.220446049250313e-16 -1
vn 0 -2.220446049250313e-16 -1
vn 0 -2.220446049250313e-16 -1
vn 0 -2.220446049250313e-16 -1
vn 0 -2.220446049250313e-16 -1
vn 0 -2.220446049250313e-16 -1
vn 0 -2.220446049250313e-16 -1
f 1445/1445/1445 1454/1454/1454 1446/1446/1446
f 1454/1454/1454 1455/1455/1455 1446/1446/1446
f 1446/1446/1446 1455/1455/1455 1447/1447/1447
f 1455/1455/1455 1456/1456/1456 1447/1447/1447
f 1447/1447/1447 1456/1456/1456 1448/1448/1448
f 1456/1456/1456 1457/1457/1457 1448/1448/1448
f 1448/1448/1448 1457/1457/1457 1449/1449/1449
f 1457/1457/1457 1458/1458/1458 1449/1449/1449
f 1449/1449/1449 1458/1458/1458 1450/1450/1450
f 1458/1458/1458 1459/1459/1459 1450/1450/1450
f 1450/1450/1450 1459/1459/1459 1451/1451/1451
f 1459/1459/1459 1460/1460/1460 1451/1451/1451
f 1451/1451/1451 1460/1460/1460 1452/1452/1452
f 1460/1460/1460 1461/1461/1461 1452/1452/1452
f 1452/1452/1452 1461/1461/1461 1453/1453/1453
f 1461/1461/1461 1462/1462/1462 1453/1453/1453
f 1471/1471/1471 1472/1472/1472 1463/1463/1463
f 1472/1472/1472 1473/1473/1473 1464/1464/1464
f 1473/1473/1473 1474/1474/1474 1465/1465/1465
f 1474/1474/1474 1475/1475/1475 1466/1466/1466
f 1475/1475/1475 1476/1476/1476 1467/1467/1467
f 1476/1476/1476 1477/1477/1477 1468/1468/1468
f 1477/1477/1477 1478/1478/1478 1469/1469/1469
f 1478/1478/1478 1479/1479/1479 1470/1470/1470
f 1489/1489/1489 1488/1488/1488 1480/1480/1480
f 1490/1490/1490 1489/1489/1489 1481/1481/1481
f 1491/1491/1491 1490/1490/1490 1482/1482/1482
f 1492/1492/1492 1491/1491/1491 1483/1483/1483
f 1493/1493/1493 1492/1492/1492 1484/1484/1484
f 1494/1494/1494 1493/1493/1493 1485/1485/1485
f 1495/1495/1495 1494/1494/1494 1486/1486/1486
f 1496/1496/1496 1495/1495/1495 1487/1487/1487
o roof_rib_15
usemtl metal
v 0.24230769230769234 2.874999998211861 1.350000023841858
v 0.2741274978105839 2.888180194497109 1.350000023841858
v 0.2873076940958317 2.9200000000000004 1.350000023841858
v 0.2741274978105839 2.951819805502892 1.350000023841858
v 0.24230769230769234 2.9650000017881397 1.350000023841858
v 0.2104878868048008 2.951819805502892 1.350000023841858
v 0.197307690519553 2.9200000000000004 1.350000023841858
v 0.2104878868048008 2.888180194497109 1.350000023841858
v 0.24230769230769234 2.874999998211861 1.350000023841858
v 0.24230769230769234 2.87499999821186 -1.350000023841858
v 0.2741274978105839 2.888180194497108 -1.350000023841858
v 0.2873076940958317 2.9199999999999995 -1.350000023841858
v 0.2741274978105839 2.951819805502891 -1.350000023841858
v 0.24230769230769234 2.965000001788139 -1.350000023841858
v 0.2104878868048008 2.951819805502891 -1.350000023841858
v 0.197307690519553 2.9199999999999995 -1.350000023841858
v 0.2104878868048008 2.888180194497108 -1.350000023841858
v 0.24230769230769234 2.87499999821186 -1.350000023841858
v 0.24230769230769234 2.9200000000000004 1.350000023841858
v 0.24230769230769234 2.9200000000000004 1.350000023841858
v 0.24230769230769234 2.9200000000000004 1.350000023841858
v 0.24230769230769234 2.9200000000000004 1.350000023841858
v 0.24230769230769234 2.9200000000000004 1.350000023841858
v 0.24230769230769234 2.9200000000000004 1.350000023841858
v 0.24230769230769234 2.9200000000000004 1.350000023841858
v 0.24230769230769234 2.9200000000000004 1.350000023841858
v 0.24230769230769234 2.874999998211861 1.350000023841858
v 0.2741274978105839 2.888180194497109 1.350000023841858
v 0.2873076940958317 2.9200000000000004 1.350000023841858
v 0.2741274978105839 2.951819805502892 1.350000023841858
v 0.24230769230769234 2.9650000017881397 1.350000023841858
v 0.2104878868048008 2.951819805502892 1.350000023841858
v 0.197307690519553 2.9200000000000004 1.350000023841858
v 0.2104878868048008 2.888180194497109 1.350000023841858
v 0.24230769230769234 2.874999998211861 1.350000023841858
v 0.24230769230769234 2.9199999999999995 -1.350000023841858
v 0.24230769230769234 2.9199999999999995 -1.350000023841858
v 0.24230769230769234 2.9199999999999995 -1.350000023841858
v 0.24230769230769234 2.9199999999999995 -1.350000023841858
v 0.24230769230769234 2.9199999999999995 -1.350000023841858
v 0.24230769230769234 2.9199999999999995 -1.350000023841858
v 0.24230769230769234 2.9199999999999995 -1.350000023841858
v 0.24230769230769234 2.9199999999999995 -1.350000023841858
v 0.24230769230769234 2.87499999821186 -1.350000023841858
v 0.2741274978105839 2.888180194497108 -1.350000023841858
v 0.2873076940958317 2.9199999999999995 -1.350000023841858
v 0.2741274978105839 2.951819805502891 -1.350000023841858
v 0.24230769230769234 2.965000001788139 -1.350000023841858
v 0.2104878868048008 2.951819805502891 -1.350000023841858
v 0.197307690519553 2.9199999999999995 -1.350000023841858
v 0.2104878868048008 2.888180194497108 -1.350000023841858
v 0.24230769230769234 2.87499999821186 -1.350000023841858
vt 0 1
vt 0.125 1
vt 0.25 1
vt 0.375 1
vt 0.5 1
vt 0.625 1
vt 0.75 1
vt 0.875 1
vt 1 1
vt 0 0
vt 0.125 0
vt 0.25 0
vt 0.375 0
vt 0.5 0
vt 0.625 0
vt 0.75 0
vt 0.875 0
vt 1 0
vt 0.5 0.5
vt 0.5 0.5
vt 0.5 0.5
vt 0.5 0.5
vt 0.5 0.5
vt 0.5 0.5
vt 0.5 0.5
vt 0.5 0.5
vt 1 0.5
vt 0.8535534143447876 0.8535534143447876
vt 0.5 1
vt 0.1464466154575348 0.8535534143447876
vt 0 0.5
vt 0.1464466154575348 0.1464466154575348
vt 0.5 0
vt 0.8535534143447876 0.1464466154575348
vt 1 0.5
vt 0.5 0.5
vt 0.5 0.5
vt 0.5 0.5
vt 0.5 0.5
vt 0.5 0.5
vt 0.5 0.5
vt 0.5 0.5
vt 0.5 0.5
vt 1 0.5
vt 0.8535534143447876 0.1464466154575348
vt 0.5 0
vt 0.1464466154575348 0.1464466154575348
vt 0 0.5
vt 0.1464466154575348 0.8535534143447876
vt 0.5 1
vt 0.8535534143447876 0.8535534143447876
vt 1 0.5
vn 0 -1 2.220446049250313e-16
vn 0.7071067811865476 -0.7071067811865476 1.5700924586837752e-16
vn 1 -6.123234262925839e-17 1.3596311327747833e-32
vn 0.7071067811865476 0.7071067811865476 -1.5700924586837752e-16
vn 1.2246468525851679e-16 1 -2.220446049250313e-16
vn -0.7071067811865476 0.7071067811865476 -1.5700924586837752e-16
vn -1 1.8369701465288538e-16 -4.078893104450762e-32
vn -0.7071067811865476 -0.7071067811865476 1.5700924586837752e-16
vn -2.4492937051703357e-16 -1 2.220446049250313e-16
vn 0 -1 2.220446049250313e-16
vn 0.7071067811865476 -0.7071067811865476 1.5700924586837752e-16
vn 1 -6.123234262925839e-17 1.3596311327747833e-32
vn 0.7071067811865476 0.7071067811865476 -1.5700924586837752e-16
vn 1.2246468525851679e-16 1 -2.220446049250313e-16
vn -0.7071067811865476 0.7071067811865476 -1.5700924586837752e-16
vn -1 1.8369701465288538e-16 -4.078893104450762e-32
vn -0.7071067811865476 -0.7071067811865476 1.5700924586837752e-16
vn -2.4492937051703357e-16 -1 2.220446049250313e-16
vn 0 2.220446049250313e-16 1
vn 0 2.220446049250313e-16 1
vn 0 2.220446049250313e-16 1
vn 0 2.220446049250313e-16 1
vn 0 2.220446049250313e-16 1
vn 0 2.220446049250313e-16 1
vn 0 2.220446049250313e-16 1
vn 0 2.220446049250313e-16 1
vn 0 2.220446049250313e-16 1
vn 0 2.220446049250313e-16 1
vn 0 2.220446049250313e-16 1
vn 0 2.220446049250313e-16 1
vn 0 2.220446049250313e-16 1
vn 0 2.220446049250313e-16 1
vn 0 2.220446049250313e-16 1
vn 0 2.220446049250313e-16 1
vn 0 2.220446049250313e-16 1
vn 0 -2.220446049250313e-16 -1
vn 0 -2.220446049250313e-16 -1
vn 0 -2.220446049250313e-16 -1
vn 0 -2.220446049250313e-16 -1
vn 0 -2.220446049250313e-16 -1
vn 0 -2.220446049250313e-16 -1
vn 0 -2.220446049250313e-16 -1
vn 0 -2.220446049250313e-16 -1
vn 0 -2.220446049250313e-16 -1
vn 0 -2.220446049250313e-16 -1
vn 0 -2.220446049250313e-16 -1
vn 0 -2.220446049250313e-16 -1
vn 0 -2.220446049250313e-16 -1
vn 0 -2.220446049250313e-16 -1
vn 0 -2.220446049250313e-16 -1
vn 0 -2.220446049250313e-16 -1
vn 0 -2.220446049250313e-16 -1
f 1497/1497/1497 1506/1506/1506 1498/1498/1498
f 1506/1506/1506 1507/1507/1507 1498/1498/1498
f 1498/1498/1498 1507/1507/1507 1499/1499/1499
f 1507/1507/1507 1508/1508/1508 1499/1499/1499
f 1499/1499/1499 1508/1508/1508 1500/1500/1500
f 1508/1508/1508 1509/1509/1509 1500/1500/1500
f 1500/1500/1500 1509/1509/1509 1501/1501/1501
f 1509/1509/1509 1510/1510/1510 1501/1501/1501
f 1501/1501/1501 1510/1510/1510 1502/1502/1502
f 1510/1510/1510 1511/1511/1511 1502/1502/1502
f 1502/1502/1502 1511/1511/1511 1503/1503/1503
f 1511/1511/1511 1512/1512/1512 1503/1503/1503
f 1503/1503/1503 1512/1512/1512 1504/1504/1504
f 1512/1512/1512 1513/1513/1513 1504/1504/1504
f 1504/1504/1504 1513/1513/1513 1505/1505/1505
f 1513/1513/1513 1514/1514/1514 1505/1505/1505
f 1523/1523/1523 1524/1524/1524 1515/1515/1515
f 1524/1524/1524 1525/1525/1525 1516/1516/1516
f 1525/1525/1525 1526/1526/1526 1517/1517/1517
f 1526/1526/1526 1527/1527/1527 1518/1518/1518
f 1527/1527/1527 1528/1528/1528 1519/1519/1519
f 1528/1528/1528 1529/1529/1529 1520/1520/1520
f 1529/1529/1529 1530/1530/1530 1521/1521/1521
f 1530/1530/1530 1531/1531/1531 1522/1522/1522
f 1541/1541/1541 1540/1540/1540 1532/1532/1532
f 1542/1542/1542 1541/1541/1541 1533/1533/1533
f 1543/1543/1543 1542/1542/1542 1534/1534/1534
f 1544/1544/1544 1543/1543/1543 1535/1535/1535
f 1545/1545/1545 1544/1544/1544 1536/1536/1536
f 1546/1546/1546 1545/1545/1545 1537/1537/1537
f 1547/1547/1547 1546/1546/1546 1538/1538/1538
f 1548/1548/1548 1547/1547/1547 1539/1539/1539
o roof_rib_16
usemtl metal
v 0.40384615384615374 2.874999998211861 1.350000023841858
v 0.4356659593490453 2.888180194497109 1.350000023841858
v 0.4488461556342931 2.9200000000000004 1.350000023841858
v 0.4356659593490453 2.951819805502892 1.350000023841858
v 0.40384615384615374 2.9650000017881397 1.350000023841858
v 0.3720263483432622 2.951819805502892 1.350000023841858
v 0.3588461520580144 2.9200000000000004 1.350000023841858
v 0.3720263483432622 2.888180194497109 1.350000023841858
v 0.40384615384615374 2.874999998211861 1.350000023841858
v 0.40384615384615374 2.87499999821186 -1.350000023841858
v 0.4356659593490453 2.888180194497108 -1.350000023841858
v 0.4488461556342931 2.9199999999999995 -1.350000023841858
v 0.4356659593490453 2.951819805502891 -1.350000023841858
v 0.40384615384615374 2.965000001788139 -1.350000023841858
v 0.3720263483432622 2.951819805502891 -1.350000023841858
v 0.3588461520580144 2.9199999999999995 -1.350000023841858
v 0.3720263483432622 2.888180194497108 -1.350000023841858
v 0.40384615384615374 2.87499999821186 -1.350000023841858
v 0.40384615384615374 2.9200000000000004 1.350000023841858
v 0.40384615384615374 2.9200000000000004 1.350000023841858
v 0.40384615384615374 2.9200000000000004 1.350000023841858
v 0.40384615384615374 2.9200000000000004 1.350000023841858
v 0.40384615384615374 2.9200000000000004 1.350000023841858
v 0.40384615384615374 2.9200000000000004 1.350000023841858
v 0.40384615384615374 2.9200000000000004 1.350000023841858
v 0.40384615384615374 2.9200000000000004 1.350000023841858
v 0.40384615384615374 2.874999998211861 1.350000023841858
v 0.4356659593490453 2.888180194497109 1.350000023841858
v 0.4488461556342931 2.9200000000000004 1.350000023841858
v 0.4356659593490453 2.951819805502892 1.350000023841858
v 0.40384615384615374 2.9650000017881397 1.350000023841858
v 0.3720263483432622 2.951819805502892 1.350000023841858
v 0.3588461520580144 2.9200000000000004 1.350000023841858
v 0.3720263483432622 2.888180194497109 1.350000023841858
v 0.40384615384615374 2.874999998211861 1.350000023841858
v 0.40384615384615374 2.9199999999999995 -1.350000023841858
v 0.40384615384615374 2.9199999999999995 -1.350000023841858
v 0.40384615384615374 2.9199999999999995 -1.350000023841858
v 0.40384615384615374 2.9199999999999995 -1.350000023841858
v 0.40384615384615374 2.9199999999999995 -1.350000023841858
v 0.40384615384615374 2.9199999999999995 -1.350000023841858
v 0.40384615384615374 2.9199999999999995 -1.350000023841858
v 0.40384615384615374 2.9199999999999995 -1.350000023841858
v 0.40384615384615374 2.87499999821186 -1.350000023841858
v 0.4356659593490453 2.888180194497108 -1.350000023841858
v 0.4488461556342931 2.9199999999999995 -1.350000023841858
v 0.4356659593490453 2.951819805502891 -1.350000023841858
v 0.40384615384615374 2.965000001788139 -1.350000023841858
v 0.3720263483432622 2.951819805502891 -1.350000023841858
v 0.3588461520580144 2.9199999999999995 -1.350000023841858
v 0.3720263483432622 2.888180194497108 -1.350000023841858
v 0.40384615384615374 2.87499999821186 -1.350000023841858
vt 0 1
vt 0.125 1
vt 0.25 1
vt 0.375 1
vt 0.5 1
vt 0.625 1
vt 0.75 1
vt 0.875 1
vt 1 1
vt 0 0
vt 0.125 0
vt 0.25 0
vt 0.375 0
vt 0.5 0
vt 0.625 0
vt 0.75 0
vt 0.875 0
vt 1 0
vt 0.5 0.5
vt 0.5 0.5
vt 0.5 0.5
vt 0.5 0.5
vt 0.5 0.5
vt 0.5 0.5
vt 0.5 0.5
vt 0.5 0.5
vt 1 0.5
vt 0.8535534143447876 0.8535534143447876
vt 0.5 1
vt 0.1464466154575348 0.8535534143447876
vt 0 0.5
vt 0.1464466154575348 0.1464466154575348
vt 0.5 0
vt 0.8535534143447876 0.1464466154575348
vt 1 0.5
vt 0.5 0.5
vt 0.5 0.5
vt 0.5 0.5
vt 0.5 0.5
vt 0.5 0.5
vt 0.5 0.5
vt 0.5 0.5
vt 0.5 0.5
vt 1 0.5
vt 0.8535534143447876 0.1464466154575348
vt 0.5 0
vt 0.1464466154575348 0.1464466154575348
vt 0 0.5
vt 0.1464466154575348 0.8535534143447876
vt 0.5 1
vt 0.8535534143447876 0.8535534143447876
vt 1 0.5
vn 0 -1 2.220446049250313e-16
vn 0.7071067811865476 -0.7071067811865476 1.5700924586837752e-16
vn 1 -6.123234262925839e-17 1.3596311327747833e-32
vn 0.7071067811865476 0.7071067811865476 -1.5700924586837752e-16
vn 1.2246468525851679e-16 1 -2.220446049250313e-16
vn -0.7071067811865476 0.7071067811865476 -1.5700924586837752e-16
vn -1 1.8369701465288538e-16 -4.078893104450762e-32
vn -0.7071067811865476 -0.7071067811865476 1.5700924586837752e-16
vn -2.4492937051703357e-16 -1 2.220446049250313e-16
vn 0 -1 2.220446049250313e-16
vn 0.7071067811865476 -0.7071067811865476 1.5700924586837752e-16
vn 1 -6.123234262925839e-17 1.3596311327747833e-32
vn 0.7071067811865476 0.7071067811865476 -1.5700924586837752e-16
vn 1.2246468525851679e-16 1 -2.220446049250313e-16
vn -0.7071067811865476 0.7071067811865476 -1.5700924586837752e-16
vn -1 1.8369701465288538e-16 -4.078893104450762e-32
vn -0.7071067811865476 -0.7071067811865476 1.5700924586837752e-16
vn -2.4492937051703357e-16 -1 2.220446049250313e-16
vn 0 2.220446049250313e-16 1
vn 0 2.220446049250313e-16 1
vn 0 2.220446049250313e-16 1
vn 0 2.220446049250313e-16 1
vn 0 2.220446049250313e-16 1
vn 0 2.220446049250313e-16 1
vn 0 2.220446049250313e-16 1
vn 0 2.220446049250313e-16 1
vn 0 2.220446049250313e-16 1
vn 0 2.220446049250313e-16 1
vn 0 2.220446049250313e-16 1
vn 0 2.220446049250313e-16 1
vn 0 2.220446049250313e-16 1
vn 0 2.220446049250313e-16 1
vn 0 2.220446049250313e-16 1
vn 0 2.220446049250313e-16 1
vn 0 2.220446049250313e-16 1
vn 0 -2.220446049250313e-16 -1
vn 0 -2.220446049250313e-16 -1
vn 0 -2.220446049250313e-16 -1
vn 0 -2.220446049250313e-16 -1
vn 0 -2.220446049250313e-16 -1
vn 0 -2.220446049250313e-16 -1
vn 0 -2.220446049250313e-16 -1
vn 0 -2.220446049250313e-16 -1
vn 0 -2.220446049250313e-16 -1
vn 0 -2.220446049250313e-16 -1
vn 0 -2.220446049250313e-16 -1
vn 0 -2.220446049250313e-16 -1
vn 0 -2.220446049250313e-16 -1
vn 0 -2.220446049250313e-16 -1
vn 0 -2.220446049250313e-16 -1
vn 0 -2.220446049250313e-16 -1
vn 0 -2.220446049250313e-16 -1
f 1549/1549/1549 1558/1558/1558 1550/1550/1550
f 1558/1558/1558 1559/1559/1559 1550/1550/1550
f 1550/1550/1550 1559/1559/1559 1551/1551/1551
f 1559/1559/1559 1560/1560/1560 1551/1551/1551
f 1551/1551/1551 1560/1560/1560 1552/1552/1552
f 1560/1560/1560 1561/1561/1561 1552/1552/1552
f 1552/1552/1552 1561/1561/1561 1553/1553/1553
f 1561/1561/1561 1562/1562/1562 1553/1553/1553
f 1553/1553/1553 1562/1562/1562 1554/1554/1554
f 1562/1562/1562 1563/1563/1563 1554/1554/1554
f 1554/1554/1554 1563/1563/1563 1555/1555/1555
f 1563/1563/1563 1564/1564/1564 1555/1555/1555
f 1555/1555/1555 1564/1564/1564 1556/1556/1556
f 1564/1564/1564 1565/1565/1565 1556/1556/1556
f 1556/1556/1556 1565/1565/1565 1557/1557/1557
f 1565/1565/1565 1566/1566/1566 1557/1557/1557
f 1575/1575/1575 1576/1576/1576 1567/1567/1567
f 1576/1576/1576 1577/1577/1577 1568/1568/1568
f 1577/1577/1577 1578/1578/1578 1569/1569/1569
f 1578/1578/1578 1579/1579/1579 1570/1570/1570
f 1579/1579/1579 1580/1580/1580 1571/1571/1571
f 1580/1580/1580 1581/1581/1581 1572/1572/1572
f 1581/1581/1581 1582/1582/1582 1573/1573/1573
f 1582/1582/1582 1583/1583/1583 1574/1574/1574
f 1593/1593/1593 1592/1592/1592 1584/1584/1584
f 1594/1594/1594 1593/1593/1593 1585/1585/1585
f 1595/1595/1595 1594/1594/1594 1586/1586/1586
f 1596/1596/1596 1595/1595/1595 1587/1587/1587
f 1597/1597/1597 1596/1596/1596 1588/1588/1588
f 1598/1598/1598 1597/1597/1597 1589/1589/1589
f 1599/1599/1599 1598/1598/1598 1590/1590/1590
f 1600/1600/1600 1599/1599/1599 1591/1591/1591
o roof_rib_17
usemtl metal
v 0.5653846153846156 2.874999998211861 1.350000023841858
v 0.5972044208875071 2.888180194497109 1.350000023841858
v 0.6103846171727549 2.9200000000000004 1.350000023841858
v 0.5972044208875071 2.951819805502892 1.350000023841858
v 0.5653846153846156 2.9650000017881397 1.350000023841858
v 0.5335648098817241 2.951819805502892 1.350000023841858
v 0.5203846135964763 2.9200000000000004 1.350000023841858
v 0.5335648098817241 2.888180194497109 1.350000023841858
v 0.5653846153846156 2.874999998211861 1.350000023841858
v 0.5653846153846156 2.87499999821186 -1.350000023841858
v 0.5972044208875071 2.888180194497108 -1.350000023841858
v 0.6103846171727549 2.9199999999999995 -1.350000023841858
v 0.5972044208875071 2.951819805502891 -1.350000023841858
v 0.5653846153846156 2.965000001788139 -1.350000023841858
v 0.5335648098817241 2.951819805502891 -1.350000023841858
v 0.5203846135964763 2.9199999999999995 -1.350000023841858
v 0.5335648098817241 2.888180194497108 -1.350000023841858
v 0.5653846153846156 2.87499999821186 -1.350000023841858
v 0.5653846153846156 2.9200000000000004 1.350000023841858
v 0.5653846153846156 2.9200000000000004 1.350000023841858
v 0.5653846153846156 2.9200000000000004 1.350000023841858
v 0.5653846153846156 2.9200000000000004 1.350000023841858
v 0.5653846153846156 2.9200000000000004 1.350000023841858
v 0.5653846153846156 2.9200000000000004 1.350000023841858
v 0.5653846153846156 2.9200000000000004 1.350000023841858
v 0.5653846153846156 2.9200000000000004 1.350000023841858
v 0.5653846153846156 2.874999998211861 1.350000023841858
v 0.5972044208875071 2.888180194497109 1.350000023841858
v 0.6103846171727549 2.9200000000000004 1.350000023841858
v 0.5972044208875071 2.951819805502892 1.350000023841858
v 0.5653846153846156 2.9650000017881397 1.350000023841858
v 0.5335648098817241 2.951819805502892 1.350000023841858
v 0.5203846135964763 2.9200000000000004 1.350000023841858
v 0.5335648098817241 2.888180194497109 1.350000023841858
v 0.5653846153846156 2.874999998211861 1.350000023841858
v 0.5653846153846156 2.9199999999999995 -1.350000023841858
v 0.5653846153846156 2.9199999999999995 -1.350000023841858
v 0.5653846153846156 2.9199999999999995 -1.350000023841858
v 0.5653846153846156 2.9199999999999995 -1.350000023841858
v 0.5653846153846156 2.9199999999999995 -1.350000023841858
v 0.5653846153846156 2.9199999999999995 -1.350000023841858
v 0.5653846153846156 2.9199999999999995 -1.350000023841858
v 0.5653846153846156 2.9199999999999995 -1.350000023841858
v 0.5653846153846156 2.87499999821186 -1.350000023841858
v 0.5972044208875071 2.888180194497108 -1.350000023841858
v 0.6103846171727549 2.9199999999999995 -1.350000023841858
v 0.5972044208875071 2.951819805502891 -1.350000023841858
v 0.5653846153846156 2.965000001788139 -1.350000023841858
v 0.5335648098817241 2.951819805502891 -1.350000023841858
v 0.5203846135964763 2.9199999999999995 -1.350000023841858
v 0.5335648098817241 2.888180194497108 -1.350000023841858
v 0.5653846153846156 2.87499999821186 -1.350000023841858
vt 0 1
vt 0.125 1
vt 0.25 1
vt 0.375 1
vt 0.5 1
vt 0.625 1
vt 0.75 1
vt 0.875 1
vt 1 1
vt 0 0
vt 0.125 0
vt 0.25 0
vt 0.375 0
vt 0.5 0
vt 0.625 0
vt 0.75 0
vt 0.875 0
vt 1 0
vt 0.5 0.5
vt 0.5 0.5
vt 0.5 0.5
vt 0.5 0.5
vt 0.5 0.5
vt 0.5 0.5
vt 0.5 0.5
vt 0.5 0.5
vt 1 0.5
vt 0.8535534143447876 0.8535534143447876
vt 0.5 1
vt 0.1464466154575348 0.8535534143447876
vt 0 0.5
vt 0.1464466154575348 0.1464466154575348
vt 0.5 0
vt 0.8535534143447876 0.1464466154575348
vt 1 0.5
vt 0.5 0.5
vt 0.5 0.5
vt 0.5 0.5
vt 0.5 0.5
vt 0.5 0.5
vt 0.5 0.5
vt 0.5 0.5
vt 0.5 0.5
vt 1 0.5
vt 0.8535534143447876 0.1464466154575348
vt 0.5 0
vt 0.1464466154575348 0.1464466154575348
vt 0 0.5
vt 0.1464466154575348 0.8535534143447876
vt 0.5 1
vt 0.8535534143447876 0.8535534143447876
vt 1 0.5
vn 0 -1 2.220446049250313e-16
vn 0.7071067811865476 -0.7071067811865476 1.5700924586837752e-16
vn 1 -6.123234262925839e-17 1.3596311327747833e-32
vn 0.7071067811865476 0.7071067811865476 -1.5700924586837752e-16
vn 1.2246468525851679e-16 1 -2.220446049250313e-16
vn -0.7071067811865476 0.7071067811865476 -1.5700924586837752e-16
vn -1 1.8369701465288538e-16 -4.078893104450762e-32
vn -0.7071067811865476 -0.7071067811865476 1.5700924586837752e-16
vn -2.4492937051703357e-16 -1 2.220446049250313e-16
vn 0 -1 2.220446049250313e-16
vn 0.7071067811865476 -0.7071067811865476 1.5700924586837752e-16
vn 1 -6.123234262925839e-17 1.3596311327747833e-32
vn 0.7071067811865476 0.7071067811865476 -1.5700924586837752e-16
vn 1.2246468525851679e-16 1 -2.220446049250313e-16
vn -0.7071067811865476 0.7071067811865476 -1.5700924586837752e-16
vn -1 1.8369701465288538e-16 -4.078893104450762e-32
vn -0.7071067811865476 -0.7071067811865476 1.5700924586837752e-16
vn -2.4492937051703357e-16 -1 2.220446049250313e-16
vn 0 2.220446049250313e-16 1
vn 0 2.220446049250313e-16 1
vn 0 2.220446049250313e-16 1
vn 0 2.220446049250313e-16 1
vn 0 2.220446049250313e-16 1
vn 0 2.220446049250313e-16 1
vn 0 2.220446049250313e-16 1
vn 0 2.220446049250313e-16 1
vn 0 2.220446049250313e-16 1
vn 0 2.220446049250313e-16 1
vn 0 2.220446049250313e-16 1
vn 0 2.220446049250313e-16 1
vn 0 2.220446049250313e-16 1
vn 0 2.220446049250313e-16 1
vn 0 2.220446049250313e-16 1
vn 0 2.220446049250313e-16 1
vn 0 2.220446049250313e-16 1
vn 0 -2.220446049250313e-16 -1
vn 0 -2.220446049250313e-16 -1
vn 0 -2.220446049250313e-16 -1
vn 0 -2.220446049250313e-16 -1
vn 0 -2.220446049250313e-16 -1
vn 0 -2.220446049250313e-16 -1
vn 0 -2.220446049250313e-16 -1
vn 0 -2.220446049250313e-16 -1
vn 0 -2.220446049250313e-16 -1
vn 0 -2.220446049250313e-16 -1
vn 0 -2.220446049250313e-16 -1
vn 0 -2.220446049250313e-16 -1
vn 0 -2.220446049250313e-16 -1
vn 0 -2.220446049250313e-16 -1
vn 0 -2.220446049250313e-16 -1
vn 0 -2.220446049250313e-16 -1
vn 0 -2.220446049250313e-16 -1
f 1601/1601/1601 1610/1610/1610 1602/1602/1602
f 1610/1610/1610 1611/1611/1611 1602/1602/1602
f 1602/1602/1602 1611/1611/1611 1603/1603/1603
f 1611/1611/1611 1612/1612/1612 1603/1603/1603
f 1603/1603/1603 1612/1612/1612 1604/1604/1604
f 1612/1612/1612 1613/1613/1613 1604/1604/1604
f 1604/1604/1604 1613/1613/1613 1605/1605/1605
f 1613/1613/1613 1614/1614/1614 1605/1605/1605
f 1605/1605/1605 1614/1614/1614 1606/1606/1606
f 1614/1614/1614 1615/1615/1615 1606/1606/1606
f 1606/1606/1606 1615/1615/1615 1607/1607/1607
f 1615/1615/1615 1616/1616/1616 1607/1607/1607
f 1607/1607/1607 1616/1616/1616 1608/1608/1608
f 1616/1616/1616 1617/1617/1617 1608/1608/1608
f 1608/1608/1608 1617/1617/1617 1609/1609/1609
f 1617/1617/1617 1618/1618/1618 1609/1609/1609
f 1627/1627/1627 1628/1628/1628 1619/1619/1619
f 1628/1628/1628 1629/1629/1629 1620/1620/1620
f 1629/1629/1629 1630/1630/1630 1621/1621/1621
f 1630/1630/1630 1631/1631/1631 1622/1622/1622
f 1631/1631/1631 1632/1632/1632 1623/1623/1623
f 1632/1632/1632 1633/1633/1633 1624/1624/1624
f 1633/1633/1633 1634/1634/1634 1625/1625/1625
f 1634/1634/1634 1635/1635/1635 1626/1626/1626
f 1645/1645/1645 1644/1644/1644 1636/1636/1636
f 1646/1646/1646 1645/1645/1645 1637/1637/1637
f 1647/1647/1647 1646/1646/1646 1638/1638/1638
f 1648/1648/1648 1647/1647/1647 1639/1639/1639
f 1649/1649/1649 1648/1648/1648 1640/1640/1640
f 1650/1650/1650 1649/1649/1649 1641/1641/1641
f 1651/1651/1651 1650/1650/1650 1642/1642/1642
f 1652/1652/1652 1651/1651/1651 1643/1643/1643
o roof_rib_18
usemtl metal
v 0.726923076923077 2.874999998211861 1.350000023841858
v 0.7587428824259685 2.888180194497109 1.350000023841858
v 0.7719230787112163 2.9200000000000004 1.350000023841858
v 0.7587428824259685 2.951819805502892 1.350000023841858
v 0.726923076923077 2.9650000017881397 1.350000023841858
v 0.6951032714201855 2.951819805502892 1.350000023841858
v 0.6819230751349377 2.9200000000000004 1.350000023841858
v 0.6951032714201855 2.888180194497109 1.350000023841858
v 0.726923076923077 2.874999998211861 1.350000023841858
v 0.726923076923077 2.87499999821186 -1.350000023841858
v 0.7587428824259685 2.888180194497108 -1.350000023841858
v 0.7719230787112163 2.9199999999999995 -1.350000023841858
v 0.7587428824259685 2.951819805502891 -1.350000023841858
v 0.726923076923077 2.965000001788139 -1.350000023841858
v 0.6951032714201855 2.951819805502891 -1.350000023841858
v 0.6819230751349377 2.9199999999999995 -1.350000023841858
v 0.6951032714201855 2.888180194497108 -1.350000023841858
v 0.726923076923077 2.87499999821186 -1.350000023841858
v 0.726923076923077 2.9200000000000004 1.350000023841858
v 0.726923076923077 2.9200000000000004 1.350000023841858
v 0.726923076923077 2.9200000000000004 1.350000023841858
v 0.726923076923077 2.9200000000000004 1.350000023841858
v 0.726923076923077 2.9200000000000004 1.350000023841858
v 0.726923076923077 2.9200000000000004 1.350000023841858
v 0.726923076923077 2.9200000000000004 1.350000023841858
v 0.726923076923077 2.9200000000000004 1.350000023841858
v 0.726923076923077 2.874999998211861 1.350000023841858
v 0.7587428824259685 2.888180194497109 1.350000023841858
v 0.7719230787112163 2.9200000000000004 1.350000023841858
v 0.7587428824259685 2.951819805502892 1.350000023841858
v 0.726923076923077 2.9650000017881397 1.350000023841858
v 0.6951032714201855 2.951819805502892 1.350000023841858
v 0.6819230751349377 2.9200000000000004 1.350000023841858
v 0.6951032714201855 2.888180194497109 1.350000023841858
v 0.726923076923077 2.874999998211861 1.350000023841858
v 0.726923076923077 2.9199999999999995 -1.350000023841858
v 0.726923076923077 2.9199999999999995 -1.350000023841858
v 0.726923076923077 2.9199999999999995 -1.350000023841858
v 0.726923076923077 2.9199999999999995 -1.350000023841858
v 0.726923076923077 2.9199999999999995 -1.350000023841858
v 0.726923076923077 2.9199999999999995 -1.350000023841858
v 0.726923076923077 2.9199999999999995 -1.350000023841858
v 0.726923076923077 2.9199999999999995 -1.350000023841858
v 0.726923076923077 2.87499999821186 -1.350000023841858
v 0.7587428824259685 2.888180194497108 -1.350000023841858
v 0.7719230787112163 2.9199999999999995 -1.350000023841858
v 0.7587428824259685 2.951819805502891 -1.350000023841858
v 0.726923076923077 2.965000001788139 -1.350000023841858
v 0.6951032714201855 2.951819805502891 -1.350000023841858
v 0.6819230751349377 2.9199999999999995 -1.350000023841858
v 0.6951032714201855 2.888180194497108 -1.350000023841858
v 0.726923076923077 2.87499999821186 -1.350000023841858
vt 0 1
vt 0.125 1
vt 0.25 1
vt 0.375 1
vt 0.5 1
vt 0.625 1
vt 0.75 1
vt 0.875 1
vt 1 1
vt 0 0
vt 0.125 0
vt 0.25 0
vt 0.375 0
vt 0.5 0
vt 0.625 0
vt 0.75 0
vt 0.875 0
vt 1 0
vt 0.5 0.5
vt 0.5 0.5
vt 0.5 0.5
vt 0.5 0.5
vt 0.5 0.5
vt 0.5 0.5
vt 0.5 0.5
vt 0.5 0.5
vt 1 0.5
vt 0.8535534143447876 0.8535534143447876
vt 0.5 1
vt 0.1464466154575348 0.8535534143447876
vt 0 0.5
vt 0.1464466154575348 0.1464466154575348
vt 0.5 0
vt 0.8535534143447876 0.1464466154575348
vt 1 0.5
vt 0.5 0.5
vt 0.5 0.5
vt 0.5 0.5
vt 0.5 0.5
vt 0.5 0.5
vt 0.5 0.5
vt 0.5 0.5
vt 0.5 0.5
vt 1 0.5
vt 0.8535534143447876 0.1464466154575348
vt 0.5 0
vt 0.1464466154575348 0.1464466154575348
vt 0 0.5
vt 0.1464466154575348 0.8535534143447876
vt 0.5 1
vt 0.8535534143447876 0.8535534143447876
vt 1 0.5
vn 0 -1 2.220446049250313e-16
vn 0.7071067811865476 -0.7071067811865476 1.5700924586837752e-16
vn 1 -6.123234262925839e-17 1.3596311327747833e-32
vn 0.7071067811865476 0.7071067811865476 -1.5700924586837752e-16
vn 1.2246468525851679e-16 1 -2.220446049250313e-16
vn -0.7071067811865476 0.7071067811865476 -1.5700924586837752e-16
vn -1 1.8369701465288538e-16 -4.078893104450762e-32
vn -0.7071067811865476 -0.7071067811865476 1.5700924586837752e-16
vn -2.4492937051703357e-16 -1 2.220446049250313e-16
vn 0 -1 2.220446049250313e-16
vn 0.7071067811865476 -0.7071067811865476 1.5700924586837752e-16
vn 1 -6.123234262925839e-17 1.3596311327747833e-32
vn 0.7071067811865476 0.7071067811865476 -1.5700924586837752e-16
vn 1.2246468525851679e-16 1 -2.220446049250313e-16
vn -0.7071067811865476 0.7071067811865476 -1.5700924586837752e-16
vn -1 1.8369701465288538e-16 -4.078893104450762e-32
vn -0.7071067811865476 -0.7071067811865476 1.5700924586837752e-16
vn -2.4492937051703357e-16 -1 2.220446049250313e-16
vn 0 2.220446049250313e-16 1
vn 0 2.220446049250313e-16 1
vn 0 2.220446049250313e-16 1
vn 0 2.220446049250313e-16 1
vn 0 2.220446049250313e-16 1
vn 0 2.220446049250313e-16 1
vn 0 2.220446049250313e-16 1
vn 0 2.220446049250313e-16 1
vn 0 2.220446049250313e-16 1
vn 0 2.220446049250313e-16 1
vn 0 2.220446049250313e-16 1
vn 0 2.220446049250313e-16 1
vn 0 2.220446049250313e-16 1
vn 0 2.220446049250313e-16 1
vn 0 2.220446049250313e-16 1
vn 0 2.220446049250313e-16 1
vn 0 2.220446049250313e-16 1
vn 0 -2.220446049250313e-16 -1
vn 0 -2.220446049250313e-16 -1
vn 0 -2.220446049250313e-16 -1
vn 0 -2.220446049250313e-16 -1
vn 0 -2.220446049250313e-16 -1
vn 0 -2.220446049250313e-16 -1
vn 0 -2.220446049250313e-16 -1
vn 0 -2.220446049250313e-16 -1
vn 0 -2.220446049250313e-16 -1
vn 0 -2.220446049250313e-16 -1
vn 0 -2.220446049250313e-16 -1
vn 0 -2.220446049250313e-16 -1
vn 0 -2.220446049250313e-16 -1
vn 0 -2.220446049250313e-16 -1
vn 0 -2.220446049250313e-16 -1
vn 0 -2.220446049250313e-16 -1
vn 0 -2.220446049250313e-16 -1
f 1653/1653/1653 1662/1662/1662 1654/1654/1654
f 1662/1662/1662 1663/1663/1663 1654/1654/1654
f 1654/1654/1654 1663/1663/1663 1655/1655/1655
f 1663/1663/1663 1664/1664/1664 1655/1655/1655
f 1655/1655/1655 1664/1664/1664 1656/1656/1656
f 1664/1664/1664 1665/1665/1665 1656/1656/1656
f 1656/1656/1656 1665/1665/1665 1657/1657/1657
f 1665/1665/1665 1666/1666/1666 1657/1657/1657
f 1657/1657/1657 1666/1666/1666 1658/1658/1658
f 1666/1666/1666 1667/1667/1667 1658/1658/1658
f 1658/1658/1658 1667/1667/1667 1659/1659/1659
f 1667/1667/1667 1668/1668/1668 1659/1659/1659
f 1659/1659/1659 1668/1668/1668 1660/1660/1660
f 1668/1668/1668 1669/1669/1669 1660/1660/1660
f 1660/1660/1660 1669/1669/1669 1661/1661/1661
f 1669/1669/1669 1670/1670/1670 1661/1661/1661
f 1679/1679/1679 1680/1680/1680 1671/1671/1671
f 1680/1680/1680 1681/1681/1681 1672/1672/1672
f 1681/1681/1681 1682/1682/1682 1673/1673/1673
f 1682/1682/1682 1683/1683/1683 1674/1674/1674
f 1683/1683/1683 1684/1684/1684 1675/1675/1675
f 1684/1684/1684 1685/1685/1685 1676/1676/1676
f 1685/1685/1685 1686/1686/1686 1677/1677/1677
f 1686/1686/1686 1687/1687/1687 1678/1678/1678
f 1697/1697/1697 1696/1696/1696 1688/1688/1688
f 1698/1698/1698 1697/1697/1697 1689/1689/1689
f 1699/1699/1699 1698/1698/1698 1690/1690/1690
f 1700/1700/1700 1699/1699/1699 1691/1691/1691
f 1701/1701/1701 1700/1700/1700 1692/1692/1692
f 1702/1702/1702 1701/1701/1701 1693/1693/1693
f 1703/1703/1703 1702/1702/1702 1694/1694/1694
f 1704/1704/1704 1703/1703/1703 1695/1695/1695
o roof_rib_19
usemtl metal
v 0.8884615384615384 2.874999998211861 1.350000023841858
v 0.92028134396443 2.888180194497109 1.350000023841858
v 0.9334615402496778 2.9200000000000004 1.350000023841858
v 0.92028134396443 2.951819805502892 1.350000023841858
v 0.8884615384615384 2.9650000017881397 1.350000023841858
v 0.8566417329586469 2.951819805502892 1.350000023841858
v 0.8434615366733991 2.9200000000000004 1.350000023841858
v 0.8566417329586469 2.888180194497109 1.350000023841858
v 0.8884615384615384 2.874999998211861 1.350000023841858
v 0.8884615384615384 2.87499999821186 -1.350000023841858
v 0.92028134396443 2.888180194497108 -1.350000023841858
v 0.9334615402496778 2.9199999999999995 -1.350000023841858
v 0.92028134396443 2.951819805502891 -1.350000023841858
v 0.8884615384615384 2.965000001788139 -1.350000023841858
v 0.8566417329586469 2.951819805502891 -1.350000023841858
v 0.8434615366733991 2.9199999999999995 -1.350000023841858
v 0.8566417329586469 2.888180194497108 -1.350000023841858
v 0.8884615384615384 2.87499999821186 -1.350000023841858
v 0.8884615384615384 2.9200000000000004 1.350000023841858
v 0.8884615384615384 2.9200000000000004 1.350000023841858
v 0.8884615384615384 2.9200000000000004 1.350000023841858
v 0.8884615384615384 2.9200000000000004 1.350000023841858
v 0.8884615384615384 2.9200000000000004 1.350000023841858
v 0.8884615384615384 2.9200000000000004 1.350000023841858
v 0.8884615384615384 2.9200000000000004 1.350000023841858
v 0.8884615384615384 2.9200000000000004 1.350000023841858
v 0.8884615384615384 2.874999998211861 1.350000023841858
v 0.92028134396443 2.888180194497109 1.350000023841858
v 0.9334615402496778 2.9200000000000004 1.350000023841858
v 0.92028134396443 2.951819805502892 1.350000023841858
v 0.8884615384615384 2.9650000017881397 1.350000023841858
v 0.8566417329586469 2.951819805502892 1.350000023841858
v 0.8434615366733991 2.9200000000000004 1.350000023841858
v 0.8566417329586469 2.888180194497109 1.350000023841858
v 0.8884615384615384 2.874999998211861 1.350000023841858
v 0.8884615384615384 2.9199999999999995 -1.350000023841858
v 0.8884615384615384 2.9199999999999995 -1.350000023841858
v 0.8884615384615384 2.9199999999999995 -1.350000023841858
v 0.8884615384615384 2.9199999999999995 -1.350000023841858
v 0.8884615384615384 2.9199999999999995 -1.350000023841858
v 0.8884615384615384 2.9199999999999995 -1.350000023841858
v 0.8884615384615384 2.9199999999999995 -1.350000023841858
v 0.8884615384615384 2.9199999999999995 -1.350000023841858
v 0.8884615384615384 2.87499999821186 -1.350000023841858
v 0.92028134396443 2.888180194497108 -1.350000023841858
v 0.9334615402496778 2.9199999999999995 -1.350000023841858
v 0.92028134396443 2.951819805502891 -1.350000023841858
v 0.8884615384615384 2.965000001788139 -1.350000023841858
v 0.8566417329586469 2.951819805502891 -1.350000023841858
v 0.8434615366733991 2.9199999999999995 -1.350000023841858
v 0.8566417329586469 2.888180194497108 -1.350000023841858
v 0.8884615384615384 2.87499999821186 -1.350000023841858
vt 0 1
vt 0.125 1
vt 0.25 1
vt 0.375 1
vt 0.5 1
vt 0.625 1
vt 0.75 1
vt 0.875 1
vt 1 1
vt 0 0
vt 0.125 0
vt 0.25 0
vt 0.375 0
vt 0.5 0
vt 0.625 0
vt 0.75 0
vt 0.875 0
vt 1 0
vt 0.5 0.5
vt 0.5 0.5
vt 0.5 0.5
vt 0.5 0.5
vt 0.5 0.5
vt 0.5 0.5
vt 0.5 0.5
vt 0.5 0.5
vt 1 0.5
vt 0.8535534143447876 0.8535534143447876
vt 0.5 1
vt 0.1464466154575348 0.8535534143447876
vt 0 0.5
vt 0.1464466154575348 0.1464466154575348
vt 0.5 0
vt 0.8535534143447876 0.1464466154575348
vt 1 0.5
vt 0.5 0.5
vt 0.5 0.5
vt 0.5 0.5
vt 0.5 0.5
vt 0.5 0.5
vt 0.5 0.5
vt 0.5 0.5
vt 0.5 0.5
vt 1 0.5
vt 0.8535534143447876 0.1464466154575348
vt 0.5 0
vt 0.1464466154575348 0.1464466154575348
vt 0 0.5
vt 0.1464466154575348 0.8535534143447876
vt 0.5 1
vt 0.8535534143447876 0.8535534143447876
vt 1 0.5
vn 0 -1 2.220446049250313e-16
vn 0.7071067811865476 -0.7071067811865476 1.5700924586837752e-16
vn 1 -6.123234262925839e-17 1.3596311327747833e-32
vn 0.7071067811865476 0.7071067811865476 -1.5700924586837752e-16
vn 1.2246468525851679e-16 1 -2.220446049250313e-16
vn -0.7071067811865476 0.7071067811865476 -1.5700924586837752e-16
vn -1 1.8369701465288538e-16 -4.078893104450762e-32
vn -0.7071067811865476 -0.7071067811865476 1.5700924586837752e-16
vn -2.4492937051703357e-16 -1 2.220446049250313e-16
vn 0 -1 2.220446049250313e-16
vn 0.7071067811865476 -0.7071067811865476 1.5700924586837752e-16
vn 1 -6.123234262925839e-17 1.3596311327747833e-32
vn 0.7071067811865476 0.7071067811865476 -1.5700924586837752e-16
vn 1.2246468525851679e-16 1 -2.220446049250313e-16
vn -0.7071067811865476 0.7071067811865476 -1.5700924586837752e-16
vn -1 1.8369701465288538e-16 -4.078893104450762e-32
vn -0.7071067811865476 -0.7071067811865476 1.5700924586837752e-16
vn -2.4492937051703357e-16 -1 2.220446049250313e-16
vn 0 2.220446049250313e-16 1
vn 0 2.220446049250313e-16 1
vn 0 2.220446049250313e-16 1
vn 0 2.220446049250313e-16 1
vn 0 2.220446049250313e-16 1
vn 0 2.220446049250313e-16 1
vn 0 2.220446049250313e-16 1
vn 0 2.220446049250313e-16 1
vn 0 2.220446049250313e-16 1
vn 0 2.220446049250313e-16 1
vn 0 2.220446049250313e-16 1
vn 0 2.220446049250313e-16 1
vn 0 2.220446049250313e-16 1
vn 0 2.220446049250313e-16 1
vn 0 2.220446049250313e-16 1
vn 0 2.220446049250313e-16 1
vn 0 2.220446049250313e-16 1
vn 0 -2.220446049250313e-16 -1
vn 0 -2.220446049250313e-16 -1
vn 0 -2.220446049250313e-16 -1
vn 0 -2.220446049250313e-16 -1
vn 0 -2.220446049250313e-16 -1
vn 0 -2.220446049250313e-16 -1
vn 0 -2.220446049250313e-16 -1
vn 0 -2.220446049250313e-16 -1
vn 0 -2.220446049250313e-16 -1
vn 0 -2.220446049250313e-16 -1
vn 0 -2.220446049250313e-16 -1
vn 0 -2.220446049250313e-16 -1
vn 0 -2.220446049250313e-16 -1
vn 0 -2.220446049250313e-16 -1
vn 0 -2.220446049250313e-16 -1
vn 0 -2.220446049250313e-16 -1
vn 0 -2.220446049250313e-16 -1
f 1705/1705/1705 1714/1714/1714 1706/1706/1706
f 1714/1714/1714 1715/1715/1715 1706/1706/1706
f 1706/1706/1706 1715/1715/1715 1707/1707/1707
f 1715/1715/1715 1716/1716/1716 1707/1707/1707
f 1707/1707/1707 1716/1716/1716 1708/1708/1708
f 1716/1716/1716 1717/1717/1717 1708/1708/1708
f 1708/1708/1708 1717/1717/1717 1709/1709/1709
f 1717/1717/1717 1718/1718/1718 1709/1709/1709
f 1709/1709/1709 1718/1718/1718 1710/1710/1710
f 1718/1718/1718 1719/1719/1719 1710/1710/1710
f 1710/1710/1710 1719/1719/1719 1711/1711/1711
f 1719/1719/1719 1720/1720/1720 1711/1711/1711
f 1711/1711/1711 1720/1720/1720 1712/1712/1712
f 1720/1720/1720 1721/1721/1721 1712/1712/1712
f 1712/1712/1712 1721/1721/1721 1713/1713/1713
f 1721/1721/1721 1722/1722/1722 1713/1713/1713
f 1731/1731/1731 1732/1732/1732 1723/1723/1723
f 1732/1732/1732 1733/1733/1733 1724/1724/1724
f 1733/1733/1733 1734/1734/1734 1725/1725/1725
f 1734/1734/1734 1735/1735/1735 1726/1726/1726
f 1735/1735/1735 1736/1736/1736 1727/1727/1727
f 1736/1736/1736 1737/1737/1737 1728/1728/1728
f 1737/1737/1737 1738/1738/1738 1729/1729/1729
f 1738/1738/1738 1739/1739/1739 1730/1730/1730
f 1749/1749/1749 1748/1748/1748 1740/1740/1740
f 1750/1750/1750 1749/1749/1749 1741/1741/1741
f 1751/1751/1751 1750/1750/1750 1742/1742/1742
f 1752/1752/1752 1751/1751/1751 1743/1743/1743
f 1753/1753/1753 1752/1752/1752 1744/1744/1744
f 1754/1754/1754 1753/1753/1753 1745/1745/1745
f 1755/1755/1755 1754/1754/1754 1746/1746/1746
f 1756/1756/1756 1755/1755/1755 1747/1747/1747
o roof_rib_20
usemtl metal
v 1.0500000000000003 2.874999998211861 1.350000023841858
v 1.0818198055028918 2.888180194497109 1.350000023841858
v 1.0950000017881396 2.9200000000000004 1.350000023841858
v 1.0818198055028918 2.951819805502892 1.350000023841858
v 1.0500000000000003 2.9650000017881397 1.350000023841858
v 1.0181801944971087 2.951819805502892 1.350000023841858
v 1.004999998211861 2.9200000000000004 1.350000023841858
v 1.0181801944971087 2.888180194497109 1.350000023841858
v 1.0500000000000003 2.874999998211861 1.350000023841858
v 1.0500000000000003 2.87499999821186 -1.350000023841858
v 1.0818198055028918 2.888180194497108 -1.350000023841858
v 1.0950000017881396 2.9199999999999995 -1.350000023841858
v 1.0818198055028918 2.951819805502891 -1.350000023841858
v 1.0500000000000003 2.965000001788139 -1.350000023841858
v 1.0181801944971087 2.951819805502891 -1.350000023841858
v 1.004999998211861 2.9199999999999995 -1.350000023841858
v 1.0181801944971087 2.888180194497108 -1.350000023841858
v 1.0500000000000003 2.87499999821186 -1.350000023841858
v 1.0500000000000003 2.9200000000000004 1.350000023841858
v 1.0500000000000003 2.9200000000000004 1.350000023841858
v 1.0500000000000003 2.9200000000000004 1.350000023841858
v 1.0500000000000003 2.9200000000000004 1.350000023841858
v 1.0500000000000003 2.9200000000000004 1.350000023841858
v 1.0500000000000003 2.9200000000000004 1.350000023841858
v 1.0500000000000003 2.9200000000000004 1.350000023841858
v 1.0500000000000003 2.9200000000000004 1.350000023841858
v 1.0500000000000003 2.874999998211861 1.350000023841858
v 1.0818198055028918 2.888180194497109 1.350000023841858
v 1.0950000017881396 2.9200000000000004 1.350000023841858
v 1.0818198055028918 2.951819805502892 1.350000023841858
v 1.0500000000000003 2.9650000017881397 1.350000023841858
v 1.0181801944971087 2.951819805502892 1.350000023841858
v 1.004999998211861 2.9200000000000004 1.350000023841858
v 1.0181801944971087 2.888180194497109 1.350000023841858
v 1.0500000000000003 2.874999998211861 1.350000023841858
v 1.0500000000000003 2.9199999999999995 -1.350000023841858
v 1.0500000000000003 2.9199999999999995 -1.350000023841858
v 1.0500000000000003 2.9199999999999995 -1.350000023841858
v 1.0500000000000003 2.9199999999999995 -1.350000023841858
v 1.0500000000000003 2.9199999999999995 -1.350000023841858
v 1.0500000000000003 2.9199999999999995 -1.350000023841858
v 1.0500000000000003 2.9199999999999995 -1.350000023841858
v 1.0500000000000003 2.9199999999999995 -1.350000023841858
v 1.0500000000000003 2.87499999821186 -1.350000023841858
v 1.0818198055028918 2.888180194497108 -1.350000023841858
v 1.0950000017881396 2.9199999999999995 -1.350000023841858
v 1.0818198055028918 2.951819805502891 -1.350000023841858
v 1.0500000000000003 2.965000001788139 -1.350000023841858
v 1.0181801944971087 2.951819805502891 -1.350000023841858
v 1.004999998211861 2.9199999999999995 -1.350000023841858
v 1.0181801944971087 2.888180194497108 -1.350000023841858
v 1.0500000000000003 2.87499999821186 -1.350000023841858
vt 0 1
vt 0.125 1
vt 0.25 1
vt 0.375 1
vt 0.5 1
vt 0.625 1
vt 0.75 1
vt 0.875 1
vt 1 1
vt 0 0
vt 0.125 0
vt 0.25 0
vt 0.375 0
vt 0.5 0
vt 0.625 0
vt 0.75 0
vt 0.875 0
vt 1 0
vt 0.5 0.5
vt 0.5 0.5
vt 0.5 0.5
vt 0.5 0.5
vt 0.5 0.5
vt 0.5 0.5
vt 0.5 0.5
vt 0.5 0.5
vt 1 0.5
vt 0.8535534143447876 0.8535534143447876
vt 0.5 1
vt 0.1464466154575348 0.8535534143447876
vt 0 0.5
vt 0.1464466154575348 0.1464466154575348
vt 0.5 0
vt 0.8535534143447876 0.1464466154575348
vt 1 0.5
vt 0.5 0.5
vt 0.5 0.5
vt 0.5 0.5
vt 0.5 0.5
vt 0.5 0.5
vt 0.5 0.5
vt 0.5 0.5
vt 0.5 0.5
vt 1 0.5
vt 0.8535534143447876 0.1464466154575348
vt 0.5 0
vt 0.1464466154575348 0.1464466154575348
vt 0 0.5
vt 0.1464466154575348 0.8535534143447876
vt 0.5 1
vt 0.8535534143447876 0.8535534143447876
vt 1 0.5
vn 0 -1 2.220446049250313e-16
vn 0.7071067811865476 -0.7071067811865476 1.5700924586837752e-16
vn 1 -6.123234262925839e-17 1.3596311327747833e-32
vn 0.7071067811865476 0.7071067811865476 -1.5700924586837752e-16
vn 1.2246468525851679e-16 1 -2.220446049250313e-16
vn -0.7071067811865476 0.7071067811865476 -1.5700924586837752e-16
vn -1 1.8369701465288538e-16 -4.078893104450762e-32
vn -0.7071067811865476 -0.7071067811865476 1.5700924586837752e-16
vn -2.4492937051703357e-16 -1 2.220446049250313e-16
vn 0 -1 2.220446049250313e-16
vn 0.7071067811865476 -0.7071067811865476 1.5700924586837752e-16
vn 1 -6.123234262925839e-17 1.3596311327747833e-32
vn 0.7071067811865476 0.7071067811865476 -1.5700924586837752e-16
vn 1.2246468525851679e-16 1 -2.220446049250313e-16
vn -0.7071067811865476 0.7071067811865476 -1.5700924586837752e-16
vn -1 1.8369701465288538e-16 -4.078893104450762e-32
vn -0.7071067811865476 -0.7071067811865476 1.5700924586837752e-16
vn -2.4492937051703357e-16 -1 2.220446049250313e-16
vn 0 2.220446049250313e-16 1
vn 0 2.220446049250313e-16 1
vn 0 2.220446049250313e-16 1
vn 0 2.220446049250313e-16 1
vn 0 2.220446049250313e-16 1
vn 0 2.220446049250313e-16 1
vn 0 2.220446049250313e-16 1
vn 0 2.220446049250313e-16 1
vn 0 2.220446049250313e-16 1
vn 0 2.220446049250313e-16 1
vn 0 2.220446049250313e-16 1
vn 0 2.220446049250313e-16 1
vn 0 2.220446049250313e-16 1
vn 0 2.220446049250313e-16 1
vn 0 2.220446049250313e-16 1
vn 0 2.220446049250313e-16 1
vn 0 2.220446049250313e-16 1
vn 0 -2.220446049250313e-16 -1
vn 0 -2.220446049250313e-16 -1
vn 0 -2.220446049250313e-16 -1
vn 0 -2.220446049250313e-16 -1
vn 0 -2.220446049250313e-16 -1
vn 0 -2.220446049250313e-16 -1
vn 0 -2.220446049250313e-16 -1
vn 0 -2.220446049250313e-16 -1
vn 0 -2.220446049250313e-16 -1
vn 0 -2.220446049250313e-16 -1
vn 0 -2.220446049250313e-16 -1
vn 0 -2.220446049250313e-16 -1
vn 0 -2.220446049250313e-16 -1
vn 0 -2.220446049250313e-16 -1
vn 0 -2.220446049250313e-16 -1
vn 0 -2.220446049250313e-16 -1
vn 0 -2.220446049250313e-16 -1
f 1757/1757/1757 1766/1766/1766 1758/1758/1758
f 1766/1766/1766 1767/1767/1767 1758/1758/1758
f 1758/1758/1758 1767/1767/1767 1759/1759/1759
f 1767/1767/1767 1768/1768/1768 1759/1759/1759
f 1759/1759/1759 1768/1768/1768 1760/1760/1760
f 1768/1768/1768 1769/1769/1769 1760/1760/1760
f 1760/1760/1760 1769/1769/1769 1761/1761/1761
f 1769/1769/1769 1770/1770/1770 1761/1761/1761
f 1761/1761/1761 1770/1770/1770 1762/1762/1762
f 1770/1770/1770 1771/1771/1771 1762/1762/1762
f 1762/1762/1762 1771/1771/1771 1763/1763/1763
f 1771/1771/1771 1772/1772/1772 1763/1763/1763
f 1763/1763/1763 1772/1772/1772 1764/1764/1764
f 1772/1772/1772 1773/1773/1773 1764/1764/1764
f 1764/1764/1764 1773/1773/1773 1765/1765/1765
f 1773/1773/1773 1774/1774/1774 1765/1765/1765
f 1783/1783/1783 1784/1784/1784 1775/1775/1775
f 1784/1784/1784 1785/1785/1785 1776/1776/1776
f 1785/1785/1785 1786/1786/1786 1777/1777/1777
f 1786/1786/1786 1787/1787/1787 1778/1778/1778
f 1787/1787/1787 1788/1788/1788 1779/1779/1779
f 1788/1788/1788 1789/1789/1789 1780/1780/1780
f 1789/1789/1789 1790/1790/1790 1781/1781/1781
f 1790/1790/1790 1791/1791/1791 1782/1782/1782
f 1801/1801/1801 1800/1800/1800 1792/1792/1792
f 1802/1802/1802 1801/1801/1801 1793/1793/1793
f 1803/1803/1803 1802/1802/1802 1794/1794/1794
f 1804/1804/1804 1803/1803/1803 1795/1795/1795
f 1805/1805/1805 1804/1804/1804 1796/1796/1796
f 1806/1806/1806 1805/1805/1805 1797/1797/1797
f 1807/1807/1807 1806/1806/1806 1798/1798/1798
f 1808/1808/1808 1807/1807/1807 1799/1799/1799
o roof_rib_21
usemtl metal
v 1.2115384615384617 2.874999998211861 1.350000023841858
v 1.2433582670413532 2.888180194497109 1.350000023841858
v 1.256538463326601 2.9200000000000004 1.350000023841858
v 1.2433582670413532 2.951819805502892 1.350000023841858
v 1.2115384615384617 2.9650000017881397 1.350000023841858
v 1.1797186560355701 2.951819805502892 1.350000023841858
v 1.1665384597503223 2.9200000000000004 1.350000023841858
v 1.1797186560355701 2.888180194497109 1.350000023841858
v 1.2115384615384617 2.874999998211861 1.350000023841858
v 1.2115384615384617 2.87499999821186 -1.350000023841858
v 1.2433582670413532 2.888180194497108 -1.350000023841858
v 1.256538463326601 2.9199999999999995 -1.350000023841858
v 1.2433582670413532 2.951819805502891 -1.350000023841858
v 1.2115384615384617 2.965000001788139 -1.350000023841858
v 1.1797186560355701 2.951819805502891 -1.350000023841858
v 1.1665384597503223 2.9199999999999995 -1.350000023841858
v 1.1797186560355701 2.888180194497108 -1.350000023841858
v 1.2115384615384617 2.87499999821186 -1.350000023841858
v 1.2115384615384617 2.9200000000000004 1.350000023841858
v 1.2115384615384617 2.9200000000000004 1.350000023841858
v 1.2115384615384617 2.9200000000000004 1.350000023841858
v 1.2115384615384617 2.9200000000000004 1.350000023841858
v 1.2115384615384617 2.9200000000000004 1.350000023841858
v 1.2115384615384617 2.9200000000000004 1.350000023841858
v 1.2115384615384617 2.9200000000000004 1.350000023841858
v 1.2115384615384617 2.9200000000000004 1.350000023841858
v 1.2115384615384617 2.874999998211861 1.350000023841858
v 1.2433582670413532 2.888180194497109 1.350000023841858
v 1.256538463326601 2.9200000000000004 1.350000023841858
v 1.2433582670413532 2.951819805502892 1.350000023841858
v 1.2115384615384617 2.9650000017881397 1.350000023841858
v 1.1797186560355701 2.951819805502892 1.350000023841858
v 1.1665384597503223 2.9200000000000004 1.350000023841858
v 1.1797186560355701 2.888180194497109 1.350000023841858
v 1.2115384615384617 2.874999998211861 1.350000023841858
v 1.2115384615384617 2.9199999999999995 -1.350000023841858
v 1.2115384615384617 2.9199999999999995 -1.350000023841858
v 1.2115384615384617 2.9199999999999995 -1.350000023841858
v 1.2115384615384617 2.9199999999999995 -1.350000023841858
v 1.2115384615384617 2.9199999999999995 -1.350000023841858
v 1.2115384615384617 2.9199999999999995 -1.350000023841858
v 1.2115384615384617 2.9199999999999995 -1.350000023841858
v 1.2115384615384617 2.9199999999999995 -1.350000023841858
v 1.2115384615384617 2.87499999821186 -1.350000023841858
v 1.2433582670413532 2.888180194497108 -1.350000023841858
v 1.256538463326601 2.9199999999999995 -1.350000023841858
v 1.2433582670413532 2.951819805502891 -1.350000023841858
v 1.2115384615384617 2.965000001788139 -1.350000023841858
v 1.1797186560355701 2.951819805502891 -1.350000023841858
v 1.1665384597503223 2.9199999999999995 -1.350000023841858
v 1.1797186560355701 2.888180194497108 -1.350000023841858
v 1.2115384615384617 2.87499999821186 -1.350000023841858
vt 0 1
vt 0.125 1
vt 0.25 1
vt 0.375 1
vt 0.5 1
vt 0.625 1
vt 0.75 1
vt 0.875 1
vt 1 1
vt 0 0
vt 0.125 0
vt 0.25 0
vt 0.375 0
vt 0.5 0
vt 0.625 0
vt 0.75 0
vt 0.875 0
vt 1 0
vt 0.5 0.5
vt 0.5 0.5
vt 0.5 0.5
vt 0.5 0.5
vt 0.5 0.5
vt 0.5 0.5
vt 0.5 0.5
vt 0.5 0.5
vt 1 0.5
vt 0.8535534143447876 0.8535534143447876
vt 0.5 1
vt 0.1464466154575348 0.8535534143447876
vt 0 0.5
vt 0.1464466154575348 0.1464466154575348
vt 0.5 0
vt 0.8535534143447876 0.1464466154575348
vt 1 0.5
vt 0.5 0.5
vt 0.5 0.5
vt 0.5 0.5
vt 0.5 0.5
vt 0.5 0.5
vt 0.5 0.5
vt 0.5 0.5
vt 0.5 0.5
vt 1 0.5
vt 0.8535534143447876 0.1464466154575348
vt 0.5 0
vt 0.1464466154575348 0.1464466154575348
vt 0 0.5
vt 0.1464466154575348 0.8535534143447876
vt 0.5 1
vt 0.8535534143447876 0.8535534143447876
vt 1 0.5
vn 0 -1 2.220446049250313e-16
vn 0.7071067811865476 -0.7071067811865476 1.5700924586837752e-16
vn 1 -6.123234262925839e-17 1.3596311327747833e-32
vn 0.7071067811865476 0.7071067811865476 -1.5700924586837752e-16
vn 1.2246468525851679e-16 1 -2.220446049250313e-16
vn -0.7071067811865476 0.7071067811865476 -1.5700924586837752e-16
vn -1 1.8369701465288538e-16 -4.078893104450762e-32
vn -0.7071067811865476 -0.7071067811865476 1.5700924586837752e-16
vn -2.4492937051703357e-16 -1 2.220446049250313e-16
vn 0 -1 2.220446049250313e-16
vn 0.7071067811865476 -0.7071067811865476 1.5700924586837752e-16
vn 1 -6.123234262925839e-17 1.3596311327747833e-32
vn 0.7071067811865476 0.7071067811865476 -1.5700924586837752e-16
vn 1.2246468525851679e-16 1 -2.220446049250313e-16
vn -0.7071067811865476 0.7071067811865476 -1.5700924586837752e-16
vn -1 1.8369701465288538e-16 -4.078893104450762e-32
vn -0.7071067811865476 -0.7071067811865476 1.5700924586837752e-16
vn -2.4492937051703357e-16 -1 2.220446049250313e-16
vn 0 2.220446049250313e-16 1
vn 0 2.220446049250313e-16 1
vn 0 2.220446049250313e-16 1
vn 0 2.220446049250313e-16 1
vn 0 2.220446049250313e-16 1
vn 0 2.220446049250313e-16 1
vn 0 2.220446049250313e-16 1
vn 0 2.220446049250313e-16 1
vn 0 2.220446049250313e-16 1
vn 0 2.220446049250313e-16 1
vn 0 2.220446049250313e-16 1
vn 0 2.220446049250313e-16 1
vn 0 2.220446049250313e-16 1
vn 0 2.220446049250313e-16 1
vn 0 2.220446049250313e-16 1
vn 0 2.220446049250313e-16 1
vn 0 2.220446049250313e-16 1
vn 0 -2.220446049250313e-16 -1
vn 0 -2.220446049250313e-16 -1
vn 0 -2.220446049250313e-16 -1
vn 0 -2.220446049250313e-16 -1
vn 0 -2.220446049250313e-16 -1
vn 0 -2.220446049250313e-16 -1
vn 0 -2.220446049250313e-16 -1
vn 0 -2.220446049250313e-16 -1
vn 0 -2.220446049250313e-16 -1
vn 0 -2.220446049250313e-16 -1
vn 0 -2.220446049250313e-16 -1
vn 0 -2.220446049250313e-16 -1
vn 0 -2.220446049250313e-16 -1
vn 0 -2.220446049250313e-16 -1
vn 0 -2.220446049250313e-16 -1
vn 0 -2.220446049250313e-16 -1
vn 0 -2.220446049250313e-16 -1
f 1809/1809/1809 1818/1818/1818 1810/1810/1810
f 1818/1818/1818 1819/1819/1819 1810/1810/1810
f 1810/1810/1810 1819/1819/1819 1811/1811/1811
f 1819/1819/1819 1820/1820/1820 1811/1811/1811
f 1811/1811/1811 1820/1820/1820 1812/1812/1812
f 1820/1820/1820 1821/1821/1821 1812/1812/1812
f 1812/1812/1812 1821/1821/1821 1813/1813/1813
f 1821/1821/1821 1822/1822/1822 1813/1813/1813
f 1813/1813/1813 1822/1822/1822 1814/1814/1814
f 1822/1822/1822 1823/1823/1823 1814/1814/1814
f 1814/1814/1814 1823/1823/1823 1815/1815/1815
f 1823/1823/1823 1824/1824/1824 1815/1815/1815
f 1815/1815/1815 1824/1824/1824 1816/1816/1816
f 1824/1824/1824 1825/1825/1825 1816/1816/1816
f 1816/1816/1816 1825/1825/1825 1817/1817/1817
f 1825/1825/1825 1826/1826/1826 1817/1817/1817
f 1835/1835/1835 1836/1836/1836 1827/1827/1827
f 1836/1836/1836 1837/1837/1837 1828/1828/1828
f 1837/1837/1837 1838/1838/1838 1829/1829/1829
f 1838/1838/1838 1839/1839/1839 1830/1830/1830
f 1839/1839/1839 1840/1840/1840 1831/1831/1831
f 1840/1840/1840 1841/1841/1841 1832/1832/1832
f 1841/1841/1841 1842/1842/1842 1833/1833/1833
f 1842/1842/1842 1843/1843/1843 1834/1834/1834
f 1853/1853/1853 1852/1852/1852 1844/1844/1844
f 1854/1854/1854 1853/1853/1853 1845/1845/1845
f 1855/1855/1855 1854/1854/1854 1846/1846/1846
f 1856/1856/1856 1855/1855/1855 1847/1847/1847
f 1857/1857/1857 1856/1856/1856 1848/1848/1848
f 1858/1858/1858 1857/1857/1857 1849/1849/1849
f 1859/1859/1859 1858/1858/1858 1850/1850/1850
f 1860/1860/1860 1859/1859/1859 1851/1851/1851
o roof_rib_22
usemtl metal
v 1.373076923076923 2.874999998211861 1.350000023841858
v 1.4048967285798146 2.888180194497109 1.350000023841858
v 1.4180769248650624 2.9200000000000004 1.350000023841858
v 1.4048967285798146 2.951819805502892 1.350000023841858
v 1.373076923076923 2.9650000017881397 1.350000023841858
v 1.3412571175740315 2.951819805502892 1.350000023841858
v 1.3280769212887837 2.9200000000000004 1.350000023841858
v 1.3412571175740315 2.888180194497109 1.350000023841858
v 1.373076923076923 2.874999998211861 1.350000023841858
v 1.373076923076923 2.87499999821186 -1.350000023841858
v 1.4048967285798146 2.888180194497108 -1.350000023841858
v 1.4180769248650624 2.9199999999999995 -1.350000023841858
v 1.4048967285798146 2.951819805502891 -1.350000023841858
v 1.373076923076923 2.965000001788139 -1.350000023841858
v 1.3412571175740315 2.951819805502891 -1.350000023841858
v 1.3280769212887837 2.9199999999999995 -1.350000023841858
v 1.3412571175740315 2.888180194497108 -1.350000023841858
v 1.373076923076923 2.87499999821186 -1.350000023841858
v 1.373076923076923 2.9200000000000004 1.350000023841858
v 1.373076923076923 2.9200000000000004 1.350000023841858
v 1.373076923076923 2.9200000000000004 1.350000023841858
v 1.373076923076923 2.9200000000000004 1.350000023841858
v 1.373076923076923 2.9200000000000004 1.350000023841858
v 1.373076923076923 2.9200000000000004 1.350000023841858
v 1.373076923076923 2.9200000000000004 1.350000023841858
v 1.373076923076923 2.9200000000000004 1.350000023841858
v 1.373076923076923 2.874999998211861 1.350000023841858
v 1.4048967285798146 2.888180194497109 1.350000023841858
v 1.4180769248650624 2.9200000000000004 1.350000023841858
v 1.4048967285798146 2.951819805502892 1.350000023841858
v 1.373076923076923 2.9650000017881397 1.350000023841858
v 1.3412571175740315 2.951819805502892 1.350000023841858
v 1.3280769212887837 2.9200000000000004 1.350000023841858
v 1.3412571175740315 2.888180194497109 1.350000023841858
v 1.373076923076923 2.874999998211861 1.350000023841858
v 1.373076923076923 2.9199999999999995 -1.350000023841858
v 1.373076923076923 2.9199999999999995 -1.350000023841858
v 1.373076923076923 2.9199999999999995 -1.350000023841858
v 1.373076923076923 2.9199999999999995 -1.350000023841858
v 1.373076923076923 2.9199999999999995 -1.350000023841858
v 1.373076923076923 2.9199999999999995 -1.350000023841858
v 1.373076923076923 2.9199999999999995 -1.350000023841858
v 1.373076923076923 2.9199999999999995 -1.350000023841858
v 1.373076923076923 2.87499999821186 -1.350000023841858
v 1.4048967285798146 2.888180194497108 -1.350000023841858
v 1.4180769248650624 2.9199999999999995 -1.350000023841858
v 1.4048967285798146 2.951819805502891 -1.350000023841858
v 1.373076923076923 2.965000001788139 -1.350000023841858
v 1.3412571175740315 2.951819805502891 -1.350000023841858
v 1.3280769212887837 2.9199999999999995 -1.350000023841858
v 1.3412571175740315 2.888180194497108 -1.350000023841858
v 1.373076923076923 2.87499999821186 -1.350000023841858
vt 0 1
vt 0.125 1
vt 0.25 1
vt 0.375 1
vt 0.5 1
vt 0.625 1
vt 0.75 1
vt 0.875 1
vt 1 1
vt 0 0
vt 0.125 0
vt 0.25 0
vt 0.375 0
vt 0.5 0
vt 0.625 0
vt 0.75 0
vt 0.875 0
vt 1 0
vt 0.5 0.5
vt 0.5 0.5
vt 0.5 0.5
vt 0.5 0.5
vt 0.5 0.5
vt 0.5 0.5
vt 0.5 0.5
vt 0.5 0.5
vt 1 0.5
vt 0.8535534143447876 0.8535534143447876
vt 0.5 1
vt 0.1464466154575348 0.8535534143447876
vt 0 0.5
vt 0.1464466154575348 0.1464466154575348
vt 0.5 0
vt 0.8535534143447876 0.1464466154575348
vt 1 0.5
vt 0.5 0.5
vt 0.5 0.5
vt 0.5 0.5
vt 0.5 0.5
vt 0.5 0.5
vt 0.5 0.5
vt 0.5 0.5
vt 0.5 0.5
vt 1 0.5
vt 0.8535534143447876 0.1464466154575348
vt 0.5 0
vt 0.1464466154575348 0.1464466154575348
vt 0 0.5
vt 0.1464466154575348 0.8535534143447876
vt 0.5 1
vt 0.8535534143447876 0.8535534143447876
vt 1 0.5
vn 0 -1 2.220446049250313e-16
vn 0.7071067811865476 -0.7071067811865476 1.5700924586837752e-16
vn 1 -6.123234262925839e-17 1.3596311327747833e-32
vn 0.7071067811865476 0.7071067811865476 -1.5700924586837752e-16
vn 1.2246468525851679e-16 1 -2.220446049250313e-16
vn -0.7071067811865476 0.7071067811865476 -1.5700924586837752e-16
vn -1 1.8369701465288538e-16 -4.078893104450762e-32
vn -0.7071067811865476 -0.7071067811865476 1.5700924586837752e-16
vn -2.4492937051703357e-16 -1 2.220446049250313e-16
vn 0 -1 2.220446049250313e-16
vn 0.7071067811865476 -0.7071067811865476 1.5700924586837752e-16
vn 1 -6.123234262925839e-17 1.3596311327747833e-32
vn 0.7071067811865476 0.7071067811865476 -1.5700924586837752e-16
vn 1.2246468525851679e-16 1 -2.220446049250313e-16
vn -0.7071067811865476 0.7071067811865476 -1.5700924586837752e-16
vn -1 1.8369701465288538e-16 -4.078893104450762e-32
vn -0.7071067811865476 -0.7071067811865476 1.5700924586837752e-16
vn -2.4492937051703357e-16 -1 2.220446049250313e-16
vn 0 2.220446049250313e-16 1
vn 0 2.220446049250313e-16 1
vn 0 2.220446049250313e-16 1
vn 0 2.220446049250313e-16 1
vn 0 2.220446049250313e-16 1
vn 0 2.220446049250313e-16 1
vn 0 2.220446049250313e-16 1
vn 0 2.220446049250313e-16 1
vn 0 2.220446049250313e-16 1
vn 0 2.220446049250313e-16 1
vn 0 2.220446049250313e-16 1
vn 0 2.220446049250313e-16 1
vn 0 2.220446049250313e-16 1
vn 0 2.220446049250313e-16 1
vn 0 2.220446049250313e-16 1
vn 0 2.220446049250313e-16 1
vn 0 2.220446049250313e-16 1
vn 0 -2.220446049250313e-16 -1
vn 0 -2.220446049250313e-16 -1
vn 0 -2.220446049250313e-16 -1
vn 0 -2.220446049250313e-16 -1
vn 0 -2.220446049250313e-16 -1
vn 0 -2.220446049250313e-16 -1
vn 0 -2.220446049250313e-16 -1
vn 0 -2.220446049250313e-16 -1
vn 0 -2.220446049250313e-16 -1
vn 0 -2.220446049250313e-16 -1
vn 0 -2.220446049250313e-16 -1
vn 0 -2.220446049250313e-16 -1
vn 0 -2.220446049250313e-16 -1
vn 0 -2.220446049250313e-16 -1
vn 0 -2.220446049250313e-16 -1
vn 0 -2.220446049250313e-16 -1
vn 0 -2.220446049250313e-16 -1
f 1861/1861/1861 1870/1870/1870 1862/1862/1862
f 1870/1870/1870 1871/1871/1871 1862/1862/1862
f 1862/1862/1862 1871/1871/1871 1863/1863/1863
f 1871/1871/1871 1872/1872/1872 1863/1863/1863
f 1863/1863/1863 1872/1872/1872 1864/1864/1864
f 1872/1872/1872 1873/1873/1873 1864/1864/1864
f 1864/1864/1864 1873/1873/1873 1865/1865/1865
f 1873/1873/1873 1874/1874/1874 1865/1865/1865
f 1865/1865/1865 1874/1874/1874 1866/1866/1866
f 1874/1874/1874 1875/1875/1875 1866/1866/1866
f 1866/1866/1866 1875/1875/1875 1867/1867/1867
f 1875/1875/1875 1876/1876/1876 1867/1867/1867
f 1867/1867/1867 1876/1876/1876 1868/1868/1868
f 1876/1876/1876 1877/1877/1877 1868/1868/1868
f 1868/1868/1868 1877/1877/1877 1869/1869/1869
f 1877/1877/1877 1878/1878/1878 1869/1869/1869
f 1887/1887/1887 1888/1888/1888 1879/1879/1879
f 1888/1888/1888 1889/1889/1889 1880/1880/1880
f 1889/1889/1889 1890/1890/1890 1881/1881/1881
f 1890/1890/1890 1891/1891/1891 1882/1882/1882
f 1891/1891/1891 1892/1892/1892 1883/1883/1883
f 1892/1892/1892 1893/1893/1893 1884/1884/1884
f 1893/1893/1893 1894/1894/1894 1885/1885/1885
f 1894/1894/1894 1895/1895/1895 1886/1886/1886
f 1905/1905/1905 1904/1904/1904 1896/1896/1896
f 1906/1906/1906 1905/1905/1905 1897/1897/1897
f 1907/1907/1907 1906/1906/1906 1898/1898/1898
f 1908/1908/1908 1907/1907/1907 1899/1899/1899
f 1909/1909/1909 1908/1908/1908 1900/1900/1900
f 1910/1910/1910 1909/1909/1909 1901/1901/1901
f 1911/1911/1911 1910/1910/1910 1902/1902/1902
f 1912/1912/1912 1911/1911/1911 1903/1903/1903
o roof_rib_23
usemtl metal
v 1.534615384615385 2.874999998211861 1.350000023841858
v 1.5664351901182765 2.888180194497109 1.350000023841858
v 1.5796153864035243 2.9200000000000004 1.350000023841858
v 1.5664351901182765 2.951819805502892 1.350000023841858
v 1.534615384615385 2.9650000017881397 1.350000023841858
v 1.5027955791124934 2.951819805502892 1.350000023841858
v 1.4896153828272456 2.9200000000000004 1.350000023841858
v 1.5027955791124934 2.888180194497109 1.350000023841858
v 1.534615384615385 2.874999998211861 1.350000023841858
v 1.534615384615385 2.87499999821186 -1.350000023841858
v 1.5664351901182765 2.888180194497108 -1.350000023841858
v 1.5796153864035243 2.9199999999999995 -1.350000023841858
v 1.5664351901182765 2.951819805502891 -1.350000023841858
v 1.534615384615385 2.965000001788139 -1.350000023841858
v 1.5027955791124934 2.951819805502891 -1.350000023841858
v 1.4896153828272456 2.9199999999999995 -1.350000023841858
v 1.5027955791124934 2.888180194497108 -1.350000023841858
v 1.534615384615385 2.87499999821186 -1.350000023841858
v 1.534615384615385 2.9200000000000004 1.350000023841858
v 1.534615384615385 2.9200000000000004 1.350000023841858
v 1.534615384615385 2.9200000000000004 1.350000023841858
v 1.534615384615385 2.9200000000000004 1.350000023841858
v 1.534615384615385 2.9200000000000004 1.350000023841858
v 1.534615384615385 2.9200000000000004 1.350000023841858
v 1.534615384615385 2.9200000000000004 1.350000023841858
v 1.534615384615385 2.9200000000000004 1.350000023841858
v 1.534615384615385 2.874999998211861 1.350000023841858
v 1.5664351901182765 2.888180194497109 1.350000023841858
v 1.5796153864035243 2.9200000000000004 1.350000023841858
v 1.5664351901182765 2.951819805502892 1.350000023841858
v 1.534615384615385 2.9650000017881397 1.350000023841858
v 1.5027955791124934 2.951819805502892 1.350000023841858
v 1.4896153828272456 2.9200000000000004 1.350000023841858
v 1.5027955791124934 2.888180194497109 1.350000023841858
v 1.534615384615385 2.874999998211861 1.350000023841858
v 1.534615384615385 2.9199999999999995 -1.350000023841858
v 1.534615384615385 2.9199999999999995 -1.350000023841858
v 1.534615384615385 2.9199999999999995 -1.350000023841858
v 1.534615384615385 2.9199999999999995 -1.350000023841858
v 1.534615384615385 2.9199999999999995 -1.350000023841858
v 1.534615384615385 2.9199999999999995 -1.350000023841858
v 1.534615384615385 2.9199999999999995 -1.350000023841858
v 1.534615384615385 2.9199999999999995 -1.350000023841858
v 1.534615384615385 2.87499999821186 -1.350000023841858
v 1.5664351901182765 2.888180194497108 -1.350000023841858
v 1.5796153864035243 2.9199999999999995 -1.350000023841858
v 1.5664351901182765 2.951819805502891 -1.350000023841858
v 1.534615384615385 2.965000001788139 -1.350000023841858
v 1.5027955791124934 2.951819805502891 -1.350000023841858
v 1.4896153828272456 2.9199999999999995 -1.350000023841858
v 1.5027955791124934 2.888180194497108 -1.350000023841858
v 1.534615384615385 2.87499999821186 -1.350000023841858
vt 0 1
vt 0.125 1
vt 0.25 1
vt 0.375 1
vt 0.5 1
vt 0.625 1
vt 0.75 1
vt 0.875 1
vt 1 1
vt 0 0
vt 0.125 0
vt 0.25 0
vt 0.375 0
vt 0.5 0
vt 0.625 0
vt 0.75 0
vt 0.875 0
vt 1 0
vt 0.5 0.5
vt 0.5 0.5
vt 0.5 0.5
vt 0.5 0.5
vt 0.5 0.5
vt 0.5 0.5
vt 0.5 0.5
vt 0.5 0.5
vt 1 0.5
vt 0.8535534143447876 0.8535534143447876
vt 0.5 1
vt 0.1464466154575348 0.8535534143447876
vt 0 0.5
vt 0.1464466154575348 0.1464466154575348
vt 0.5 0
vt 0.8535534143447876 0.1464466154575348
vt 1 0.5
vt 0.5 0.5
vt 0.5 0.5
vt 0.5 0.5
vt 0.5 0.5
vt 0.5 0.5
vt 0.5 0.5
vt 0.5 0.5
vt 0.5 0.5
vt 1 0.5
vt 0.8535534143447876 0.1464466154575348
vt 0.5 0
vt 0.1464466154575348 0.1464466154575348
vt 0 0.5
vt 0.1464466154575348 0.8535534143447876
vt 0.5 1
vt 0.8535534143447876 0.8535534143447876
vt 1 0.5
vn 0 -1 2.220446049250313e-16
vn 0.7071067811865476 -0.7071067811865476 1.5700924586837752e-16
vn 1 -6.123234262925839e-17 1.3596311327747833e-32
vn 0.7071067811865476 0.7071067811865476 -1.5700924586837752e-16
vn 1.2246468525851679e-16 1 -2.220446049250313e-16
vn -0.7071067811865476 0.7071067811865476 -1.5700924586837752e-16
vn -1 1.8369701465288538e-16 -4.078893104450762e-32
vn -0.7071067811865476 -0.7071067811865476 1.5700924586837752e-16
vn -2.4492937051703357e-16 -1 2.220446049250313e-16
vn 0 -1 2.220446049250313e-16
vn 0.7071067811865476 -0.7071067811865476 1.5700924586837752e-16
vn 1 -6.123234262925839e-17 1.3596311327747833e-32
vn 0.7071067811865476 0.7071067811865476 -1.5700924586837752e-16
vn 1.2246468525851679e-16 1 -2.220446049250313e-16
vn -0.7071067811865476 0.7071067811865476 -1.5700924586837752e-16
vn -1 1.8369701465288538e-16 -4.078893104450762e-32
vn -0.7071067811865476 -0.7071067811865476 1.5700924586837752e-16
vn -2.4492937051703357e-16 -1 2.220446049250313e-16
vn 0 2.220446049250313e-16 1
vn 0 2.220446049250313e-16 1
vn 0 2.220446049250313e-16 1
vn 0 2.220446049250313e-16 1
vn 0 2.220446049250313e-16 1
vn 0 2.220446049250313e-16 1
vn 0 2.220446049250313e-16 1
vn 0 2.220446049250313e-16 1
vn 0 2.220446049250313e-16 1
vn 0 2.220446049250313e-16 1
vn 0 2.220446049250313e-16 1
vn 0 2.220446049250313e-16 1
vn 0 2.220446049250313e-16 1
vn 0 2.220446049250313e-16 1
vn 0 2.220446049250313e-16 1
vn 0 2.220446049250313e-16 1
vn 0 2.220446049250313e-16 1
vn 0 -2.220446049250313e-16 -1
vn 0 -2.220446049250313e-16 -1
vn 0 -2.220446049250313e-16 -1
vn 0 -2.220446049250313e-16 -1
vn 0 -2.220446049250313e-16 -1
vn 0 -2.220446049250313e-16 -1
vn 0 -2.220446049250313e-16 -1
vn 0 -2.220446049250313e-16 -1
vn 0 -2.220446049250313e-16 -1
vn 0 -2.220446049250313e-16 -1
vn 0 -2.220446049250313e-16 -1
vn 0 -2.220446049250313e-16 -1
vn 0 -2.220446049250313e-16 -1
vn 0 -2.220446049250313e-16 -1
vn 0 -2.220446049250313e-16 -1
vn 0 -2.220446049250313e-16 -1
vn 0 -2.220446049250313e-16 -1
f 1913/1913/1913 1922/1922/1922 1914/1914/1914
f 1922/1922/1922 1923/1923/1923 1914/1914/1914
f 1914/1914/1914 1923/1923/1923 1915/1915/1915
f 1923/1923/1923 1924/1924/1924 1915/1915/1915
f 1915/1915/1915 1924/1924/1924 1916/1916/1916
f 1924/1924/1924 1925/1925/1925 1916/1916/1916
f 1916/1916/1916 1925/1925/1925 1917/1917/1917
f 1925/1925/1925 1926/1926/1926 1917/1917/1917
f 1917/1917/1917 1926/1926/1926 1918/1918/1918
f 1926/1926/1926 1927/1927/1927 1918/1918/1918
f 1918/1918/1918 1927/1927/1927 1919/1919/1919
f 1927/1927/1927 1928/1928/1928 1919/1919/1919
f 1919/1919/1919 1928/1928/1928 1920/1920/1920
f 1928/1928/1928 1929/1929/1929 1920/1920/1920
f 1920/1920/1920 1929/1929/1929 1921/1921/1921
f 1929/1929/1929 1930/1930/1930 1921/1921/1921
f 1939/1939/1939 1940/1940/1940 1931/1931/1931
f 1940/1940/1940 1941/1941/1941 1932/1932/1932
f 1941/1941/1941 1942/1942/1942 1933/1933/1933
f 1942/1942/1942 1943/1943/1943 1934/1934/1934
f 1943/1943/1943 1944/1944/1944 1935/1935/1935
f 1944/1944/1944 1945/1945/1945 1936/1936/1936
f 1945/1945/1945 1946/1946/1946 1937/1937/1937
f 1946/1946/1946 1947/1947/1947 1938/1938/1938
f 1957/1957/1957 1956/1956/1956 1948/1948/1948
f 1958/1958/1958 1957/1957/1957 1949/1949/1949
f 1959/1959/1959 1958/1958/1958 1950/1950/1950
f 1960/1960/1960 1959/1959/1959 1951/1951/1951
f 1961/1961/1961 1960/1960/1960 1952/1952/1952
f 1962/1962/1962 1961/1961/1961 1953/1953/1953
f 1963/1963/1963 1962/1962/1962 1954/1954/1954
f 1964/1964/1964 1963/1963/1963 1955/1955/1955
o roof_rib_24
usemtl metal
v 1.6961538461538463 2.874999998211861 1.350000023841858
v 1.7279736516567379 2.888180194497109 1.350000023841858
v 1.7411538479419857 2.9200000000000004 1.350000023841858
v 1.7279736516567379 2.951819805502892 1.350000023841858
v 1.6961538461538463 2.9650000017881397 1.350000023841858
v 1.6643340406509548 2.951819805502892 1.350000023841858
v 1.651153844365707 2.9200000000000004 1.350000023841858
v 1.6643340406509548 2.888180194497109 1.350000023841858
v 1.6961538461538463 2.874999998211861 1.350000023841858
v 1.6961538461538463 2.87499999821186 -1.350000023841858
v 1.7279736516567379 2.888180194497108 -1.350000023841858
v 1.7411538479419857 2.9199999999999995 -1.350000023841858
v 1.7279736516567379 2.951819805502891 -1.350000023841858
v 1.6961538461538463 2.965000001788139 -1.350000023841858
v 1.6643340406509548 2.951819805502891 -1.350000023841858
v 1.651153844365707 2.9199999999999995 -1.350000023841858
v 1.6643340406509548 2.888180194497108 -1.350000023841858
v 1.6961538461538463 2.87499999821186 -1.350000023841858
v 1.6961538461538463 2.9200000000000004 1.350000023841858
v 1.6961538461538463 2.9200000000000004 1.350000023841858
v 1.6961538461538463 2.9200000000000004 1.350000023841858
v 1.6961538461538463 2.9200000000000004 1.350000023841858
v 1.6961538461538463 2.9200000000000004 1.350000023841858
v 1.6961538461538463 2.9200000000000004 1.350000023841858
v 1.6961538461538463 2.9200000000000004 1.350000023841858
v 1.6961538461538463 2.9200000000000004 1.350000023841858
v 1.6961538461538463 2.874999998211861 1.350000023841858
v 1.7279736516567379 2.888180194497109 1.350000023841858
v 1.7411538479419857 2.9200000000000004 1.350000023841858
v 1.7279736516567379 2.951819805502892 1.350000023841858
v 1.6961538461538463 2.9650000017881397 1.350000023841858
v 1.6643340406509548 2.951819805502892 1.350000023841858
v 1.651153844365707 2.9200000000000004 1.350000023841858
v 1.6643340406509548 2.888180194497109 1.350000023841858
v 1.6961538461538463 2.874999998211861 1.350000023841858
v 1.6961538461538463 2.9199999999999995 -1.350000023841858
v 1.6961538461538463 2.9199999999999995 -1.350000023841858
v 1.6961538461538463 2.9199999999999995 -1.350000023841858
v 1.6961538461538463 2.9199999999999995 -1.350000023841858
v 1.6961538461538463 2.9199999999999995 -1.350000023841858
v 1.6961538461538463 2.9199999999999995 -1.350000023841858
v 1.6961538461538463 2.9199999999999995 -1.350000023841858
v 1.6961538461538463 2.9199999999999995 -1.350000023841858
v 1.6961538461538463 2.87499999821186 -1.350000023841858
v 1.7279736516567379 2.888180194497108 -1.350000023841858
v 1.7411538479419857 2.9199999999999995 -1.350000023841858
v 1.7279736516567379 2.951819805502891 -1.350000023841858
v 1.6961538461538463 2.965000001788139 -1.350000023841858
v 1.6643340406509548 2.951819805502891 -1.350000023841858
v 1.651153844365707 2.9199999999999995 -1.350000023841858
v 1.6643340406509548 2.888180194497108 -1.350000023841858
v 1.6961538461538463 2.87499999821186 -1.350000023841858
vt 0 1
vt 0.125 1
vt 0.25 1
vt 0.375 1
vt 0.5 1
vt 0.625 1
vt 0.75 1
vt 0.875 1
vt 1 1
vt 0 0
vt 0.125 0
vt 0.25 0
vt 0.375 0
vt 0.5 0
vt 0.625 0
vt 0.75 0
vt 0.875 0
vt 1 0
vt 0.5 0.5
vt 0.5 0.5
vt 0.5 0.5
vt 0.5 0.5
vt 0.5 0.5
vt 0.5 0.5
vt 0.5 0.5
vt 0.5 0.5
vt 1 0.5
vt 0.8535534143447876 0.8535534143447876
vt 0.5 1
vt 0.1464466154575348 0.8535534143447876
vt 0 0.5
vt 0.1464466154575348 0.1464466154575348
vt 0.5 0
vt 0.8535534143447876 0.1464466154575348
vt 1 0.5
vt 0.5 0.5
vt 0.5 0.5
vt 0.5 0.5
vt 0.5 0.5
vt 0.5 0.5
vt 0.5 0.5
vt 0.5 0.5
vt 0.5 0.5
vt 1 0.5
vt 0.8535534143447876 0.1464466154575348
vt 0.5 0
vt 0.1464466154575348 0.1464466154575348
vt 0 0.5
vt 0.1464466154575348 0.8535534143447876
vt 0.5 1
vt 0.8535534143447876 0.8535534143447876
vt 1 0.5
vn 0 -1 2.220446049250313e-16
vn 0.7071067811865476 -0.7071067811865476 1.5700924586837752e-16
vn 1 -6.123234262925839e-17 1.3596311327747833e-32
vn 0.7071067811865476 0.7071067811865476 -1.5700924586837752e-16
vn 1.2246468525851679e-16 1 -2.220446049250313e-16
vn -0.7071067811865476 0.7071067811865476 -1.5700924586837752e-16
vn -1 1.8369701465288538e-16 -4.078893104450762e-32
vn -0.7071067811865476 -0.7071067811865476 1.5700924586837752e-16
vn -2.4492937051703357e-16 -1 2.220446049250313e-16
vn 0 -1 2.220446049250313e-16
vn 0.7071067811865476 -0.7071067811865476 1.5700924586837752e-16
vn 1 -6.123234262925839e-17 1.3596311327747833e-32
vn 0.7071067811865476 0.7071067811865476 -1.5700924586837752e-16
vn 1.2246468525851679e-16 1 -2.220446049250313e-16
vn -0.7071067811865476 0.7071067811865476 -1.5700924586837752e-16
vn -1 1.8369701465288538e-16 -4.078893104450762e-32
vn -0.7071067811865476 -0.7071067811865476 1.5700924586837752e-16
vn -2.4492937051703357e-16 -1 2.220446049250313e-16
vn 0 2.220446049250313e-16 1
vn 0 2.220446049250313e-16 1
vn 0 2.220446049250313e-16 1
vn 0 2.220446049250313e-16 1
vn 0 2.220446049250313e-16 1
vn 0 2.220446049250313e-16 1
vn 0 2.220446049250313e-16 1
vn 0 2.220446049250313e-16 1
vn 0 2.220446049250313e-16 1
vn 0 2.220446049250313e-16 1
vn 0 2.220446049250313e-16 1
vn 0 2.220446049250313e-16 1
vn 0 2.220446049250313e-16 1
vn 0 2.220446049250313e-16 1
vn 0 2.220446049250313e-16 1
vn 0 2.220446049250313e-16 1
vn 0 2.220446049250313e-16 1
vn 0 -2.220446049250313e-16 -1
vn 0 -2.220446049250313e-16 -1
vn 0 -2.220446049250313e-16 -1
vn 0 -2.220446049250313e-16 -1
vn 0 -2.220446049250313e-16 -1
vn 0 -2.220446049250313e-16 -1
vn 0 -2.220446049250313e-16 -1
vn 0 -2.220446049250313e-16 -1
vn 0 -2.220446049250313e-16 -1
vn 0 -2.220446049250313e-16 -1
vn 0 -2.220446049250313e-16 -1
vn 0 -2.220446049250313e-16 -1
vn 0 -2.220446049250313e-16 -1
vn 0 -2.220446049250313e-16 -1
vn 0 -2.220446049250313e-16 -1
vn 0 -2.220446049250313e-16 -1
vn 0 -2.220446049250313e-16 -1
f 1965/1965/1965 1974/1974/1974 1966/1966/1966
f 1974/1974/1974 1975/1975/1975 1966/1966/1966
f 1966/1966/1966 1975/1975/1975 1967/1967/1967
f 1975/1975/1975 1976/1976/1976 1967/1967/1967
f 1967/1967/1967 1976/1976/1976 1968/1968/1968
f 1976/1976/1976 1977/1977/1977 1968/1968/1968
f 1968/1968/1968 1977/1977/1977 1969/1969/1969
f 1977/1977/1977 1978/1978/1978 1969/1969/1969
f 1969/1969/1969 1978/1978/1978 1970/1970/1970
f 1978/1978/1978 1979/1979/1979 1970/1970/1970
f 1970/1970/1970 1979/1979/1979 1971/1971/1971
f 1979/1979/1979 1980/1980/1980 1971/1971/1971
f 1971/1971/1971 1980/1980/1980 1972/1972/1972
f 1980/1980/1980 1981/1981/1981 1972/1972/1972
f 1972/1972/1972 1981/1981/1981 1973/1973/1973
f 1981/1981/1981 1982/1982/1982 1973/1973/1973
f 1991/1991/1991 1992/1992/1992 1983/1983/1983
f 1992/1992/1992 1993/1993/1993 1984/1984/1984
f 1993/1993/1993 1994/1994/1994 1985/1985/1985
f 1994/1994/1994 1995/1995/1995 1986/1986/1986
f 1995/1995/1995 1996/1996/1996 1987/1987/1987
f 1996/1996/1996 1997/1997/1997 1988/1988/1988
f 1997/1997/1997 1998/1998/1998 1989/1989/1989
f 1998/1998/1998 1999/1999/1999 1990/1990/1990
f 2009/2009/2009 2008/2008/2008 2000/2000/2000
f 2010/2010/2010 2009/2009/2009 2001/2001/2001
f 2011/2011/2011 2010/2010/2010 2002/2002/2002
f 2012/2012/2012 2011/2011/2011 2003/2003/2003
f 2013/2013/2013 2012/2012/2012 2004/2004/2004
f 2014/2014/2014 2013/2013/2013 2005/2005/2005
f 2015/2015/2015 2014/2014/2014 2006/2006/2006
f 2016/2016/2016 2015/2015/2015 2007/2007/2007
o roof_rib_25
usemtl metal
v 1.8576923076923078 2.874999998211861 1.350000023841858
v 1.8895121131951993 2.888180194497109 1.350000023841858
v 1.902692309480447 2.9200000000000004 1.350000023841858
v 1.8895121131951993 2.951819805502892 1.350000023841858
v 1.8576923076923078 2.9650000017881397 1.350000023841858
v 1.8258725021894162 2.951819805502892 1.350000023841858
v 1.8126923059041684 2.9200000000000004 1.350000023841858
v 1.8258725021894162 2.888180194497109 1.350000023841858
v 1.8576923076923078 2.874999998211861 1.350000023841858
v 1.8576923076923078 2.87499999821186 -1.350000023841858
v 1.8895121131951993 2.888180194497108 -1.350000023841858
v 1.902692309480447 2.9199999999999995 -1.350000023841858
v 1.8895121131951993 2.951819805502891 -1.350000023841858
v 1.8576923076923078 2.965000001788139 -1.350000023841858
v 1.8258725021894162 2.951819805502891 -1.350000023841858
v 1.8126923059041684 2.9199999999999995 -1.350000023841858
v 1.8258725021894162 2.888180194497108 -1.350000023841858
v 1.8576923076923078 2.87499999821186 -1.350000023841858
v 1.8576923076923078 2.9200000000000004 1.350000023841858
v 1.8576923076923078 2.9200000000000004 1.350000023841858
v 1.8576923076923078 2.9200000000000004 1.350000023841858
v 1.8576923076923078 2.9200000000000004 1.350000023841858
v 1.8576923076923078 2.9200000000000004 1.350000023841858
v 1.8576923076923078 2.9200000000000004 1.350000023841858
v 1.8576923076923078 2.9200000000000004 1.350000023841858
v 1.8576923076923078 2.9200000000000004 1.350000023841858
v 1.8576923076923078 2.874999998211861 1.350000023841858
v 1.8895121131951993 2.888180194497109 1.350000023841858
v 1.902692309480447 2.9200000000000004 1.350000023841858
v 1.8895121131951993 2.951819805502892 1.350000023841858
v 1.8576923076923078 2.9650000017881397 1.350000023841858
v 1.8258725021894162 2.951819805502892 1.350000023841858
v 1.8126923059041684 2.9200000000000004 1.350000023841858
v 1.8258725021894162 2.888180194497109 1.350000023841858
v 1.8576923076923078 2.874999998211861 1.350000023841858
v 1.8576923076923078 2.9199999999999995 -1.350000023841858
v 1.8576923076923078 2.9199999999999995 -1.350000023841858
v 1.8576923076923078 2.9199999999999995 -1.350000023841858
v 1.8576923076923078 2.9199999999999995 -1.350000023841858
v 1.8576923076923078 2.9199999999999995 -1.350000023841858
v 1.8576923076923078 2.9199999999999995 -1.350000023841858
v 1.8576923076923078 2.9199999999999995 -1.350000023841858
v 1.8576923076923078 2.9199999999999995 -1.350000023841858
v 1.8576923076923078 2.87499999821186 -1.350000023841858
v 1.8895121131951993 2.888180194497108 -1.350000023841858
v 1.902692309480447 2.9199999999999995 -1.350000023841858
v 1.8895121131951993 2.951819805502891 -1.350000023841858
v 1.8576923076923078 2.965000001788139 -1.350000023841858
v 1.8258725021894162 2.951819805502891 -1.350000023841858
v 1.8126923059041684 2.9199999999999995 -1.350000023841858
v 1.8258725021894162 2.888180194497108 -1.350000023841858
v 1.8576923076923078 2.87499999821186 -1.350000023841858
vt 0 1
vt 0.125 1
vt 0.25 1
vt 0.375 1
vt 0.5 1
vt 0.625 1
vt 0.75 1
vt 0.875 1
vt 1 1
vt 0 0
vt 0.125 0
vt 0.25 0
vt 0.375 0
vt 0.5 0
vt 0.625 0
vt 0.75 0
vt 0.875 0
vt 1 0
vt 0.5 0.5
vt 0.5 0.5
vt 0.5 0.5
vt 0.5 0.5
vt 0.5 0.5
vt 0.5 0.5
vt 0.5 0.5
vt 0.5 0.5
vt 1 0.5
vt 0.8535534143447876 0.8535534143447876
vt 0.5 1
vt 0.1464466154575348 0.8535534143447876
vt 0 0.5
vt 0.1464466154575348 0.1464466154575348
vt 0.5 0
vt 0.8535534143447876 0.1464466154575348
vt 1 0.5
vt 0.5 0.5
vt 0.5 0.5
vt 0.5 0.5
vt 0.5 0.5
vt 0.5 0.5
vt 0.5 0.5
vt 0.5 0.5
vt 0.5 0.5
vt 1 0.5
vt 0.8535534143447876 0.1464466154575348
vt 0.5 0
vt 0.1464466154575348 0.1464466154575348
vt 0 0.5
vt 0.1464466154575348 0.8535534143447876
vt 0.5 1
vt 0.8535534143447876 0.8535534143447876
vt 1 0.5
vn 0 -1 2.220446049250313e-16
vn 0.7071067811865476 -0.7071067811865476 1.5700924586837752e-16
vn 1 -6.123234262925839e-17 1.3596311327747833e-32
vn 0.7071067811865476 0.7071067811865476 -1.5700924586837752e-16
vn 1.2246468525851679e-16 1 -2.220446049250313e-16
vn -0.7071067811865476 0.7071067811865476 -1.5700924586837752e-16
vn -1 1.8369701465288538e-16 -4.078893104450762e-32
vn -0.7071067811865476 -0.7071067811865476 1.5700924586837752e-16
vn -2.4492937051703357e-16 -1 2.220446049250313e-16
vn 0 -1 2.220446049250313e-16
vn 0.7071067811865476 -0.7071067811865476 1.5700924586837752e-16
vn 1 -6.123234262925839e-17 1.3596311327747833e-32
vn 0.7071067811865476 0.7071067811865476 -1.5700924586837752e-16
vn 1.2246468525851679e-16 1 -2.220446049250313e-16
vn -0.7071067811865476 0.7071067811865476 -1.5700924586837752e-16
vn -1 1.8369701465288538e-16 -4.078893104450762e-32
vn -0.7071067811865476 -0.7071067811865476 1.5700924586837752e-16
vn -2.4492937051703357e-16 -1 2.220446049250313e-16
vn 0 2.220446049250313e-16 1
vn 0 2.220446049250313e-16 1
vn 0 2.220446049250313e-16 1
vn 0 2.220446049250313e-16 1
vn 0 2.220446049250313e-16 1
vn 0 2.220446049250313e-16 1
vn 0 2.220446049250313e-16 1
vn 0 2.220446049250313e-16 1
vn 0 2.220446049250313e-16 1
vn 0 2.220446049250313e-16 1
vn 0 2.220446049250313e-16 1
vn 0 2.220446049250313e-16 1
vn 0 2.220446049250313e-16 1
vn 0 2.220446049250313e-16 1
vn 0 2.220446049250313e-16 1
vn 0 2.220446049250313e-16 1
vn 0 2.220446049250313e-16 1
vn 0 -2.220446049250313e-16 -1
vn 0 -2.220446049250313e-16 -1
vn 0 -2.220446049250313e-16 -1
vn 0 -2.220446049250313e-16 -1
vn 0 -2.220446049250313e-16 -1
vn 0 -2.220446049250313e-16 -1
vn 0 -2.220446049250313e-16 -1
vn 0 -2.220446049250313e-16 -1
vn 0 -2.220446049250313e-16 -1
vn 0 -2.220446049250313e-16 -1
vn 0 -2.220446049250313e-16 -1
vn 0 -2.220446049250313e-16 -1
vn 0 -2.220446049250313e-16 -1
vn 0 -2.220446049250313e-16 -1
vn 0 -2.220446049250313e-16 -1
vn 0 -2.220446049250313e-16 -1
vn 0 -2.220446049250313e-16 -1
f 2017/2017/2017 2026/2026/2026 2018/2018/2018
f 2026/2026/2026 2027/2027/2027 2018/2018/2018
f 2018/2018/2018 2027/2027/2027 2019/2019/2019
f 2027/2027/2027 2028/2028/2028 2019/2019/2019
f 2019/2019/2019 2028/2028/2028 2020/2020/2020
f 2028/2028/2028 2029/2029/2029 2020/2020/2020
f 2020/2020/2020 2029/2029/2029 2021/2021/2021
f 2029/2029/2029 2030/2030/2030 2021/2021/2021
f 2021/2021/2021 2030/2030/2030 2022/2022/2022
f 2030/2030/2030 2031/2031/2031 2022/2022/2022
f 2022/2022/2022 2031/2031/2031 2023/2023/2023
f 2031/2031/2031 2032/2032/2032 2023/2023/2023
f 2023/2023/2023 2032/2032/2032 2024/2024/2024
f 2032/2032/2032 2033/2033/2033 2024/2024/2024
f 2024/2024/2024 2033/2033/2033 2025/2025/2025
f 2033/2033/2033 2034/2034/2034 2025/2025/2025
f 2043/2043/2043 2044/2044/2044 2035/2035/2035
f 2044/2044/2044 2045/2045/2045 2036/2036/2036
f 2045/2045/2045 2046/2046/2046 2037/2037/2037
f 2046/2046/2046 2047/2047/2047 2038/2038/2038
f 2047/2047/2047 2048/2048/2048 2039/2039/2039
f 2048/2048/2048 2049/2049/2049 2040/2040/2040
f 2049/2049/2049 2050/2050/2050 2041/2041/2041
f 2050/2050/2050 2051/2051/2051 2042/2042/2042
f 2061/2061/2061 2060/2060/2060 2052/2052/2052
f 2062/2062/2062 2061/2061/2061 2053/2053/2053
f 2063/2063/2063 2062/2062/2062 2054/2054/2054
f 2064/2064/2064 2063/2063/2063 2055/2055/2055
f 2065/2065/2065 2064/2064/2064 2056/2056/2056
f 2066/2066/2066 2065/2065/2065 2057/2057/2057
f 2067/2067/2067 2066/2066/2066 2058/2058/2058
f 2068/2068/2068 2067/2067/2067 2059/2059/2059
o roof_rib_26
usemtl metal
v 2.0192307692307696 2.874999998211861 1.350000023841858
v 2.051050574733661 2.888180194497109 1.350000023841858
v 2.064230771018909 2.9200000000000004 1.350000023841858
v 2.051050574733661 2.951819805502892 1.350000023841858
v 2.0192307692307696 2.9650000017881397 1.350000023841858
v 1.987410963727878 2.951819805502892 1.350000023841858
v 1.9742307674426303 2.9200000000000004 1.350000023841858
v 1.987410963727878 2.888180194497109 1.350000023841858
v 2.0192307692307696 2.874999998211861 1.350000023841858
v 2.0192307692307696 2.87499999821186 -1.350000023841858
v 2.051050574733661 2.888180194497108 -1.350000023841858
v 2.064230771018909 2.9199999999999995 -1.350000023841858
v 2.051050574733661 2.951819805502891 -1.350000023841858
v 2.0192307692307696 2.965000001788139 -1.350000023841858
v 1.987410963727878 2.951819805502891 -1.350000023841858
v 1.9742307674426303 2.9199999999999995 -1.350000023841858
v 1.987410963727878 2.888180194497108 -1.350000023841858
v 2.0192307692307696 2.87499999821186 -1.350000023841858
v 2.0192307692307696 2.9200000000000004 1.350000023841858
v 2.0192307692307696 2.9200000000000004 1.350000023841858
v 2.0192307692307696 2.9200000000000004 1.350000023841858
v 2.0192307692307696 2.9200000000000004 1.350000023841858
v 2.0192307692307696 2.9200000000000004 1.350000023841858
v 2.0192307692307696 2.9200000000000004 1.350000023841858
v 2.0192307692307696 2.9200000000000004 1.350000023841858
v 2.0192307692307696 2.9200000000000004 1.350000023841858
v 2.0192307692307696 2.874999998211861 1.350000023841858
v 2.051050574733661 2.888180194497109 1.350000023841858
v 2.064230771018909 2.9200000000000004 1.350000023841858
v 2.051050574733661 2.951819805502892 1.350000023841858
v 2.0192307692307696 2.9650000017881397 1.350000023841858
v 1.987410963727878 2.951819805502892 1.350000023841858
v 1.9742307674426303 2.9200000000000004 1.350000023841858
v 1.987410963727878 2.888180194497109 1.350000023841858
v 2.0192307692307696 2.874999998211861 1.350000023841858
v 2.0192307692307696 2.9199999999999995 -1.350000023841858
v 2.0192307692307696 2.9199999999999995 -1.350000023841858
v 2.0192307692307696 2.9199999999999995 -1.350000023841858
v 2.0192307692307696 2.9199999999999995 -1.350000023841858
v 2.0192307692307696 2.9199999999999995 -1.350000023841858
v 2.0192307692307696 2.9199999999999995 -1.350000023841858
v 2.0192307692307696 2.9199999999999995 -1.350000023841858
v 2.0192307692307696 2.9199999999999995 -1.350000023841858
v 2.0192307692307696 2.87499999821186 -1.350000023841858
v 2.051050574733661 2.888180194497108 -1.350000023841858
v 2.064230771018909 2.9199999999999995 -1.350000023841858
v 2.051050574733661 2.951819805502891 -1.350000023841858
v 2.0192307692307696 2.965000001788139 -1.350000023841858
v 1.987410963727878 2.951819805502891 -1.350000023841858
v 1.9742307674426303 2.9199999999999995 -1.350000023841858
v 1.987410963727878 2.888180194497108 -1.350000023841858
v 2.0192307692307696 2.87499999821186 -1.350000023841858
vt 0 1
vt 0.125 1
vt 0.25 1
vt 0.375 1
vt 0.5 1
vt 0.625 1
vt 0.75 1
vt 0.875 1
vt 1 1
vt 0 0
vt 0.125 0
vt 0.25 0
vt 0.375 0
vt 0.5 0
vt 0.625 0
vt 0.75 0
vt 0.875 0
vt 1 0
vt 0.5 0.5
vt 0.5 0.5
vt 0.5 0.5
vt 0.5 0.5
vt 0.5 0.5
vt 0.5 0.5
vt 0.5 0.5
vt 0.5 0.5
vt 1 0.5
vt 0.8535534143447876 0.8535534143447876
vt 0.5 1
vt 0.1464466154575348 0.8535534143447876
vt 0 0.5
vt 0.1464466154575348 0.1464466154575348
vt 0.5 0
vt 0.8535534143447876 0.1464466154575348
vt 1 0.5
vt 0.5 0.5
vt 0.5 0.5
vt 0.5 0.5
vt 0.5 0.5
vt 0.5 0.5
vt 0.5 0.5
vt 0.5 0.5
vt 0.5 0.5
vt 1 0.5
vt 0.8535534143447876 0.1464466154575348
vt 0.5 0
vt 0.1464466154575348 0.1464466154575348
vt 0 0.5
vt 0.1464466154575348 0.8535534143447876
vt 0.5 1
vt 0.8535534143447876 0.8535534143447876
vt 1 0.5
vn 0 -1 2.220446049250313e-16
vn 0.7071067811865476 -0.7071067811865476 1.5700924586837752e-16
vn 1 -6.123234262925839e-17 1.3596311327747833e-32
vn 0.7071067811865476 0.7071067811865476 -1.5700924586837752e-16
vn 1.2246468525851679e-16 1 -2.220446049250313e-16
vn -0.7071067811865476 0.7071067811865476 -1.5700924586837752e-16
vn -1 1.8369701465288538e-16 -4.078893104450762e-32
vn -0.7071067811865476 -0.7071067811865476 1.5700924586837752e-16
vn -2.4492937051703357e-16 -1 2.220446049250313e-16
vn 0 -1 2.220446049250313e-16
vn 0.7071067811865476 -0.7071067811865476 1.5700924586837752e-16
vn 1 -6.123234262925839e-17 1.3596311327747833e-32
vn 0.7071067811865476 0.7071067811865476 -1.5700924586837752e-16
vn 1.2246468525851679e-16 1 -2.220446049250313e-16
vn -0.7071067811865476 0.7071067811865476 -1.5700924586837752e-16
vn -1 1.8369701465288538e-16 -4.078893104450762e-32
vn -0.7071067811865476 -0.7071067811865476 1.5700924586837752e-16
vn -2.4492937051703357e-16 -1 2.220446049250313e-16
vn 0 2.220446049250313e-16 1
vn 0 2.220446049250313e-16 1
vn 0 2.220446049250313e-16 1
vn 0 2.220446049250313e-16 1
vn 0 2.220446049250313e-16 1
vn 0 2.220446049250313e-16 1
vn 0 2.220446049250313e-16 1
vn 0 2.220446049250313e-16 1
vn 0 2.220446049250313e-16 1
vn 0 2.220446049250313e-16 1
vn 0 2.220446049250313e-16 1
vn 0 2.220446049250313e-16 1
vn 0 2.220446049250313e-16 1
vn 0 2.220446049250313e-16 1
vn 0 2.220446049250313e-16 1
vn 0 2.220446049250313e-16 1
vn 0 2.220446049250313e-16 1
vn 0 -2.220446049250313e-16 -1
vn 0 -2.220446049250313e-16 -1
vn 0 -2.220446049250313e-16 -1
vn 0 -2.220446049250313e-16 -1
vn 0 -2.220446049250313e-16 -1
vn 0 -2.220446049250313e-16 -1
vn 0 -2.220446049250313e-16 -1
vn 0 -2.220446049250313e-16 -1
vn 0 -2.220446049250313e-16 -1
vn 0 -2.220446049250313e-16 -1
vn 0 -2.220446049250313e-16 -1
vn 0 -2.220446049250313e-16 -1
vn 0 -2.220446049250313e-16 -1
vn 0 -2.220446049250313e-16 -1
vn 0 -2.220446049250313e-16 -1
vn 0 -2.220446049250313e-16 -1
vn 0 -2.220446049250313e-16 -1
f 2069/2069/2069 2078/2078/2078 2070/2070/2070
f 2078/2078/2078 2079/2079/2079 2070/2070/2070
f 2070/2070/2070 2079/2079/2079 2071/2071/2071
f 2079/2079/2079 2080/2080/2080 2071/2071/2071
f 2071/2071/2071 2080/2080/2080 2072/2072/2072
f 2080/2080/2080 2081/2081/2081 2072/2072/2072
f 2072/2072/2072 2081/2081/2081 2073/2073/2073
f 2081/2081/2081 2082/2082/2082 2073/2073/2073
f 2073/2073/2073 2082/2082/2082 2074/2074/2074
f 2082/2082/2082 2083/2083/2083 2074/2074/2074
f 2074/2074/2074 2083/2083/2083 2075/2075/2075
f 2083/2083/2083 2084/2084/2084 2075/2075/2075
f 2075/2075/2075 2084/2084/2084 2076/2076/2076
f 2084/2084/2084 2085/2085/2085 2076/2076/2076
f 2076/2076/2076 2085/2085/2085 2077/2077/2077
f 2085/2085/2085 2086/2086/2086 2077/2077/2077
f 2095/2095/2095 2096/2096/2096 2087/2087/2087
f 2096/2096/2096 2097/2097/2097 2088/2088/2088
f 2097/2097/2097 2098/2098/2098 2089/2089/2089
f 2098/2098/2098 2099/2099/2099 2090/2090/2090
f 2099/2099/2099 2100/2100/2100 2091/2091/2091
f 2100/2100/2100 2101/2101/2101 2092/2092/2092
f 2101/2101/2101 2102/2102/2102 2093/2093/2093
f 2102/2102/2102 2103/2103/2103 2094/2094/2094
f 2113/2113/2113 2112/2112/2112 2104/2104/2104
f 2114/2114/2114 2113/2113/2113 2105/2105/2105
f 2115/2115/2115 2114/2114/2114 2106/2106/2106
f 2116/2116/2116 2115/2115/2115 2107/2107/2107
f 2117/2117/2117 2116/2116/2116 2108/2108/2108
f 2118/2118/2118 2117/2117/2117 2109/2109/2109
f 2119/2119/2119 2118/2118/2118 2110/2110/2110
f 2120/2120/2120 2119/2119/2119 2111/2111/2111
o parapet_front
usemtl stucco
v 2.1500000953674316 3.1099999994039536 1.3299999991059304
v 2.1500000953674316 3.1099999994039536 1.2500000008940697
v 2.1500000953674316 2.8900000005960464 1.3299999991059304
v 2.1500000953674316 2.8900000005960464 1.2500000008940697
v -2.1500000953674316 3.1099999994039536 1.2500000008940697
v -2.1500000953674316 3.1099999994039536 1.3299999991059304
v -2.1500000953674316 2.8900000005960464 1.2500000008940697
v -2.1500000953674316 2.8900000005960464 1.3299999991059304
v -2.1500000953674316 3.1099999994039536 1.2500000008940697
v 2.1500000953674316 3.1099999994039536 1.2500000008940697
v -2.1500000953674316 3.1099999994039536 1.3299999991059304
v 2.1500000953674316 3.1099999994039536 1.3299999991059304
v -2.1500000953674316 2.8900000005960464 1.3299999991059304
v 2.1500000953674316 2.8900000005960464 1.3299999991059304
v -2.1500000953674316 2.8900000005960464 1.2500000008940697
v 2.1500000953674316 2.8900000005960464 1.2500000008940697
v -2.1500000953674316 3.1099999994039536 1.3299999991059304
v 2.1500000953674316 3.1099999994039536 1.3299999991059304
v -2.1500000953674316 2.8900000005960464 1.3299999991059304
v 2.1500000953674316 2.8900000005960464 1.3299999991059304
v 2.1500000953674316 3.1099999994039536 1.2500000008940697
v -2.1500000953674316 3.1099999994039536 1.2500000008940697
v 2.1500000953674316 2.8900000005960464 1.2500000008940697
v -2.1500000953674316 2.8900000005960464 1.2500000008940697
vt 0 1
vt 1 1
vt 0 0
vt 1 0
vt 0 1
vt 1 1
vt 0 0
vt 1 0
vt 0 1
vt 1 1
vt 0 0
vt 1 0
vt 0 1
vt 1 1
vt 0 0
vt 1 0
vt 0 1
vt 1 1
vt 0 0
vt 1 0
vt 0 1
vt 1 1
vt 0 0
vt 1 0
vn 1 0 0
vn 1 0 0
vn 1 0 0
vn 1 0 0
vn -1 0 0
vn -1 0 0
vn -1 0 0
vn -1 0 0
vn 0 1 0
vn 0 1 0
vn 0 1 0
vn 0 1 0
vn 0 -1 0
vn 0 -1 0
vn 0 -1 0
vn 0 -1 0
vn 0 0 1
vn 0 0 1
vn 0 0 1
vn 0 0 1
vn 0 0 -1
vn 0 0 -1
vn 0 0 -1
vn 0 0 -1
f 2121/2121/2121 2123/2123/2123 2122/2122/2122
f 2123/2123/2123 2124/2124/2124 2122/2122/2122
f 2125/2125/2125 2127/2127/2127 2126/2126/2126
f 2127/2127/2127 2128/2128/2128 2126/2126/2126
f 2129/2129/2129 2131/2131/2131 2130/2130/2130
f 2131/2131/2131 2132/2132/2132 2130/2130/2130
f 2133/2133/2133 2135/2135/2135 2134/2134/2134
f 2135/2135/2135 2136/2136/2136 2134/2134/2134
f 2137/2137/2137 2139/2139/2139 2138/2138/2138
f 2139/2139/2139 2140/2140/2140 2138/2138/2138
f 2141/2141/2141 2143/2143/2143 2142/2142/2142
f 2143/2143/2143 2144/2144/2144 2142/2142/2142
o sign_band
usemtl paint_red
v 2.069999933242798 2.7100000023841857 1.2950000001490116
v 2.069999933242798 2.7100000023841857 1.2249999998509884
v 2.069999933242798 2.089999997615814 1.2950000001490116
v 2.069999933242798 2.089999997615814 1.2249999998509884
v -2.069999933242798 2.7100000023841857 1.2249999998509884
v -2.069999933242798 2.7100000023841857 1.2950000001490116
v -2.069999933242798 2.089999997615814 1.2249999998509884
v -2.069999933242798 2.089999997615814 1.2950000001490116
v -2.069999933242798 2.7100000023841857 1.2249999998509884
v 2.069999933242798 2.7100000023841857 1.2249999998509884
v -2.069999933242798 2.7100000023841857 1.2950000001490116
v 2.069999933242798 2.7100000023841857 1.2950000001490116
v -2.069999933242798 2.089999997615814 1.2950000001490116
v 2.069999933242798 2.089999997615814 1.2950000001490116
v -2.069999933242798 2.089999997615814 1.2249999998509884
v 2.069999933242798 2.089999997615814 1.2249999998509884
v -2.069999933242798 2.7100000023841857 1.2950000001490116
v 2.069999933242798 2.7100000023841857 1.2950000001490116
v -2.069999933242798 2.089999997615814 1.2950000001490116
v 2.069999933242798 2.089999997615814 1.2950000001490116
v 2.069999933242798 2.7100000023841857 1.2249999998509884
v -2.069999933242798 2.7100000023841857 1.2249999998509884
v 2.069999933242798 2.089999997615814 1.2249999998509884
v -2.069999933242798 2.089999997615814 1.2249999998509884
vt 0 1
vt 1 1
vt 0 0
vt 1 0
vt 0 1
vt 1 1
vt 0 0
vt 1 0
vt 0 1
vt 1 1
vt 0 0
vt 1 0
vt 0 1
vt 1 1
vt 0 0
vt 1 0
vt 0 1
vt 1 1
vt 0 0
vt 1 0
vt 0 1
vt 1 1
vt 0 0
vt 1 0
vn 1 0 0
vn 1 0 0
vn 1 0 0
vn 1 0 0
vn -1 0 0
vn -1 0 0
vn -1 0 0
vn -1 0 0
vn 0 1 0
vn 0 1 0
vn 0 1 0
vn 0 1 0
vn 0 -1 0
vn 0 -1 0
vn 0 -1 0
vn 0 -1 0
vn 0 0 1
vn 0 0 1
vn 0 0 1
vn 0 0 1
vn 0 0 -1
vn 0 0 -1
vn 0 0 -1
vn 0 0 -1
f 2145/2145/2145 2147/2147/2147 2146/2146/2146
f 2147/2147/2147 2148/2148/2148 2146/2146/2146
f 2149/2149/2149 2151/2151/2151 2150/2150/2150
f 2151/2151/2151 2152/2152/2152 2150/2150/2150
f 2153/2153/2153 2155/2155/2155 2154/2154/2154
f 2155/2155/2155 2156/2156/2156 2154/2154/2154
f 2157/2157/2157 2159/2159/2159 2158/2158/2158
f 2159/2159/2159 2160/2160/2160 2158/2158/2158
f 2161/2161/2161 2163/2163/2163 2162/2162/2162
f 2163/2163/2163 2164/2164/2164 2162/2162/2162
f 2165/2165/2165 2167/2167/2167 2166/2166/2166
f 2167/2167/2167 2168/2168/2168 2166/2166/2166
o sign_rule_top
usemtl enamel
v 2.0799999237060547 2.6275000000745057 1.3199999997764826
v 2.0799999237060547 2.6275000000745057 1.3000000002235175
v 2.0799999237060547 2.592499999925494 1.3199999997764826
v 2.0799999237060547 2.592499999925494 1.3000000002235175
v -2.0799999237060547 2.6275000000745057 1.3000000002235175
v -2.0799999237060547 2.6275000000745057 1.3199999997764826
v -2.0799999237060547 2.592499999925494 1.3000000002235175
v -2.0799999237060547 2.592499999925494 1.3199999997764826
v -2.0799999237060547 2.6275000000745057 1.3000000002235175
v 2.0799999237060547 2.6275000000745057 1.3000000002235175
v -2.0799999237060547 2.6275000000745057 1.3199999997764826
v 2.0799999237060547 2.6275000000745057 1.3199999997764826
v -2.0799999237060547 2.592499999925494 1.3199999997764826
v 2.0799999237060547 2.592499999925494 1.3199999997764826
v -2.0799999237060547 2.592499999925494 1.3000000002235175
v 2.0799999237060547 2.592499999925494 1.3000000002235175
v -2.0799999237060547 2.6275000000745057 1.3199999997764826
v 2.0799999237060547 2.6275000000745057 1.3199999997764826
v -2.0799999237060547 2.592499999925494 1.3199999997764826
v 2.0799999237060547 2.592499999925494 1.3199999997764826
v 2.0799999237060547 2.6275000000745057 1.3000000002235175
v -2.0799999237060547 2.6275000000745057 1.3000000002235175
v 2.0799999237060547 2.592499999925494 1.3000000002235175
v -2.0799999237060547 2.592499999925494 1.3000000002235175
vt 0 1
vt 1 1
vt 0 0
vt 1 0
vt 0 1
vt 1 1
vt 0 0
vt 1 0
vt 0 1
vt 1 1
vt 0 0
vt 1 0
vt 0 1
vt 1 1
vt 0 0
vt 1 0
vt 0 1
vt 1 1
vt 0 0
vt 1 0
vt 0 1
vt 1 1
vt 0 0
vt 1 0
vn 1 0 0
vn 1 0 0
vn 1 0 0
vn 1 0 0
vn -1 0 0
vn -1 0 0
vn -1 0 0
vn -1 0 0
vn 0 1 0
vn 0 1 0
vn 0 1 0
vn 0 1 0
vn 0 -1 0
vn 0 -1 0
vn 0 -1 0
vn 0 -1 0
vn 0 0 1
vn 0 0 1
vn 0 0 1
vn 0 0 1
vn 0 0 -1
vn 0 0 -1
vn 0 0 -1
vn 0 0 -1
f 2169/2169/2169 2171/2171/2171 2170/2170/2170
f 2171/2171/2171 2172/2172/2172 2170/2170/2170
f 2173/2173/2173 2175/2175/2175 2174/2174/2174
f 2175/2175/2175 2176/2176/2176 2174/2174/2174
f 2177/2177/2177 2179/2179/2179 2178/2178/2178
f 2179/2179/2179 2180/2180/2180 2178/2178/2178
f 2181/2181/2181 2183/2183/2183 2182/2182/2182
f 2183/2183/2183 2184/2184/2184 2182/2182/2182
f 2185/2185/2185 2187/2187/2187 2186/2186/2186
f 2187/2187/2187 2188/2188/2188 2186/2186/2186
f 2189/2189/2189 2191/2191/2191 2190/2190/2190
f 2191/2191/2191 2192/2192/2192 2190/2190/2190
o sign_rule_bottom
usemtl enamel
v 2.0799999237060547 2.2075000000745058 1.3199999997764826
v 2.0799999237060547 2.2075000000745058 1.3000000002235175
v 2.0799999237060547 2.172499999925494 1.3199999997764826
v 2.0799999237060547 2.172499999925494 1.3000000002235175
v -2.0799999237060547 2.2075000000745058 1.3000000002235175
v -2.0799999237060547 2.2075000000745058 1.3199999997764826
v -2.0799999237060547 2.172499999925494 1.3000000002235175
v -2.0799999237060547 2.172499999925494 1.3199999997764826
v -2.0799999237060547 2.2075000000745058 1.3000000002235175
v 2.0799999237060547 2.2075000000745058 1.3000000002235175
v -2.0799999237060547 2.2075000000745058 1.3199999997764826
v 2.0799999237060547 2.2075000000745058 1.3199999997764826
v -2.0799999237060547 2.172499999925494 1.3199999997764826
v 2.0799999237060547 2.172499999925494 1.3199999997764826
v -2.0799999237060547 2.172499999925494 1.3000000002235175
v 2.0799999237060547 2.172499999925494 1.3000000002235175
v -2.0799999237060547 2.2075000000745058 1.3199999997764826
v 2.0799999237060547 2.2075000000745058 1.3199999997764826
v -2.0799999237060547 2.172499999925494 1.3199999997764826
v 2.0799999237060547 2.172499999925494 1.3199999997764826
v 2.0799999237060547 2.2075000000745058 1.3000000002235175
v -2.0799999237060547 2.2075000000745058 1.3000000002235175
v 2.0799999237060547 2.172499999925494 1.3000000002235175
v -2.0799999237060547 2.172499999925494 1.3000000002235175
vt 0 1
vt 1 1
vt 0 0
vt 1 0
vt 0 1
vt 1 1
vt 0 0
vt 1 0
vt 0 1
vt 1 1
vt 0 0
vt 1 0
vt 0 1
vt 1 1
vt 0 0
vt 1 0
vt 0 1
vt 1 1
vt 0 0
vt 1 0
vt 0 1
vt 1 1
vt 0 0
vt 1 0
vn 1 0 0
vn 1 0 0
vn 1 0 0
vn 1 0 0
vn -1 0 0
vn -1 0 0
vn -1 0 0
vn -1 0 0
vn 0 1 0
vn 0 1 0
vn 0 1 0
vn 0 1 0
vn 0 -1 0
vn 0 -1 0
vn 0 -1 0
vn 0 -1 0
vn 0 0 1
vn 0 0 1
vn 0 0 1
vn 0 0 1
vn 0 0 -1
vn 0 0 -1
vn 0 0 -1
vn 0 0 -1
f 2193/2193/2193 2195/2195/2195 2194/2194/2194
f 2195/2195/2195 2196/2196/2196 2194/2194/2194
f 2197/2197/2197 2199/2199/2199 2198/2198/2198
f 2199/2199/2199 2200/2200/2200 2198/2198/2198
f 2201/2201/2201 2203/2203/2203 2202/2202/2202
f 2203/2203/2203 2204/2204/2204 2202/2202/2202
f 2205/2205/2205 2207/2207/2207 2206/2206/2206
f 2207/2207/2207 2208/2208/2208 2206/2206/2206
f 2209/2209/2209 2211/2211/2211 2210/2210/2210
f 2211/2211/2211 2212/2212/2212 2210/2210/2210
f 2213/2213/2213 2215/2215/2215 2214/2214/2214
f 2215/2215/2215 2216/2216/2216 2214/2214/2214
o sign_letter_1
usemtl enamel
v -1.3400000047683718 2.500000001490116 1.3199999997764826
v -1.3400000047683718 2.500000001490116 1.3000000002235175
v -1.3400000047683718 2.299999998509884 1.3199999997764826
v -1.3400000047683718 2.299999998509884 1.3000000002235175
v -1.5999999952316286 2.500000001490116 1.3000000002235175
v -1.5999999952316286 2.500000001490116 1.3199999997764826
v -1.5999999952316286 2.299999998509884 1.3000000002235175
v -1.5999999952316286 2.299999998509884 1.3199999997764826
v -1.5999999952316286 2.500000001490116 1.3000000002235175
v -1.3400000047683718 2.500000001490116 1.3000000002235175
v -1.5999999952316286 2.500000001490116 1.3199999997764826
v -1.3400000047683718 2.500000001490116 1.3199999997764826
v -1.5999999952316286 2.299999998509884 1.3199999997764826
v -1.3400000047683718 2.299999998509884 1.3199999997764826
v -1.5999999952316286 2.299999998509884 1.3000000002235175
v -1.3400000047683718 2.299999998509884 1.3000000002235175
v -1.5999999952316286 2.500000001490116 1.3199999997764826
v -1.3400000047683718 2.500000001490116 1.3199999997764826
v -1.5999999952316286 2.299999998509884 1.3199999997764826
v -1.3400000047683718 2.299999998509884 1.3199999997764826
v -1.3400000047683718 2.500000001490116 1.3000000002235175
v -1.5999999952316286 2.500000001490116 1.3000000002235175
v -1.3400000047683718 2.299999998509884 1.3000000002235175
v -1.5999999952316286 2.299999998509884 1.3000000002235175
vt 0 1
vt 1 1
vt 0 0
vt 1 0
vt 0 1
vt 1 1
vt 0 0
vt 1 0
vt 0 1
vt 1 1
vt 0 0
vt 1 0
vt 0 1
vt 1 1
vt 0 0
vt 1 0
vt 0 1
vt 1 1
vt 0 0
vt 1 0
vt 0 1
vt 1 1
vt 0 0
vt 1 0
vn 1 0 0
vn 1 0 0
vn 1 0 0
vn 1 0 0
vn -1 0 0
vn -1 0 0
vn -1 0 0
vn -1 0 0
vn 0 1 0
vn 0 1 0
vn 0 1 0
vn 0 1 0
vn 0 -1 0
vn 0 -1 0
vn 0 -1 0
vn 0 -1 0
vn 0 0 1
vn 0 0 1
vn 0 0 1
vn 0 0 1
vn 0 0 -1
vn 0 0 -1
vn 0 0 -1
vn 0 0 -1
f 2217/2217/2217 2219/2219/2219 2218/2218/2218
f 2219/2219/2219 2220/2220/2220 2218/2218/2218
f 2221/2221/2221 2223/2223/2223 2222/2222/2222
f 2223/2223/2223 2224/2224/2224 2222/2222/2222
f 2225/2225/2225 2227/2227/2227 2226/2226/2226
f 2227/2227/2227 2228/2228/2228 2226/2226/2226
f 2229/2229/2229 2231/2231/2231 2230/2230/2230
f 2231/2231/2231 2232/2232/2232 2230/2230/2230
f 2233/2233/2233 2235/2235/2235 2234/2234/2234
f 2235/2235/2235 2236/2236/2236 2234/2234/2234
f 2237/2237/2237 2239/2239/2239 2238/2238/2238
f 2239/2239/2239 2240/2240/2240 2238/2238/2238
o sign_letter_2
usemtl enamel
v -1.169999999254942 2.500000001490116 1.3199999997764826
v -1.169999999254942 2.500000001490116 1.3000000002235175
v -1.169999999254942 2.299999998509884 1.3199999997764826
v -1.169999999254942 2.299999998509884 1.3000000002235175
v -1.270000000745058 2.500000001490116 1.3000000002235175
v -1.270000000745058 2.500000001490116 1.3199999997764826
v -1.270000000745058 2.299999998509884 1.3000000002235175
v -1.270000000745058 2.299999998509884 1.3199999997764826
v -1.270000000745058 2.500000001490116 1.3000000002235175
v -1.169999999254942 2.500000001490116 1.3000000002235175
v -1.270000000745058 2.500000001490116 1.3199999997764826
v -1.169999999254942 2.500000001490116 1.3199999997764826
v -1.270000000745058 2.299999998509884 1.3199999997764826
v -1.169999999254942 2.299999998509884 1.3199999997764826
v -1.270000000745058 2.299999998509884 1.3000000002235175
v -1.169999999254942 2.299999998509884 1.3000000002235175
v -1.270000000745058 2.500000001490116 1.3199999997764826
v -1.169999999254942 2.500000001490116 1.3199999997764826
v -1.270000000745058 2.299999998509884 1.3199999997764826
v -1.169999999254942 2.299999998509884 1.3199999997764826
v -1.169999999254942 2.500000001490116 1.3000000002235175
v -1.270000000745058 2.500000001490116 1.3000000002235175
v -1.169999999254942 2.299999998509884 1.3000000002235175
v -1.270000000745058 2.299999998509884 1.3000000002235175
vt 0 1
vt 1 1
vt 0 0
vt 1 0
vt 0 1
vt 1 1
vt 0 0
vt 1 0
vt 0 1
vt 1 1
vt 0 0
vt 1 0
vt 0 1
vt 1 1
vt 0 0
vt 1 0
vt 0 1
vt 1 1
vt 0 0
vt 1 0
vt 0 1
vt 1 1
vt 0 0
vt 1 0
vn 1 0 0
vn 1 0 0
vn 1 0 0
vn 1 0 0
vn -1 0 0
vn -1 0 0
vn -1 0 0
vn -1 0 0
vn 0 1 0
vn 0 1 0
vn 0 1 0
vn 0 1 0
vn 0 -1 0
vn 0 -1 0
vn 0 -1 0
vn 0 -1 0
vn 0 0 1
vn 0 0 1
vn 0 0 1
vn 0 0 1
vn 0 0 -1
vn 0 0 -1
vn 0 0 -1
vn 0 0 -1
f 2241/2241/2241 2243/2243/2243 2242/2242/2242
f 2243/2243/2243 2244/2244/2244 2242/2242/2242
f 2245/2245/2245 2247/2247/2247 2246/2246/2246
f 2247/2247/2247 2248/2248/2248 2246/2246/2246
f 2249/2249/2249 2251/2251/2251 2250/2250/2250
f 2251/2251/2251 2252/2252/2252 2250/2250/2250
f 2253/2253/2253 2255/2255/2255 2254/2254/2254
f 2255/2255/2255 2256/2256/2256 2254/2254/2254
f 2257/2257/2257 2259/2259/2259 2258/2258/2258
f 2259/2259/2259 2260/2260/2260 2258/2258/2258
f 2261/2261/2261 2263/2263/2263 2262/2262/2262
f 2263/2263/2263 2264/2264/2264 2262/2262/2262
o sign_letter_3
usemtl enamel
v -0.8999999985098839 2.500000001490116 1.3199999997764826
v -0.8999999985098839 2.500000001490116 1.3000000002235175
v -0.8999999985098839 2.299999998509884 1.3199999997764826
v -0.8999999985098839 2.299999998509884 1.3000000002235175
v -1.1000000014901161 2.500000001490116 1.3000000002235175
v -1.1000000014901161 2.500000001490116 1.3199999997764826
v -1.1000000014901161 2.299999998509884 1.3000000002235175
v -1.1000000014901161 2.299999998509884 1.3199999997764826
v -1.1000000014901161 2.500000001490116 1.3000000002235175
v -0.8999999985098839 2.500000001490116 1.3000000002235175
v -1.1000000014901161 2.500000001490116 1.3199999997764826
v -0.8999999985098839 2.500000001490116 1.3199999997764826
v -1.1000000014901161 2.299999998509884 1.3199999997764826
v -0.8999999985098839 2.299999998509884 1.3199999997764826
v -1.1000000014901161 2.299999998509884 1.3000000002235175
v -0.8999999985098839 2.299999998509884 1.3000000002235175
v -1.1000000014901161 2.500000001490116 1.3199999997764826
v -0.8999999985098839 2.500000001490116 1.3199999997764826
v -1.1000000014901161 2.299999998509884 1.3199999997764826
v -0.8999999985098839 2.299999998509884 1.3199999997764826
v -0.8999999985098839 2.500000001490116 1.3000000002235175
v -1.1000000014901161 2.500000001490116 1.3000000002235175
v -0.8999999985098839 2.299999998509884 1.3000000002235175
v -1.1000000014901161 2.299999998509884 1.3000000002235175
vt 0 1
vt 1 1
vt 0 0
vt 1 0
vt 0 1
vt 1 1
vt 0 0
vt 1 0
vt 0 1
vt 1 1
vt 0 0
vt 1 0
vt 0 1
vt 1 1
vt 0 0
vt 1 0
vt 0 1
vt 1 1
vt 0 0
vt 1 0
vt 0 1
vt 1 1
vt 0 0
vt 1 0
vn 1 0 0
vn 1 0 0
vn 1 0 0
vn 1 0 0
vn -1 0 0
vn -1 0 0
vn -1 0 0
vn -1 0 0
vn 0 1 0
vn 0 1 0
vn 0 1 0
vn 0 1 0
vn 0 -1 0
vn 0 -1 0
vn 0 -1 0
vn 0 -1 0
vn 0 0 1
vn 0 0 1
vn 0 0 1
vn 0 0 1
vn 0 0 -1
vn 0 0 -1
vn 0 0 -1
vn 0 0 -1
f 2265/2265/2265 2267/2267/2267 2266/2266/2266
f 2267/2267/2267 2268/2268/2268 2266/2266/2266
f 2269/2269/2269 2271/2271/2271 2270/2270/2270
f 2271/2271/2271 2272/2272/2272 2270/2270/2270
f 2273/2273/2273 2275/2275/2275 2274/2274/2274
f 2275/2275/2275 2276/2276/2276 2274/2274/2274
f 2277/2277/2277 2279/2279/2279 2278/2278/2278
f 2279/2279/2279 2280/2280/2280 2278/2278/2278
f 2281/2281/2281 2283/2283/2283 2282/2282/2282
f 2283/2283/2283 2284/2284/2284 2282/2282/2282
f 2285/2285/2285 2287/2287/2287 2286/2286/2286
f 2287/2287/2287 2288/2288/2288 2286/2286/2286
o sign_letter_4
usemtl enamel
v -0.729999999254942 2.500000001490116 1.3199999997764826
v -0.729999999254942 2.500000001490116 1.3000000002235175
v -0.729999999254942 2.299999998509884 1.3199999997764826
v -0.729999999254942 2.299999998509884 1.3000000002235175
v -0.8300000007450581 2.500000001490116 1.3000000002235175
v -0.8300000007450581 2.500000001490116 1.3199999997764826
v -0.8300000007450581 2.299999998509884 1.3000000002235175
v -0.8300000007450581 2.299999998509884 1.3199999997764826
v -0.8300000007450581 2.500000001490116 1.3000000002235175
v -0.729999999254942 2.500000001490116 1.3000000002235175
v -0.8300000007450581 2.500000001490116 1.3199999997764826
v -0.729999999254942 2.500000001490116 1.3199999997764826
v -0.8300000007450581 2.299999998509884 1.3199999997764826
v -0.729999999254942 2.299999998509884 1.3199999997764826
v -0.8300000007450581 2.299999998509884 1.3000000002235175
v -0.729999999254942 2.299999998509884 1.3000000002235175
v -0.8300000007450581 2.500000001490116 1.3199999997764826
v -0.729999999254942 2.500000001490116 1.3199999997764826
v -0.8300000007450581 2.299999998509884 1.3199999997764826
v -0.729999999254942 2.299999998509884 1.3199999997764826
v -0.729999999254942 2.500000001490116 1.3000000002235175
v -0.8300000007450581 2.500000001490116 1.3000000002235175
v -0.729999999254942 2.299999998509884 1.3000000002235175
v -0.8300000007450581 2.299999998509884 1.3000000002235175
vt 0 1
vt 1 1
vt 0 0
vt 1 0
vt 0 1
vt 1 1
vt 0 0
vt 1 0
vt 0 1
vt 1 1
vt 0 0
vt 1 0
vt 0 1
vt 1 1
vt 0 0
vt 1 0
vt 0 1
vt 1 1
vt 0 0
vt 1 0
vt 0 1
vt 1 1
vt 0 0
vt 1 0
vn 1 0 0
vn 1 0 0
vn 1 0 0
vn 1 0 0
vn -1 0 0
vn -1 0 0
vn -1 0 0
vn -1 0 0
vn 0 1 0
vn 0 1 0
vn 0 1 0
vn 0 1 0
vn 0 -1 0
vn 0 -1 0
vn 0 -1 0
vn 0 -1 0
vn 0 0 1
vn 0 0 1
vn 0 0 1
vn 0 0 1
vn 0 0 -1
vn 0 0 -1
vn 0 0 -1
vn 0 0 -1
f 2289/2289/2289 2291/2291/2291 2290/2290/2290
f 2291/2291/2291 2292/2292/2292 2290/2290/2290
f 2293/2293/2293 2295/2295/2295 2294/2294/2294
f 2295/2295/2295 2296/2296/2296 2294/2294/2294
f 2297/2297/2297 2299/2299/2299 2298/2298/2298
f 2299/2299/2299 2300/2300/2300 2298/2298/2298
f 2301/2301/2301 2303/2303/2303 2302/2302/2302
f 2303/2303/2303 2304/2304/2304 2302/2302/2302
f 2305/2305/2305 2307/2307/2307 2306/2306/2306
f 2307/2307/2307 2308/2308/2308 2306/2306/2306
f 2309/2309/2309 2311/2311/2311 2310/2310/2310
f 2311/2311/2311 2312/2312/2312 2310/2310/2310
o sign_letter_5
usemtl enamel
v -0.35999999403953553 2.500000001490116 1.3199999997764826
v -0.35999999403953553 2.500000001490116 1.3000000002235175
v -0.35999999403953553 2.299999998509884 1.3199999997764826
v -0.35999999403953553 2.299999998509884 1.3000000002235175
v -0.6600000059604645 2.500000001490116 1.3000000002235175
v -0.6600000059604645 2.500000001490116 1.3199999997764826
v -0.6600000059604645 2.299999998509884 1.3000000002235175
v -0.6600000059604645 2.299999998509884 1.3199999997764826
v -0.6600000059604645 2.500000001490116 1.3000000002235175
v -0.35999999403953553 2.500000001490116 1.3000000002235175
v -0.6600000059604645 2.500000001490116 1.3199999997764826
v -0.35999999403953553 2.500000001490116 1.3199999997764826
v -0.6600000059604645 2.299999998509884 1.3199999997764826
v -0.35999999403953553 2.299999998509884 1.3199999997764826
v -0.6600000059604645 2.299999998509884 1.3000000002235175
v -0.35999999403953553 2.299999998509884 1.3000000002235175
v -0.6600000059604645 2.500000001490116 1.3199999997764826
v -0.35999999403953553 2.500000001490116 1.3199999997764826
v -0.6600000059604645 2.299999998509884 1.3199999997764826
v -0.35999999403953553 2.299999998509884 1.3199999997764826
v -0.35999999403953553 2.500000001490116 1.3000000002235175
v -0.6600000059604645 2.500000001490116 1.3000000002235175
v -0.35999999403953553 2.299999998509884 1.3000000002235175
v -0.6600000059604645 2.299999998509884 1.3000000002235175
vt 0 1
vt 1 1
vt 0 0
vt 1 0
vt 0 1
vt 1 1
vt 0 0
vt 1 0
vt 0 1
vt 1 1
vt 0 0
vt 1 0
vt 0 1
vt 1 1
vt 0 0
vt 1 0
vt 0 1
vt 1 1
vt 0 0
vt 1 0
vt 0 1
vt 1 1
vt 0 0
vt 1 0
vn 1 0 0
vn 1 0 0
vn 1 0 0
vn 1 0 0
vn -1 0 0
vn -1 0 0
vn -1 0 0
vn -1 0 0
vn 0 1 0
vn 0 1 0
vn 0 1 0
vn 0 1 0
vn 0 -1 0
vn 0 -1 0
vn 0 -1 0
vn 0 -1 0
vn 0 0 1
vn 0 0 1
vn 0 0 1
vn 0 0 1
vn 0 0 -1
vn 0 0 -1
vn 0 0 -1
vn 0 0 -1
f 2313/2313/2313 2315/2315/2315 2314/2314/2314
f 2315/2315/2315 2316/2316/2316 2314/2314/2314
f 2317/2317/2317 2319/2319/2319 2318/2318/2318
f 2319/2319/2319 2320/2320/2320 2318/2318/2318
f 2321/2321/2321 2323/2323/2323 2322/2322/2322
f 2323/2323/2323 2324/2324/2324 2322/2322/2322
f 2325/2325/2325 2327/2327/2327 2326/2326/2326
f 2327/2327/2327 2328/2328/2328 2326/2326/2326
f 2329/2329/2329 2331/2331/2331 2330/2330/2330
f 2331/2331/2331 2332/2332/2332 2330/2330/2330
f 2333/2333/2333 2335/2335/2335 2334/2334/2334
f 2335/2335/2335 2336/2336/2336 2334/2334/2334
o sign_letter_6
usemtl enamel
v -0.17000000134110455 2.500000001490116 1.3199999997764826
v -0.17000000134110455 2.500000001490116 1.3000000002235175
v -0.17000000134110455 2.299999998509884 1.3199999997764826
v -0.17000000134110455 2.299999998509884 1.3000000002235175
v -0.28999999865889553 2.500000001490116 1.3000000002235175
v -0.28999999865889553 2.500000001490116 1.3199999997764826
v -0.28999999865889553 2.299999998509884 1.3000000002235175
v -0.28999999865889553 2.299999998509884 1.3199999997764826
v -0.28999999865889553 2.500000001490116 1.3000000002235175
v -0.17000000134110455 2.500000001490116 1.3000000002235175
v -0.28999999865889553 2.500000001490116 1.3199999997764826
v -0.17000000134110455 2.500000001490116 1.3199999997764826
v -0.28999999865889553 2.299999998509884 1.3199999997764826
v -0.17000000134110455 2.299999998509884 1.3199999997764826
v -0.28999999865889553 2.299999998509884 1.3000000002235175
v -0.17000000134110455 2.299999998509884 1.3000000002235175
v -0.28999999865889553 2.500000001490116 1.3199999997764826
v -0.17000000134110455 2.500000001490116 1.3199999997764826
v -0.28999999865889553 2.299999998509884 1.3199999997764826
v -0.17000000134110455 2.299999998509884 1.3199999997764826
v -0.17000000134110455 2.500000001490116 1.3000000002235175
v -0.28999999865889553 2.500000001490116 1.3000000002235175
v -0.17000000134110455 2.299999998509884 1.3000000002235175
v -0.28999999865889553 2.299999998509884 1.3000000002235175
vt 0 1
vt 1 1
vt 0 0
vt 1 0
vt 0 1
vt 1 1
vt 0 0
vt 1 0
vt 0 1
vt 1 1
vt 0 0
vt 1 0
vt 0 1
vt 1 1
vt 0 0
vt 1 0
vt 0 1
vt 1 1
vt 0 0
vt 1 0
vt 0 1
vt 1 1
vt 0 0
vt 1 0
vn 1 0 0
vn 1 0 0
vn 1 0 0
vn 1 0 0
vn -1 0 0
vn -1 0 0
vn -1 0 0
vn -1 0 0
vn 0 1 0
vn 0 1 0
vn 0 1 0
vn 0 1 0
vn 0 -1 0
vn 0 -1 0
vn 0 -1 0
vn 0 -1 0
vn 0 0 1
vn 0 0 1
vn 0 0 1
vn 0 0 1
vn 0 0 -1
vn 0 0 -1
vn 0 0 -1
vn 0 0 -1
f 2337/2337/2337 2339/2339/2339 2338/2338/2338
f 2339/2339/2339 2340/2340/2340 2338/2338/2338
f 2341/2341/2341 2343/2343/2343 2342/2342/2342
f 2343/2343/2343 2344/2344/2344 2342/2342/2342
f 2345/2345/2345 2347/2347/2347 2346/2346/2346
f 2347/2347/2347 2348/2348/2348 2346/2346/2346
f 2349/2349/2349 2351/2351/2351 2350/2350/2350
f 2351/2351/2351 2352/2352/2352 2350/2350/2350
f 2353/2353/2353 2355/2355/2355 2354/2354/2354
f 2355/2355/2355 2356/2356/2356 2354/2354/2354
f 2357/2357/2357 2359/2359/2359 2358/2358/2358
f 2359/2359/2359 2360/2360/2360 2358/2358/2358
o sign_letter_7
usemtl enamel
v 0.08000000357627865 2.500000001490116 1.3199999997764826
v 0.08000000357627865 2.500000001490116 1.3000000002235175
v 0.08000000357627865 2.299999998509884 1.3199999997764826
v 0.08000000357627865 2.299999998509884 1.3000000002235175
v -0.10000000357627872 2.500000001490116 1.3000000002235175
v -0.10000000357627872 2.500000001490116 1.3199999997764826
v -0.10000000357627872 2.299999998509884 1.3000000002235175
v -0.10000000357627872 2.299999998509884 1.3199999997764826
v -0.10000000357627872 2.500000001490116 1.3000000002235175
v 0.08000000357627865 2.500000001490116 1.3000000002235175
v -0.10000000357627872 2.500000001490116 1.3199999997764826
v 0.08000000357627865 2.500000001490116 1.3199999997764826
v -0.10000000357627872 2.299999998509884 1.3199999997764826
v 0.08000000357627865 2.299999998509884 1.3199999997764826
v -0.10000000357627872 2.299999998509884 1.3000000002235175
v 0.08000000357627865 2.299999998509884 1.3000000002235175
v -0.10000000357627872 2.500000001490116 1.3199999997764826
v 0.08000000357627865 2.500000001490116 1.3199999997764826
v -0.10000000357627872 2.299999998509884 1.3199999997764826
v 0.08000000357627865 2.299999998509884 1.3199999997764826
v 0.08000000357627865 2.500000001490116 1.3000000002235175
v -0.10000000357627872 2.500000001490116 1.3000000002235175
v 0.08000000357627865 2.299999998509884 1.3000000002235175
v -0.10000000357627872 2.299999998509884 1.3000000002235175
vt 0 1
vt 1 1
vt 0 0
vt 1 0
vt 0 1
vt 1 1
vt 0 0
vt 1 0
vt 0 1
vt 1 1
vt 0 0
vt 1 0
vt 0 1
vt 1 1
vt 0 0
vt 1 0
vt 0 1
vt 1 1
vt 0 0
vt 1 0
vt 0 1
vt 1 1
vt 0 0
vt 1 0
vn 1 0 0
vn 1 0 0
vn 1 0 0
vn 1 0 0
vn -1 0 0
vn -1 0 0
vn -1 0 0
vn -1 0 0
vn 0 1 0
vn 0 1 0
vn 0 1 0
vn 0 1 0
vn 0 -1 0
vn 0 -1 0
vn 0 -1 0
vn 0 -1 0
vn 0 0 1
vn 0 0 1
vn 0 0 1
vn 0 0 1
vn 0 0 -1
vn 0 0 -1
vn 0 0 -1
vn 0 0 -1
f 2361/2361/2361 2363/2363/2363 2362/2362/2362
f 2363/2363/2363 2364/2364/2364 2362/2362/2362
f 2365/2365/2365 2367/2367/2367 2366/2366/2366
f 2367/2367/2367 2368/2368/2368 2366/2366/2366
f 2369/2369/2369 2371/2371/2371 2370/2370/2370
f 2371/2371/2371 2372/2372/2372 2370/2370/2370
f 2373/2373/2373 2375/2375/2375 2374/2374/2374
f 2375/2375/2375 2376/2376/2376 2374/2374/2374
f 2377/2377/2377 2379/2379/2379 2378/2378/2378
f 2379/2379/2379 2380/2380/2380 2378/2378/2378
f 2381/2381/2381 2383/2383/2383 2382/2382/2382
f 2383/2383/2383 2384/2384/2384 2382/2382/2382
o sign_letter_8
usemtl enamel
v 0.250000000745058 2.500000001490116 1.3199999997764826
v 0.250000000745058 2.500000001490116 1.3000000002235175
v 0.250000000745058 2.299999998509884 1.3199999997764826
v 0.250000000745058 2.299999998509884 1.3000000002235175
v 0.1499999992549419 2.500000001490116 1.3000000002235175
v 0.1499999992549419 2.500000001490116 1.3199999997764826
v 0.1499999992549419 2.299999998509884 1.3000000002235175
v 0.1499999992549419 2.299999998509884 1.3199999997764826
v 0.1499999992549419 2.500000001490116 1.3000000002235175
v 0.250000000745058 2.500000001490116 1.3000000002235175
v 0.1499999992549419 2.500000001490116 1.3199999997764826
v 0.250000000745058 2.500000001490116 1.3199999997764826
v 0.1499999992549419 2.299999998509884 1.3199999997764826
v 0.250000000745058 2.299999998509884 1.3199999997764826
v 0.1499999992549419 2.299999998509884 1.3000000002235175
v 0.250000000745058 2.299999998509884 1.3000000002235175
v 0.1499999992549419 2.500000001490116 1.3199999997764826
v 0.250000000745058 2.500000001490116 1.3199999997764826
v 0.1499999992549419 2.299999998509884 1.3199999997764826
v 0.250000000745058 2.299999998509884 1.3199999997764826
v 0.250000000745058 2.500000001490116 1.3000000002235175
v 0.1499999992549419 2.500000001490116 1.3000000002235175
v 0.250000000745058 2.299999998509884 1.3000000002235175
v 0.1499999992549419 2.299999998509884 1.3000000002235175
vt 0 1
vt 1 1
vt 0 0
vt 1 0
vt 0 1
vt 1 1
vt 0 0
vt 1 0
vt 0 1
vt 1 1
vt 0 0
vt 1 0
vt 0 1
vt 1 1
vt 0 0
vt 1 0
vt 0 1
vt 1 1
vt 0 0
vt 1 0
vt 0 1
vt 1 1
vt 0 0
vt 1 0
vn 1 0 0
vn 1 0 0
vn 1 0 0
vn 1 0 0
vn -1 0 0
vn -1 0 0
vn -1 0 0
vn -1 0 0
vn 0 1 0
vn 0 1 0
vn 0 1 0
vn 0 1 0
vn 0 -1 0
vn 0 -1 0
vn 0 -1 0
vn 0 -1 0
vn 0 0 1
vn 0 0 1
vn 0 0 1
vn 0 0 1
vn 0 0 -1
vn 0 0 -1
vn 0 0 -1
vn 0 0 -1
f 2385/2385/2385 2387/2387/2387 2386/2386/2386
f 2387/2387/2387 2388/2388/2388 2386/2386/2386
f 2389/2389/2389 2391/2391/2391 2390/2390/2390
f 2391/2391/2391 2392/2392/2392 2390/2390/2390
f 2393/2393/2393 2395/2395/2395 2394/2394/2394
f 2395/2395/2395 2396/2396/2396 2394/2394/2394
f 2397/2397/2397 2399/2399/2399 2398/2398/2398
f 2399/2399/2399 2400/2400/2400 2398/2398/2398
f 2401/2401/2401 2403/2403/2403 2402/2402/2402
f 2403/2403/2403 2404/2404/2404 2402/2402/2402
f 2405/2405/2405 2407/2407/2407 2406/2406/2406
f 2407/2407/2407 2408/2408/2408 2406/2406/2406
o sign_letter_9
usemtl enamel
v 0.5399999994039535 2.500000001490116 1.3199999997764826
v 0.5399999994039535 2.500000001490116 1.3000000002235175
v 0.5399999994039535 2.299999998509884 1.3199999997764826
v 0.5399999994039535 2.299999998509884 1.3000000002235175
v 0.3200000005960464 2.500000001490116 1.3000000002235175
v 0.3200000005960464 2.500000001490116 1.3199999997764826
v 0.3200000005960464 2.299999998509884 1.3000000002235175
v 0.3200000005960464 2.299999998509884 1.3199999997764826
v 0.3200000005960464 2.500000001490116 1.3000000002235175
v 0.5399999994039535 2.500000001490116 1.3000000002235175
v 0.3200000005960464 2.500000001490116 1.3199999997764826
v 0.5399999994039535 2.500000001490116 1.3199999997764826
v 0.3200000005960464 2.299999998509884 1.3199999997764826
v 0.5399999994039535 2.299999998509884 1.3199999997764826
v 0.3200000005960464 2.299999998509884 1.3000000002235175
v 0.5399999994039535 2.299999998509884 1.3000000002235175
v 0.3200000005960464 2.500000001490116 1.3199999997764826
v 0.5399999994039535 2.500000001490116 1.3199999997764826
v 0.3200000005960464 2.299999998509884 1.3199999997764826
v 0.5399999994039535 2.299999998509884 1.3199999997764826
v 0.5399999994039535 2.500000001490116 1.3000000002235175
v 0.3200000005960464 2.500000001490116 1.3000000002235175
v 0.5399999994039535 2.299999998509884 1.3000000002235175
v 0.3200000005960464 2.299999998509884 1.3000000002235175
vt 0 1
vt 1 1
vt 0 0
vt 1 0
vt 0 1
vt 1 1
vt 0 0
vt 1 0
vt 0 1
vt 1 1
vt 0 0
vt 1 0
vt 0 1
vt 1 1
vt 0 0
vt 1 0
vt 0 1
vt 1 1
vt 0 0
vt 1 0
vt 0 1
vt 1 1
vt 0 0
vt 1 0
vn 1 0 0
vn 1 0 0
vn 1 0 0
vn 1 0 0
vn -1 0 0
vn -1 0 0
vn -1 0 0
vn -1 0 0
vn 0 1 0
vn 0 1 0
vn 0 1 0
vn 0 1 0
vn 0 -1 0
vn 0 -1 0
vn 0 -1 0
vn 0 -1 0
vn 0 0 1
vn 0 0 1
vn 0 0 1
vn 0 0 1
vn 0 0 -1
vn 0 0 -1
vn 0 0 -1
vn 0 0 -1
f 2409/2409/2409 2411/2411/2411 2410/2410/2410
f 2411/2411/2411 2412/2412/2412 2410/2410/2410
f 2413/2413/2413 2415/2415/2415 2414/2414/2414
f 2415/2415/2415 2416/2416/2416 2414/2414/2414
f 2417/2417/2417 2419/2419/2419 2418/2418/2418
f 2419/2419/2419 2420/2420/2420 2418/2418/2418
f 2421/2421/2421 2423/2423/2423 2422/2422/2422
f 2423/2423/2423 2424/2424/2424 2422/2422/2422
f 2425/2425/2425 2427/2427/2427 2426/2426/2426
f 2427/2427/2427 2428/2428/2428 2426/2426/2426
f 2429/2429/2429 2431/2431/2431 2430/2430/2430
f 2431/2431/2431 2432/2432/2432 2430/2430/2430
o sign_letter_10
usemtl enamel
v 0.7100000007450581 2.500000001490116 1.3199999997764826
v 0.7100000007450581 2.500000001490116 1.3000000002235175
v 0.7100000007450581 2.299999998509884 1.3199999997764826
v 0.7100000007450581 2.299999998509884 1.3000000002235175
v 0.609999999254942 2.500000001490116 1.3000000002235175
v 0.609999999254942 2.500000001490116 1.3199999997764826
v 0.609999999254942 2.299999998509884 1.3000000002235175
v 0.609999999254942 2.299999998509884 1.3199999997764826
v 0.609999999254942 2.500000001490116 1.3000000002235175
v 0.7100000007450581 2.500000001490116 1.3000000002235175
v 0.609999999254942 2.500000001490116 1.3199999997764826
v 0.7100000007450581 2.500000001490116 1.3199999997764826
v 0.609999999254942 2.299999998509884 1.3199999997764826
v 0.7100000007450581 2.299999998509884 1.3199999997764826
v 0.609999999254942 2.299999998509884 1.3000000002235175
v 0.7100000007450581 2.299999998509884 1.3000000002235175
v 0.609999999254942 2.500000001490116 1.3199999997764826
v 0.7100000007450581 2.500000001490116 1.3199999997764826
v 0.609999999254942 2.299999998509884 1.3199999997764826
v 0.7100000007450581 2.299999998509884 1.3199999997764826
v 0.7100000007450581 2.500000001490116 1.3000000002235175
v 0.609999999254942 2.500000001490116 1.3000000002235175
v 0.7100000007450581 2.299999998509884 1.3000000002235175
v 0.609999999254942 2.299999998509884 1.3000000002235175
vt 0 1
vt 1 1
vt 0 0
vt 1 0
vt 0 1
vt 1 1
vt 0 0
vt 1 0
vt 0 1
vt 1 1
vt 0 0
vt 1 0
vt 0 1
vt 1 1
vt 0 0
vt 1 0
vt 0 1
vt 1 1
vt 0 0
vt 1 0
vt 0 1
vt 1 1
vt 0 0
vt 1 0
vn 1 0 0
vn 1 0 0
vn 1 0 0
vn 1 0 0
vn -1 0 0
vn -1 0 0
vn -1 0 0
vn -1 0 0
vn 0 1 0
vn 0 1 0
vn 0 1 0
vn 0 1 0
vn 0 -1 0
vn 0 -1 0
vn 0 -1 0
vn 0 -1 0
vn 0 0 1
vn 0 0 1
vn 0 0 1
vn 0 0 1
vn 0 0 -1
vn 0 0 -1
vn 0 0 -1
vn 0 0 -1
f 2433/2433/2433 2435/2435/2435 2434/2434/2434
f 2435/2435/2435 2436/2436/2436 2434/2434/2434
f 2437/2437/2437 2439/2439/2439 2438/2438/2438
f 2439/2439/2439 2440/2440/2440 2438/2438/2438
f 2441/2441/2441 2443/2443/2443 2442/2442/2442
f 2443/2443/2443 2444/2444/2444 2442/2442/2442
f 2445/2445/2445 2447/2447/2447 2446/2446/2446
f 2447/2447/2447 2448/2448/2448 2446/2446/2446
f 2449/2449/2449 2451/2451/2451 2450/2450/2450
f 2451/2451/2451 2452/2452/2452 2450/2450/2450
f 2453/2453/2453 2455/2455/2455 2454/2454/2454
f 2455/2455/2455 2456/2456/2456 2454/2454/2454
o sign_letter_11
usemtl enamel
v 1.0399999952316286 2.500000001490116 1.3199999997764826
v 1.0399999952316286 2.500000001490116 1.3000000002235175
v 1.0399999952316286 2.299999998509884 1.3199999997764826
v 1.0399999952316286 2.299999998509884 1.3000000002235175
v 0.7800000047683716 2.500000001490116 1.3000000002235175
v 0.7800000047683716 2.500000001490116 1.3199999997764826
v 0.7800000047683716 2.299999998509884 1.3000000002235175
v 0.7800000047683716 2.299999998509884 1.3199999997764826
v 0.7800000047683716 2.500000001490116 1.3000000002235175
v 1.0399999952316286 2.500000001490116 1.3000000002235175
v 0.7800000047683716 2.500000001490116 1.3199999997764826
v 1.0399999952316286 2.500000001490116 1.3199999997764826
v 0.7800000047683716 2.299999998509884 1.3199999997764826
v 1.0399999952316286 2.299999998509884 1.3199999997764826
v 0.7800000047683716 2.299999998509884 1.3000000002235175
v 1.0399999952316286 2.299999998509884 1.3000000002235175
v 0.7800000047683716 2.500000001490116 1.3199999997764826
v 1.0399999952316286 2.500000001490116 1.3199999997764826
v 0.7800000047683716 2.299999998509884 1.3199999997764826
v 1.0399999952316286 2.299999998509884 1.3199999997764826
v 1.0399999952316286 2.500000001490116 1.3000000002235175
v 0.7800000047683716 2.500000001490116 1.3000000002235175
v 1.0399999952316286 2.299999998509884 1.3000000002235175
v 0.7800000047683716 2.299999998509884 1.3000000002235175
vt 0 1
vt 1 1
vt 0 0
vt 1 0
vt 0 1
vt 1 1
vt 0 0
vt 1 0
vt 0 1
vt 1 1
vt 0 0
vt 1 0
vt 0 1
vt 1 1
vt 0 0
vt 1 0
vt 0 1
vt 1 1
vt 0 0
vt 1 0
vt 0 1
vt 1 1
vt 0 0
vt 1 0
vn 1 0 0
vn 1 0 0
vn 1 0 0
vn 1 0 0
vn -1 0 0
vn -1 0 0
vn -1 0 0
vn -1 0 0
vn 0 1 0
vn 0 1 0
vn 0 1 0
vn 0 1 0
vn 0 -1 0
vn 0 -1 0
vn 0 -1 0
vn 0 -1 0
vn 0 0 1
vn 0 0 1
vn 0 0 1
vn 0 0 1
vn 0 0 -1
vn 0 0 -1
vn 0 0 -1
vn 0 0 -1
f 2457/2457/2457 2459/2459/2459 2458/2458/2458
f 2459/2459/2459 2460/2460/2460 2458/2458/2458
f 2461/2461/2461 2463/2463/2463 2462/2462/2462
f 2463/2463/2463 2464/2464/2464 2462/2462/2462
f 2465/2465/2465 2467/2467/2467 2466/2466/2466
f 2467/2467/2467 2468/2468/2468 2466/2466/2466
f 2469/2469/2469 2471/2471/2471 2470/2470/2470
f 2471/2471/2471 2472/2472/2472 2470/2470/2470
f 2473/2473/2473 2475/2475/2475 2474/2474/2474
f 2475/2475/2475 2476/2476/2476 2474/2474/2474
f 2477/2477/2477 2479/2479/2479 2478/2478/2478
f 2479/2479/2479 2480/2480/2480 2478/2478/2478
o side_ad_panel
usemtl paint_red
v -1.994999999627471 2.3 0.7000000238418579
v -1.994999999627471 2.3 -1.0000000238418578
v -1.994999999627471 0.8 0.7000000238418579
v -1.994999999627471 0.8 -1.0000000238418578
v -2.045000000372529 2.3 -1.0000000238418578
v -2.045000000372529 2.3 0.7000000238418579
v -2.045000000372529 0.8 -1.0000000238418578
v -2.045000000372529 0.8 0.7000000238418579
v -2.045000000372529 2.3 -1.0000000238418578
v -1.994999999627471 2.3 -1.0000000238418578
v -2.045000000372529 2.3 0.7000000238418579
v -1.994999999627471 2.3 0.7000000238418579
v -2.045000000372529 0.8 0.7000000238418579
v -1.994999999627471 0.8 0.7000000238418579
v -2.045000000372529 0.8 -1.0000000238418578
v -1.994999999627471 0.8 -1.0000000238418578
v -2.045000000372529 2.3 0.7000000238418579
v -1.994999999627471 2.3 0.7000000238418579
v -2.045000000372529 0.8 0.7000000238418579
v -1.994999999627471 0.8 0.7000000238418579
v -1.994999999627471 2.3 -1.0000000238418578
v -2.045000000372529 2.3 -1.0000000238418578
v -1.994999999627471 0.8 -1.0000000238418578
v -2.045000000372529 0.8 -1.0000000238418578
vt 0 1
vt 1 1
vt 0 0
vt 1 0
vt 0 1
vt 1 1
vt 0 0
vt 1 0
vt 0 1
vt 1 1
vt 0 0
vt 1 0
vt 0 1
vt 1 1
vt 0 0
vt 1 0
vt 0 1
vt 1 1
vt 0 0
vt 1 0
vt 0 1
vt 1 1
vt 0 0
vt 1 0
vn 1 0 0
vn 1 0 0
vn 1 0 0
vn 1 0 0
vn -1 0 0
vn -1 0 0
vn -1 0 0
vn -1 0 0
vn 0 1 0
vn 0 1 0
vn 0 1 0
vn 0 1 0
vn 0 -1 0
vn 0 -1 0
vn 0 -1 0
vn 0 -1 0
vn 0 0 1
vn 0 0 1
vn 0 0 1
vn 0 0 1
vn 0 0 -1
vn 0 0 -1
vn 0 0 -1
vn 0 0 -1
f 2481/2481/2481 2483/2483/2483 2482/2482/2482
f 2483/2483/2483 2484/2484/2484 2482/2482/2482
f 2485/2485/2485 2487/2487/2487 2486/2486/2486
f 2487/2487/2487 2488/2488/2488 2486/2486/2486
f 2489/2489/2489 2491/2491/2491 2490/2490/2490
f 2491/2491/2491 2492/2492/2492 2490/2490/2490
f 2493/2493/2493 2495/2495/2495 2494/2494/2494
f 2495/2495/2495 2496/2496/2496 2494/2494/2494
f 2497/2497/2497 2499/2499/2499 2498/2498/2498
f 2499/2499/2499 2500/2500/2500 2498/2498/2498
f 2501/2501/2501 2503/2503/2503 2502/2502/2502
f 2503/2503/2503 2504/2504/2504 2502/2502/2502
o side_ad_disc
usemtl enamel
v -2.0500000002235175 1.78 0.35911690268480145
v -2.0500000002235175 2.2891169026848015 -0.14999999999999994
v -2.0500000002235175 1.2708830973151986 -0.15000000000000005
v -2.0500000002235175 1.78 -0.6591169026848015
v -2.0699999997764826 2.2891169026848015 -0.14999999999999994
v -2.0699999997764826 1.78 0.35911690268480145
v -2.0699999997764826 1.78 -0.6591169026848015
v -2.0699999997764826 1.2708830973151986 -0.15000000000000005
v -2.0699999997764826 2.2891169026848015 -0.14999999999999994
v -2.0500000002235175 2.2891169026848015 -0.14999999999999994
v -2.0699999997764826 1.78 0.35911690268480145
v -2.0500000002235175 1.78 0.35911690268480145
v -2.0699999997764826 1.2708830973151986 -0.15000000000000005
v -2.0500000002235175 1.2708830973151986 -0.15000000000000005
v -2.0699999997764826 1.78 -0.6591169026848015
v -2.0500000002235175 1.78 -0.6591169026848015
v -2.0699999997764826 1.78 0.35911690268480145
v -2.0500000002235175 1.78 0.35911690268480145
v -2.0699999997764826 1.2708830973151986 -0.15000000000000005
v -2.0500000002235175 1.2708830973151986 -0.15000000000000005
v -2.0500000002235175 2.2891169026848015 -0.14999999999999994
v -2.0699999997764826 2.2891169026848015 -0.14999999999999994
v -2.0500000002235175 1.78 -0.6591169026848015
v -2.0699999997764826 1.78 -0.6591169026848015
vt 0 1
vt 1 1
vt 0 0
vt 1 0
vt 0 1
vt 1 1
vt 0 0
vt 1 0
vt 0 1
vt 1 1
vt 0 0
vt 1 0
vt 0 1
vt 1 1
vt 0 0
vt 1 0
vt 0 1
vt 1 1
vt 0 0
vt 1 0
vt 0 1
vt 1 1
vt 0 0
vt 1 0
vn 1 0 0
vn 1 0 0
vn 1 0 0
vn 1 0 0
vn -1 0 0
vn -1 0 0
vn -1 0 0
vn -1 0 0
vn 0 0.7071067811865475 0.7071067811865476
vn 0 0.7071067811865475 0.7071067811865476
vn 0 0.7071067811865475 0.7071067811865476
vn 0 0.7071067811865475 0.7071067811865476
vn 0 -0.7071067811865475 -0.7071067811865476
vn 0 -0.7071067811865475 -0.7071067811865476
vn 0 -0.7071067811865475 -0.7071067811865476
vn 0 -0.7071067811865475 -0.7071067811865476
vn 0 -0.7071067811865476 0.7071067811865475
vn 0 -0.7071067811865476 0.7071067811865475
vn 0 -0.7071067811865476 0.7071067811865475
vn 0 -0.7071067811865476 0.7071067811865475
vn 0 0.7071067811865476 -0.7071067811865475
vn 0 0.7071067811865476 -0.7071067811865475
vn 0 0.7071067811865476 -0.7071067811865475
vn 0 0.7071067811865476 -0.7071067811865475
f 2505/2505/2505 2507/2507/2507 2506/2506/2506
f 2507/2507/2507 2508/2508/2508 2506/2506/2506
f 2509/2509/2509 2511/2511/2511 2510/2510/2510
f 2511/2511/2511 2512/2512/2512 2510/2510/2510
f 2513/2513/2513 2515/2515/2515 2514/2514/2514
f 2515/2515/2515 2516/2516/2516 2514/2514/2514
f 2517/2517/2517 2519/2519/2519 2518/2518/2518
f 2519/2519/2519 2520/2520/2520 2518/2518/2518
f 2521/2521/2521 2523/2523/2523 2522/2522/2522
f 2523/2523/2523 2524/2524/2524 2522/2522/2522
f 2525/2525/2525 2527/2527/2527 2526/2526/2526
f 2527/2527/2527 2528/2528/2528 2526/2526/2526
o side_ad_bar
usemtl enamel
v -2.0500000002235175 1.0599999982118606 0.49999997615814207
v -2.0500000002235175 1.0599999982118606 -0.7999999761581421
v -2.0500000002235175 0.9000000017881393 0.49999997615814207
v -2.0500000002235175 0.9000000017881393 -0.7999999761581421
v -2.0699999997764826 1.0599999982118606 -0.7999999761581421
v -2.0699999997764826 1.0599999982118606 0.49999997615814207
v -2.0699999997764826 0.9000000017881393 -0.7999999761581421
v -2.0699999997764826 0.9000000017881393 0.49999997615814207
v -2.0699999997764826 1.0599999982118606 -0.7999999761581421
v -2.0500000002235175 1.0599999982118606 -0.7999999761581421
v -2.0699999997764826 1.0599999982118606 0.49999997615814207
v -2.0500000002235175 1.0599999982118606 0.49999997615814207
v -2.0699999997764826 0.9000000017881393 0.49999997615814207
v -2.0500000002235175 0.9000000017881393 0.49999997615814207
v -2.0699999997764826 0.9000000017881393 -0.7999999761581421
v -2.0500000002235175 0.9000000017881393 -0.7999999761581421
v -2.0699999997764826 1.0599999982118606 0.49999997615814207
v -2.0500000002235175 1.0599999982118606 0.49999997615814207
v -2.0699999997764826 0.9000000017881393 0.49999997615814207
v -2.0500000002235175 0.9000000017881393 0.49999997615814207
v -2.0500000002235175 1.0599999982118606 -0.7999999761581421
v -2.0699999997764826 1.0599999982118606 -0.7999999761581421
v -2.0500000002235175 0.9000000017881393 -0.7999999761581421
v -2.0699999997764826 0.9000000017881393 -0.7999999761581421
vt 0 1
vt 1 1
vt 0 0
vt 1 0
vt 0 1
vt 1 1
vt 0 0
vt 1 0
vt 0 1
vt 1 1
vt 0 0
vt 1 0
vt 0 1
vt 1 1
vt 0 0
vt 1 0
vt 0 1
vt 1 1
vt 0 0
vt 1 0
vt 0 1
vt 1 1
vt 0 0
vt 1 0
vn 1 0 0
vn 1 0 0
vn 1 0 0
vn 1 0 0
vn -1 0 0
vn -1 0 0
vn -1 0 0
vn -1 0 0
vn 0 1 0
vn 0 1 0
vn 0 1 0
vn 0 1 0
vn 0 -1 0
vn 0 -1 0
vn 0 -1 0
vn 0 -1 0
vn 0 0 1
vn 0 0 1
vn 0 0 1
vn 0 0 1
vn 0 0 -1
vn 0 0 -1
vn 0 0 -1
vn 0 0 -1
f 2529/2529/2529 2531/2531/2531 2530/2530/2530
f 2531/2531/2531 2532/2532/2532 2530/2530/2530
f 2533/2533/2533 2535/2535/2535 2534/2534/2534
f 2535/2535/2535 2536/2536/2536 2534/2534/2534
f 2537/2537/2537 2539/2539/2539 2538/2538/2538
f 2539/2539/2539 2540/2540/2540 2538/2538/2538
f 2541/2541/2541 2543/2543/2543 2542/2542/2542
f 2543/2543/2543 2544/2544/2544 2542/2542/2542
f 2545/2545/2545 2547/2547/2547 2546/2546/2546
f 2547/2547/2547 2548/2548/2548 2546/2546/2546
f 2549/2549/2549 2551/2551/2551 2550/2550/2550
f 2551/2551/2551 2552/2552/2552 2550/2550/2550
o blade_arm
usemtl metal
v 1.989999997615814 2.2 0.8799999993294477
v 1.989999997615814 2.2176335573196413 0.8742705103009939
v 1.989999997615814 2.2285316947847607 0.8592705097049474
v 1.989999997615814 2.2285316947847607 0.8407294902950525
v 1.989999997615814 2.2176335573196413 0.8257294896990061
v 1.989999997615814 2.2 0.8200000006705522
v 1.989999997615814 2.182366442680359 0.8257294896990061
v 1.989999997615814 2.1714683052152397 0.8407294902950525
v 1.989999997615814 2.1714683052152397 0.8592705097049474
v 1.989999997615814 2.182366442680359 0.8742705103009939
v 1.989999997615814 2.2 0.8799999993294477
v 2.6100000023841856 2.2 0.8799999993294477
v 2.6100000023841856 2.2176335573196413 0.8742705103009939
v 2.6100000023841856 2.2285316947847607 0.8592705097049474
v 2.6100000023841856 2.2285316947847607 0.8407294902950525
v 2.6100000023841856 2.2176335573196413 0.8257294896990061
v 2.6100000023841856 2.2 0.8200000006705522
v 2.6100000023841856 2.182366442680359 0.8257294896990061
v 2.6100000023841856 2.1714683052152397 0.8407294902950525
v 2.6100000023841856 2.1714683052152397 0.8592705097049474
v 2.6100000023841856 2.182366442680359 0.8742705103009939
v 2.6100000023841856 2.2 0.8799999993294477
v 1.989999997615814 2.2 0.85
v 1.989999997615814 2.2 0.85
v 1.989999997615814 2.2 0.85
v 1.989999997615814 2.2 0.85
v 1.989999997615814 2.2 0.85
v 1.989999997615814 2.2 0.85
v 1.989999997615814 2.2 0.85
v 1.989999997615814 2.2 0.85
v 1.989999997615814 2.2 0.85
v 1.989999997615814 2.2 0.85
v 1.989999997615814 2.2 0.8799999993294477
v 1.989999997615814 2.2176335573196413 0.8742705103009939
v 1.989999997615814 2.2285316947847607 0.8592705097049474
v 1.989999997615814 2.2285316947847607 0.8407294902950525
v 1.989999997615814 2.2176335573196413 0.8257294896990061
v 1.989999997615814 2.2 0.8200000006705522
v 1.989999997615814 2.182366442680359 0.8257294896990061
v 1.989999997615814 2.1714683052152397 0.8407294902950525
v 1.989999997615814 2.1714683052152397 0.8592705097049474
v 1.989999997615814 2.182366442680359 0.8742705103009939
v 1.989999997615814 2.2 0.8799999993294477
v 2.6100000023841856 2.2 0.85
v 2.6100000023841856 2.2 0.85
v 2.6100000023841856 2.2 0.85
v 2.6100000023841856 2.2 0.85
v 2.6100000023841856 2.2 0.85
v 2.6100000023841856 2.2 0.85
v 2.6100000023841856 2.2 0.85
v 2.6100000023841856 2.2 0.85
v 2.6100000023841856 2.2 0.85
v 2.6100000023841856 2.2 0.85
v 2.6100000023841856 2.2 0.8799999993294477
v 2.6100000023841856 2.2176335573196413 0.8742705103009939
v 2.6100000023841856 2.2285316947847607 0.8592705097049474
v 2.6100000023841856 2.2285316947847607 0.8407294902950525
v 2.6100000023841856 2.2176335573196413 0.8257294896990061
v 2.6100000023841856 2.2 0.8200000006705522
v 2.6100000023841856 2.182366442680359 0.8257294896990061
v 2.6100000023841856 2.1714683052152397 0.8407294902950525
v 2.6100000023841856 2.1714683052152397 0.8592705097049474
v 2.6100000023841856 2.182366442680359 0.8742705103009939
v 2.6100000023841856 2.2 0.8799999993294477
vt 0 1
vt 0.10000000149011612 1
vt 0.20000000298023224 1
vt 0.30000001192092896 1
vt 0.4000000059604645 1
vt 0.5 1
vt 0.6000000238418579 1
vt 0.699999988079071 1
vt 0.800000011920929 1
vt 0.8999999761581421 1
vt 1 1
vt 0 0
vt 0.10000000149011612 0
vt 0.20000000298023224 0
vt 0.30000001192092896 0
vt 0.4000000059604645 0
vt 0.5 0
vt 0.6000000238418579 0
vt 0.699999988079071 0
vt 0.800000011920929 0
vt 0.8999999761581421 0
vt 1 0
vt 0.5 0.5
vt 0.5 0.5
vt 0.5 0.5
vt 0.5 0.5
vt 0.5 0.5
vt 0.5 0.5
vt 0.5 0.5
vt 0.5 0.5
vt 0.5 0.5
vt 0.5 0.5
vt 1 0.5
vt 0.9045084714889526 0.7938926219940186
vt 0.6545084714889526 0.9755282402038574
vt 0.345491498708725 0.9755282402038574
vt 0.09549150615930557 0.7938926219940186
vt 0 0.5
vt 0.09549150615930557 0.20610737800598145
vt 0.345491498708725 0.024471741169691086
vt 0.6545084714889526 0.024471741169691086
vt 0.9045084714889526 0.20610737800598145
vt 1 0.5
vt 0.5 0.5
vt 0.5 0.5
vt 0.5 0.5
vt 0.5 0.5
vt 0.5 0.5
vt 0.5 0.5
vt 0.5 0.5
vt 0.5 0.5
vt 0.5 0.5
vt 0.5 0.5
vt 1 0.5
vt 0.9045084714889526 0.20610737800598145
vt 0.6545084714889526 0.024471741169691086
vt 0.345491498708725 0.024471741169691086
vt 0.09549150615930557 0.20610737800598145
vt 0 0.5
vt 0.09549150615930557 0.7938926219940186
vt 0.345491498708725 0.9755282402038574
vt 0.6545084714889526 0.9755282402038574
vt 0.9045084714889526 0.7938926219940186
vt 1 0.5
vn 0 0 1
vn 1.3051454205252937e-16 0.5877852429542022 0.8090170011595983
vn 2.1117696838941298e-16 0.9510565161477913 0.3090169948284817
vn 2.1117696838941298e-16 0.9510565161477913 -0.3090169948284817
vn 1.3051454205252937e-16 0.5877852429542022 -0.8090170011595983
vn 2.7192622655495665e-32 1.2246468525851679e-16 -1
vn -1.3051454205252937e-16 -0.5877852429542022 -0.8090170011595983
vn -2.1117696838941298e-16 -0.9510565161477913 -0.3090169948284817
vn -2.1117696838941298e-16 -0.9510565161477913 0.3090169948284817
vn -1.3051454205252937e-16 -0.5877852429542022 0.8090170011595983
vn -5.438524531099133e-32 -2.4492937051703357e-16 1
vn 0 0 1
vn 1.3051454205252937e-16 0.5877852429542022 0.8090170011595983
vn 2.1117696838941298e-16 0.9510565161477913 0.3090169948284817
vn 2.1117696838941298e-16 0.9510565161477913 -0.3090169948284817
vn 1.3051454205252937e-16 0.5877852429542022 -0.8090170011595983
vn 2.7192622655495665e-32 1.2246468525851679e-16 -1
vn -1.3051454205252937e-16 -0.5877852429542022 -0.8090170011595983
vn -2.1117696838941298e-16 -0.9510565161477913 -0.3090169948284817
vn -2.1117696838941298e-16 -0.9510565161477913 0.3090169948284817
vn -1.3051454205252937e-16 -0.5877852429542022 0.8090170011595983
vn -5.438524531099133e-32 -2.4492937051703357e-16 1
vn -1 2.220446049250313e-16 0
vn -1 2.220446049250313e-16 0
vn -1 2.220446049250313e-16 0
vn -1 2.220446049250313e-16 0
vn -1 2.220446049250313e-16 0
vn -1 2.220446049250313e-16 0
vn -1 2.220446049250313e-16 0
vn -1 2.220446049250313e-16 0
vn -1 2.220446049250313e-16 0
vn -1 2.220446049250313e-16 0
vn -1 2.220446049250313e-16 0
vn -1 2.220446049250313e-16 0
vn -1 2.220446049250313e-16 0
vn -1 2.220446049250313e-16 0
vn -1 2.220446049250313e-16 0
vn -1 2.220446049250313e-16 0
vn -1 2.220446049250313e-16 0
vn -1 2.220446049250313e-16 0
vn -1 2.220446049250313e-16 0
vn -1 2.220446049250313e-16 0
vn -1 2.220446049250313e-16 0
vn 1 -2.220446049250313e-16 0
vn 1 -2.220446049250313e-16 0
vn 1 -2.220446049250313e-16 0
vn 1 -2.220446049250313e-16 0
vn 1 -2.220446049250313e-16 0
vn 1 -2.220446049250313e-16 0
vn 1 -2.220446049250313e-16 0
vn 1 -2.220446049250313e-16 0
vn 1 -2.220446049250313e-16 0
vn 1 -2.220446049250313e-16 0
vn 1 -2.220446049250313e-16 0
vn 1 -2.220446049250313e-16 0
vn 1 -2.220446049250313e-16 0
vn 1 -2.220446049250313e-16 0
vn 1 -2.220446049250313e-16 0
vn 1 -2.220446049250313e-16 0
vn 1 -2.220446049250313e-16 0
vn 1 -2.220446049250313e-16 0
vn 1 -2.220446049250313e-16 0
vn 1 -2.220446049250313e-16 0
vn 1 -2.220446049250313e-16 0
f 2553/2553/2553 2564/2564/2564 2554/2554/2554
f 2564/2564/2564 2565/2565/2565 2554/2554/2554
f 2554/2554/2554 2565/2565/2565 2555/2555/2555
f 2565/2565/2565 2566/2566/2566 2555/2555/2555
f 2555/2555/2555 2566/2566/2566 2556/2556/2556
f 2566/2566/2566 2567/2567/2567 2556/2556/2556
f 2556/2556/2556 2567/2567/2567 2557/2557/2557
f 2567/2567/2567 2568/2568/2568 2557/2557/2557
f 2557/2557/2557 2568/2568/2568 2558/2558/2558
f 2568/2568/2568 2569/2569/2569 2558/2558/2558
f 2558/2558/2558 2569/2569/2569 2559/2559/2559
f 2569/2569/2569 2570/2570/2570 2559/2559/2559
f 2559/2559/2559 2570/2570/2570 2560/2560/2560
f 2570/2570/2570 2571/2571/2571 2560/2560/2560
f 2560/2560/2560 2571/2571/2571 2561/2561/2561
f 2571/2571/2571 2572/2572/2572 2561/2561/2561
f 2561/2561/2561 2572/2572/2572 2562/2562/2562
f 2572/2572/2572 2573/2573/2573 2562/2562/2562
f 2562/2562/2562 2573/2573/2573 2563/2563/2563
f 2573/2573/2573 2574/2574/2574 2563/2563/2563
f 2585/2585/2585 2586/2586/2586 2575/2575/2575
f 2586/2586/2586 2587/2587/2587 2576/2576/2576
f 2587/2587/2587 2588/2588/2588 2577/2577/2577
f 2588/2588/2588 2589/2589/2589 2578/2578/2578
f 2589/2589/2589 2590/2590/2590 2579/2579/2579
f 2590/2590/2590 2591/2591/2591 2580/2580/2580
f 2591/2591/2591 2592/2592/2592 2581/2581/2581
f 2592/2592/2592 2593/2593/2593 2582/2582/2582
f 2593/2593/2593 2594/2594/2594 2583/2583/2583
f 2594/2594/2594 2595/2595/2595 2584/2584/2584
f 2607/2607/2607 2606/2606/2606 2596/2596/2596
f 2608/2608/2608 2607/2607/2607 2597/2597/2597
f 2609/2609/2609 2608/2608/2608 2598/2598/2598
f 2610/2610/2610 2609/2609/2609 2599/2599/2599
f 2611/2611/2611 2610/2610/2610 2600/2600/2600
f 2612/2612/2612 2611/2611/2611 2601/2601/2601
f 2613/2613/2613 2612/2612/2612 2602/2602/2602
f 2614/2614/2614 2613/2613/2613 2603/2603/2603
f 2615/2615/2615 2614/2614/2614 2604/2604/2604
f 2616/2616/2616 2615/2615/2615 2605/2605/2605
o blade_face
usemtl paint_red
v 2.609999999329448 2.275000011920929 1.1600000023841859
v 2.609999999329448 2.275000011920929 0.5399999976158142
v 2.609999999329448 1.4249999880790711 1.1600000023841859
v 2.609999999329448 1.4249999880790711 0.5399999976158142
v 2.5500000006705523 2.275000011920929 0.5399999976158142
v 2.5500000006705523 2.275000011920929 1.1600000023841859
v 2.5500000006705523 1.4249999880790711 0.5399999976158142
v 2.5500000006705523 1.4249999880790711 1.1600000023841859
v 2.5500000006705523 2.275000011920929 0.5399999976158142
v 2.609999999329448 2.275000011920929 0.5399999976158142
v 2.5500000006705523 2.275000011920929 1.1600000023841859
v 2.609999999329448 2.275000011920929 1.1600000023841859
v 2.5500000006705523 1.4249999880790711 1.1600000023841859
v 2.609999999329448 1.4249999880790711 1.1600000023841859
v 2.5500000006705523 1.4249999880790711 0.5399999976158142
v 2.609999999329448 1.4249999880790711 0.5399999976158142
v 2.5500000006705523 2.275000011920929 1.1600000023841859
v 2.609999999329448 2.275000011920929 1.1600000023841859
v 2.5500000006705523 1.4249999880790711 1.1600000023841859
v 2.609999999329448 1.4249999880790711 1.1600000023841859
v 2.609999999329448 2.275000011920929 0.5399999976158142
v 2.5500000006705523 2.275000011920929 0.5399999976158142
v 2.609999999329448 1.4249999880790711 0.5399999976158142
v 2.5500000006705523 1.4249999880790711 0.5399999976158142
vt 0 1
vt 1 1
vt 0 0
vt 1 0
vt 0 1
vt 1 1
vt 0 0
vt 1 0
vt 0 1
vt 1 1
vt 0 0
vt 1 0
vt 0 1
vt 1 1
vt 0 0
vt 1 0
vt 0 1
vt 1 1
vt 0 0
vt 1 0
vt 0 1
vt 1 1
vt 0 0
vt 1 0
vn 1 0 0
vn 1 0 0
vn 1 0 0
vn 1 0 0
vn -1 0 0
vn -1 0 0
vn -1 0 0
vn -1 0 0
vn 0 1 0
vn 0 1 0
vn 0 1 0
vn 0 1 0
vn 0 -1 0
vn 0 -1 0
vn 0 -1 0
vn 0 -1 0
vn 0 0 1
vn 0 0 1
vn 0 0 1
vn 0 0 1
vn 0 0 -1
vn 0 0 -1
vn 0 0 -1
vn 0 0 -1
f 2617/2617/2617 2619/2619/2619 2618/2618/2618
f 2619/2619/2619 2620/2620/2620 2618/2618/2618
f 2621/2621/2621 2623/2623/2623 2622/2622/2622
f 2623/2623/2623 2624/2624/2624 2622/2622/2622
f 2625/2625/2625 2627/2627/2627 2626/2626/2626
f 2627/2627/2627 2628/2628/2628 2626/2626/2626
f 2629/2629/2629 2631/2631/2631 2630/2630/2630
f 2631/2631/2631 2632/2632/2632 2630/2630/2630
f 2633/2633/2633 2635/2635/2635 2634/2634/2634
f 2635/2635/2635 2636/2636/2636 2634/2634/2634
f 2637/2637/2637 2639/2639/2639 2638/2638/2638
f 2639/2639/2639 2640/2640/2640 2638/2638/2638
o blade_mark
usemtl enamel
v 2.6299999997764827 2.15 0.9299999982118606
v 2.6299999997764827 2.15 0.7700000017881393
v 2.6299999997764827 1.65 0.9299999982118606
v 2.6299999997764827 1.65 0.7700000017881393
v 2.6100000002235175 2.15 0.7700000017881393
v 2.6100000002235175 2.15 0.9299999982118606
v 2.6100000002235175 1.65 0.7700000017881393
v 2.6100000002235175 1.65 0.9299999982118606
v 2.6100000002235175 2.15 0.7700000017881393
v 2.6299999997764827 2.15 0.7700000017881393
v 2.6100000002235175 2.15 0.9299999982118606
v 2.6299999997764827 2.15 0.9299999982118606
v 2.6100000002235175 1.65 0.9299999982118606
v 2.6299999997764827 1.65 0.9299999982118606
v 2.6100000002235175 1.65 0.7700000017881393
v 2.6299999997764827 1.65 0.7700000017881393
v 2.6100000002235175 2.15 0.9299999982118606
v 2.6299999997764827 2.15 0.9299999982118606
v 2.6100000002235175 1.65 0.9299999982118606
v 2.6299999997764827 1.65 0.9299999982118606
v 2.6299999997764827 2.15 0.7700000017881393
v 2.6100000002235175 2.15 0.7700000017881393
v 2.6299999997764827 1.65 0.7700000017881393
v 2.6100000002235175 1.65 0.7700000017881393
vt 0 1
vt 1 1
vt 0 0
vt 1 0
vt 0 1
vt 1 1
vt 0 0
vt 1 0
vt 0 1
vt 1 1
vt 0 0
vt 1 0
vt 0 1
vt 1 1
vt 0 0
vt 1 0
vt 0 1
vt 1 1
vt 0 0
vt 1 0
vt 0 1
vt 1 1
vt 0 0
vt 1 0
vn 1 0 0
vn 1 0 0
vn 1 0 0
vn 1 0 0
vn -1 0 0
vn -1 0 0
vn -1 0 0
vn -1 0 0
vn 0 1 0
vn 0 1 0
vn 0 1 0
vn 0 1 0
vn 0 -1 0
vn 0 -1 0
vn 0 -1 0
vn 0 -1 0
vn 0 0 1
vn 0 0 1
vn 0 0 1
vn 0 0 1
vn 0 0 -1
vn 0 0 -1
vn 0 0 -1
vn 0 0 -1
f 2641/2641/2641 2643/2643/2643 2642/2642/2642
f 2643/2643/2643 2644/2644/2644 2642/2642/2642
f 2645/2645/2645 2647/2647/2647 2646/2646/2646
f 2647/2647/2647 2648/2648/2648 2646/2646/2646
f 2649/2649/2649 2651/2651/2651 2650/2650/2650
f 2651/2651/2651 2652/2652/2652 2650/2650/2650
f 2653/2653/2653 2655/2655/2655 2654/2654/2654
f 2655/2655/2655 2656/2656/2656 2654/2654/2654
f 2657/2657/2657 2659/2659/2659 2658/2658/2658
f 2659/2659/2659 2660/2660/2660 2658/2658/2658
f 2661/2661/2661 2663/2663/2663 2662/2662/2662
f 2663/2663/2663 2664/2664/2664 2662/2662/2662
o awning_slat_1
usemtl paint_red
v -1.3405000060796737 2.5369014519824673 2.089177660415833
v -1.3405000060796737 2.108752995713452 1.130434316627383
v -1.3405000060796737 2.4912470042865476 2.109565683372617
v -1.3405000060796737 2.0630985480175323 1.1508223395841668
v -1.6469999939203261 2.108752995713452 1.130434316627383
v -1.6469999939203261 2.5369014519824673 2.089177660415833
v -1.6469999939203261 2.0630985480175323 1.1508223395841668
v -1.6469999939203261 2.4912470042865476 2.109565683372617
v -1.6469999939203261 2.108752995713452 1.130434316627383
v -1.3405000060796737 2.108752995713452 1.130434316627383
v -1.6469999939203261 2.5369014519824673 2.089177660415833
v -1.3405000060796737 2.5369014519824673 2.089177660415833
v -1.6469999939203261 2.4912470042865476 2.109565683372617
v -1.3405000060796737 2.4912470042865476 2.109565683372617
v -1.6469999939203261 2.0630985480175323 1.1508223395841668
v -1.3405000060796737 2.0630985480175323 1.1508223395841668
v -1.6469999939203261 2.5369014519824673 2.089177660415833
v -1.3405000060796737 2.5369014519824673 2.089177660415833
v -1.6469999939203261 2.4912470042865476 2.109565683372617
v -1.3405000060796737 2.4912470042865476 2.109565683372617
v -1.3405000060796737 2.108752995713452 1.130434316627383
v -1.6469999939203261 2.108752995713452 1.130434316627383
v -1.3405000060796737 2.0630985480175323 1.1508223395841668
v -1.6469999939203261 2.0630985480175323 1.1508223395841668
vt 0 1
vt 1 1
vt 0 0
vt 1 0
vt 0 1
vt 1 1
vt 0 0
vt 1 0
vt 0 1
vt 1 1
vt 0 0
vt 1 0
vt 0 1
vt 1 1
vt 0 0
vt 1 0
vt 0 1
vt 1 1
vt 0 0
vt 1 0
vt 0 1
vt 1 1
vt 0 0
vt 1 0
vn 1 0 0
vn 1 0 0
vn 1 0 0
vn 1 0 0
vn -1 0 0
vn -1 0 0
vn -1 0 0
vn -1 0 0
vn 0 0.9130889403123083 -0.40776045305957015
vn 0 0.9130889403123083 -0.40776045305957015
vn 0 0.9130889403123083 -0.40776045305957015
vn 0 0.9130889403123083 -0.40776045305957015
vn 0 -0.9130889403123083 0.40776045305957015
vn 0 -0.9130889403123083 0.40776045305957015
vn 0 -0.9130889403123083 0.40776045305957015
vn 0 -0.9130889403123083 0.40776045305957015
vn 0 0.40776045305957015 0.9130889403123083
vn 0 0.40776045305957015 0.9130889403123083
vn 0 0.40776045305957015 0.9130889403123083
vn 0 0.40776045305957015 0.9130889403123083
vn 0 -0.40776045305957015 -0.9130889403123083
vn 0 -0.40776045305957015 -0.9130889403123083
vn 0 -0.40776045305957015 -0.9130889403123083
vn 0 -0.40776045305957015 -0.9130889403123083
f 2665/2665/2665 2667/2667/2667 2666/2666/2666
f 2667/2667/2667 2668/2668/2668 2666/2666/2666
f 2669/2669/2669 2671/2671/2671 2670/2670/2670
f 2671/2671/2671 2672/2672/2672 2670/2670/2670
f 2673/2673/2673 2675/2675/2675 2674/2674/2674
f 2675/2675/2675 2676/2676/2676 2674/2674/2674
f 2677/2677/2677 2679/2679/2679 2678/2678/2678
f 2679/2679/2679 2680/2680/2680 2678/2678/2678
f 2681/2681/2681 2683/2683/2683 2682/2682/2682
f 2683/2683/2683 2684/2684/2684 2682/2682/2682
f 2685/2685/2685 2687/2687/2687 2686/2686/2686
f 2687/2687/2687 2688/2688/2688 2686/2686/2686
o awning_slat_2
usemtl enamel
v -1.0280000060796737 2.5369014519824673 2.089177660415833
v -1.0280000060796737 2.108752995713452 1.130434316627383
v -1.0280000060796737 2.4912470042865476 2.109565683372617
v -1.0280000060796737 2.0630985480175323 1.1508223395841668
v -1.3344999939203261 2.108752995713452 1.130434316627383
v -1.3344999939203261 2.5369014519824673 2.089177660415833
v -1.3344999939203261 2.0630985480175323 1.1508223395841668
v -1.3344999939203261 2.4912470042865476 2.109565683372617
v -1.3344999939203261 2.108752995713452 1.130434316627383
v -1.0280000060796737 2.108752995713452 1.130434316627383
v -1.3344999939203261 2.5369014519824673 2.089177660415833
v -1.0280000060796737 2.5369014519824673 2.089177660415833
v -1.3344999939203261 2.4912470042865476 2.109565683372617
v -1.0280000060796737 2.4912470042865476 2.109565683372617
v -1.3344999939203261 2.0630985480175323 1.1508223395841668
v -1.0280000060796737 2.0630985480175323 1.1508223395841668
v -1.3344999939203261 2.5369014519824673 2.089177660415833
v -1.0280000060796737 2.5369014519824673 2.089177660415833
v -1.3344999939203261 2.4912470042865476 2.109565683372617
v -1.0280000060796737 2.4912470042865476 2.109565683372617
v -1.0280000060796737 2.108752995713452 1.130434316627383
v -1.3344999939203261 2.108752995713452 1.130434316627383
v -1.0280000060796737 2.0630985480175323 1.1508223395841668
v -1.3344999939203261 2.0630985480175323 1.1508223395841668
vt 0 1
vt 1 1
vt 0 0
vt 1 0
vt 0 1
vt 1 1
vt 0 0
vt 1 0
vt 0 1
vt 1 1
vt 0 0
vt 1 0
vt 0 1
vt 1 1
vt 0 0
vt 1 0
vt 0 1
vt 1 1
vt 0 0
vt 1 0
vt 0 1
vt 1 1
vt 0 0
vt 1 0
vn 1 0 0
vn 1 0 0
vn 1 0 0
vn 1 0 0
vn -1 0 0
vn -1 0 0
vn -1 0 0
vn -1 0 0
vn 0 0.9130889403123083 -0.40776045305957015
vn 0 0.9130889403123083 -0.40776045305957015
vn 0 0.9130889403123083 -0.40776045305957015
vn 0 0.9130889403123083 -0.40776045305957015
vn 0 -0.9130889403123083 0.40776045305957015
vn 0 -0.9130889403123083 0.40776045305957015
vn 0 -0.9130889403123083 0.40776045305957015
vn 0 -0.9130889403123083 0.40776045305957015
vn 0 0.40776045305957015 0.9130889403123083
vn 0 0.40776045305957015 0.9130889403123083
vn 0 0.40776045305957015 0.9130889403123083
vn 0 0.40776045305957015 0.9130889403123083
vn 0 -0.40776045305957015 -0.9130889403123083
vn 0 -0.40776045305957015 -0.9130889403123083
vn 0 -0.40776045305957015 -0.9130889403123083
vn 0 -0.40776045305957015 -0.9130889403123083
f 2689/2689/2689 2691/2691/2691 2690/2690/2690
f 2691/2691/2691 2692/2692/2692 2690/2690/2690
f 2693/2693/2693 2695/2695/2695 2694/2694/2694
f 2695/2695/2695 2696/2696/2696 2694/2694/2694
f 2697/2697/2697 2699/2699/2699 2698/2698/2698
f 2699/2699/2699 2700/2700/2700 2698/2698/2698
f 2701/2701/2701 2703/2703/2703 2702/2702/2702
f 2703/2703/2703 2704/2704/2704 2702/2702/2702
f 2705/2705/2705 2707/2707/2707 2706/2706/2706
f 2707/2707/2707 2708/2708/2708 2706/2706/2706
f 2709/2709/2709 2711/2711/2711 2710/2710/2710
f 2711/2711/2711 2712/2712/2712 2710/2710/2710
o awning_slat_3
usemtl paint_red
v -0.7155000060796737 2.5369014519824673 2.089177660415833
v -0.7155000060796737 2.108752995713452 1.130434316627383
v -0.7155000060796737 2.4912470042865476 2.109565683372617
v -0.7155000060796737 2.0630985480175323 1.1508223395841668
v -1.0219999939203261 2.108752995713452 1.130434316627383
v -1.0219999939203261 2.5369014519824673 2.089177660415833
v -1.0219999939203261 2.0630985480175323 1.1508223395841668
v -1.0219999939203261 2.4912470042865476 2.109565683372617
v -1.0219999939203261 2.108752995713452 1.130434316627383
v -0.7155000060796737 2.108752995713452 1.130434316627383
v -1.0219999939203261 2.5369014519824673 2.089177660415833
v -0.7155000060796737 2.5369014519824673 2.089177660415833
v -1.0219999939203261 2.4912470042865476 2.109565683372617
v -0.7155000060796737 2.4912470042865476 2.109565683372617
v -1.0219999939203261 2.0630985480175323 1.1508223395841668
v -0.7155000060796737 2.0630985480175323 1.1508223395841668
v -1.0219999939203261 2.5369014519824673 2.089177660415833
v -0.7155000060796737 2.5369014519824673 2.089177660415833
v -1.0219999939203261 2.4912470042865476 2.109565683372617
v -0.7155000060796737 2.4912470042865476 2.109565683372617
v -0.7155000060796737 2.108752995713452 1.130434316627383
v -1.0219999939203261 2.108752995713452 1.130434316627383
v -0.7155000060796737 2.0630985480175323 1.1508223395841668
v -1.0219999939203261 2.0630985480175323 1.1508223395841668
vt 0 1
vt 1 1
vt 0 0
vt 1 0
vt 0 1
vt 1 1
vt 0 0
vt 1 0
vt 0 1
vt 1 1
vt 0 0
vt 1 0
vt 0 1
vt 1 1
vt 0 0
vt 1 0
vt 0 1
vt 1 1
vt 0 0
vt 1 0
vt 0 1
vt 1 1
vt 0 0
vt 1 0
vn 1 0 0
vn 1 0 0
vn 1 0 0
vn 1 0 0
vn -1 0 0
vn -1 0 0
vn -1 0 0
vn -1 0 0
vn 0 0.9130889403123083 -0.40776045305957015
vn 0 0.9130889403123083 -0.40776045305957015
vn 0 0.9130889403123083 -0.40776045305957015
vn 0 0.9130889403123083 -0.40776045305957015
vn 0 -0.9130889403123083 0.40776045305957015
vn 0 -0.9130889403123083 0.40776045305957015
vn 0 -0.9130889403123083 0.40776045305957015
vn 0 -0.9130889403123083 0.40776045305957015
vn 0 0.40776045305957015 0.9130889403123083
vn 0 0.40776045305957015 0.9130889403123083
vn 0 0.40776045305957015 0.9130889403123083
vn 0 0.40776045305957015 0.9130889403123083
vn 0 -0.40776045305957015 -0.9130889403123083
vn 0 -0.40776045305957015 -0.9130889403123083
vn 0 -0.40776045305957015 -0.9130889403123083
vn 0 -0.40776045305957015 -0.9130889403123083
f 2713/2713/2713 2715/2715/2715 2714/2714/2714
f 2715/2715/2715 2716/2716/2716 2714/2714/2714
f 2717/2717/2717 2719/2719/2719 2718/2718/2718
f 2719/2719/2719 2720/2720/2720 2718/2718/2718
f 2721/2721/2721 2723/2723/2723 2722/2722/2722
f 2723/2723/2723 2724/2724/2724 2722/2722/2722
f 2725/2725/2725 2727/2727/2727 2726/2726/2726
f 2727/2727/2727 2728/2728/2728 2726/2726/2726
f 2729/2729/2729 2731/2731/2731 2730/2730/2730
f 2731/2731/2731 2732/2732/2732 2730/2730/2730
f 2733/2733/2733 2735/2735/2735 2734/2734/2734
f 2735/2735/2735 2736/2736/2736 2734/2734/2734
o awning_slat_4
usemtl enamel
v -0.4030000060796737 2.5369014519824673 2.089177660415833
v -0.4030000060796737 2.108752995713452 1.130434316627383
v -0.4030000060796737 2.4912470042865476 2.109565683372617
v -0.4030000060796737 2.0630985480175323 1.1508223395841668
v -0.7094999939203261 2.108752995713452 1.130434316627383
v -0.7094999939203261 2.5369014519824673 2.089177660415833
v -0.7094999939203261 2.0630985480175323 1.1508223395841668
v -0.7094999939203261 2.4912470042865476 2.109565683372617
v -0.7094999939203261 2.108752995713452 1.130434316627383
v -0.4030000060796737 2.108752995713452 1.130434316627383
v -0.7094999939203261 2.5369014519824673 2.089177660415833
v -0.4030000060796737 2.5369014519824673 2.089177660415833
v -0.7094999939203261 2.4912470042865476 2.109565683372617
v -0.4030000060796737 2.4912470042865476 2.109565683372617
v -0.7094999939203261 2.0630985480175323 1.1508223395841668
v -0.4030000060796737 2.0630985480175323 1.1508223395841668
v -0.7094999939203261 2.5369014519824673 2.089177660415833
v -0.4030000060796737 2.5369014519824673 2.089177660415833
v -0.7094999939203261 2.4912470042865476 2.109565683372617
v -0.4030000060796737 2.4912470042865476 2.109565683372617
v -0.4030000060796737 2.108752995713452 1.130434316627383
v -0.7094999939203261 2.108752995713452 1.130434316627383
v -0.4030000060796737 2.0630985480175323 1.1508223395841668
v -0.7094999939203261 2.0630985480175323 1.1508223395841668
vt 0 1
vt 1 1
vt 0 0
vt 1 0
vt 0 1
vt 1 1
vt 0 0
vt 1 0
vt 0 1
vt 1 1
vt 0 0
vt 1 0
vt 0 1
vt 1 1
vt 0 0
vt 1 0
vt 0 1
vt 1 1
vt 0 0
vt 1 0
vt 0 1
vt 1 1
vt 0 0
vt 1 0
vn 1 0 0
vn 1 0 0
vn 1 0 0
vn 1 0 0
vn -1 0 0
vn -1 0 0
vn -1 0 0
vn -1 0 0
vn 0 0.9130889403123083 -0.40776045305957015
vn 0 0.9130889403123083 -0.40776045305957015
vn 0 0.9130889403123083 -0.40776045305957015
vn 0 0.9130889403123083 -0.40776045305957015
vn 0 -0.9130889403123083 0.40776045305957015
vn 0 -0.9130889403123083 0.40776045305957015
vn 0 -0.9130889403123083 0.40776045305957015
vn 0 -0.9130889403123083 0.40776045305957015
vn 0 0.40776045305957015 0.9130889403123083
vn 0 0.40776045305957015 0.9130889403123083
vn 0 0.40776045305957015 0.9130889403123083
vn 0 0.40776045305957015 0.9130889403123083
vn 0 -0.40776045305957015 -0.9130889403123083
vn 0 -0.40776045305957015 -0.9130889403123083
vn 0 -0.40776045305957015 -0.9130889403123083
vn 0 -0.40776045305957015 -0.9130889403123083
f 2737/2737/2737 2739/2739/2739 2738/2738/2738
f 2739/2739/2739 2740/2740/2740 2738/2738/2738
f 2741/2741/2741 2743/2743/2743 2742/2742/2742
f 2743/2743/2743 2744/2744/2744 2742/2742/2742
f 2745/2745/2745 2747/2747/2747 2746/2746/2746
f 2747/2747/2747 2748/2748/2748 2746/2746/2746
f 2749/2749/2749 2751/2751/2751 2750/2750/2750
f 2751/2751/2751 2752/2752/2752 2750/2750/2750
f 2753/2753/2753 2755/2755/2755 2754/2754/2754
f 2755/2755/2755 2756/2756/2756 2754/2754/2754
f 2757/2757/2757 2759/2759/2759 2758/2758/2758
f 2759/2759/2759 2760/2760/2760 2758/2758/2758
o awning_slat_5
usemtl paint_red
v -0.09050000607967368 2.5369014519824673 2.089177660415833
v -0.09050000607967368 2.108752995713452 1.130434316627383
v -0.09050000607967368 2.4912470042865476 2.109565683372617
v -0.09050000607967368 2.0630985480175323 1.1508223395841668
v -0.39699999392032614 2.108752995713452 1.130434316627383
v -0.39699999392032614 2.5369014519824673 2.089177660415833
v -0.39699999392032614 2.0630985480175323 1.1508223395841668
v -0.39699999392032614 2.4912470042865476 2.109565683372617
v -0.39699999392032614 2.108752995713452 1.130434316627383
v -0.09050000607967368 2.108752995713452 1.130434316627383
v -0.39699999392032614 2.5369014519824673 2.089177660415833
v -0.09050000607967368 2.5369014519824673 2.089177660415833
v -0.39699999392032614 2.4912470042865476 2.109565683372617
v -0.09050000607967368 2.4912470042865476 2.109565683372617
v -0.39699999392032614 2.0630985480175323 1.1508223395841668
v -0.09050000607967368 2.0630985480175323 1.1508223395841668
v -0.39699999392032614 2.5369014519824673 2.089177660415833
v -0.09050000607967368 2.5369014519824673 2.089177660415833
v -0.39699999392032614 2.4912470042865476 2.109565683372617
v -0.09050000607967368 2.4912470042865476 2.109565683372617
v -0.09050000607967368 2.108752995713452 1.130434316627383
v -0.39699999392032614 2.108752995713452 1.130434316627383
v -0.09050000607967368 2.0630985480175323 1.1508223395841668
v -0.39699999392032614 2.0630985480175323 1.1508223395841668
vt 0 1
vt 1 1
vt 0 0
vt 1 0
vt 0 1
vt 1 1
vt 0 0
vt 1 0
vt 0 1
vt 1 1
vt 0 0
vt 1 0
vt 0 1
vt 1 1
vt 0 0
vt 1 0
vt 0 1
vt 1 1
vt 0 0
vt 1 0
vt 0 1
vt 1 1
vt 0 0
vt 1 0
vn 1 0 0
vn 1 0 0
vn 1 0 0
vn 1 0 0
vn -1 0 0
vn -1 0 0
vn -1 0 0
vn -1 0 0
vn 0 0.9130889403123083 -0.40776045305957015
vn 0 0.9130889403123083 -0.40776045305957015
vn 0 0.9130889403123083 -0.40776045305957015
vn 0 0.9130889403123083 -0.40776045305957015
vn 0 -0.9130889403123083 0.40776045305957015
vn 0 -0.9130889403123083 0.40776045305957015
vn 0 -0.9130889403123083 0.40776045305957015
vn 0 -0.9130889403123083 0.40776045305957015
vn 0 0.40776045305957015 0.9130889403123083
vn 0 0.40776045305957015 0.9130889403123083
vn 0 0.40776045305957015 0.9130889403123083
vn 0 0.40776045305957015 0.9130889403123083
vn 0 -0.40776045305957015 -0.9130889403123083
vn 0 -0.40776045305957015 -0.9130889403123083
vn 0 -0.40776045305957015 -0.9130889403123083
vn 0 -0.40776045305957015 -0.9130889403123083
f 2761/2761/2761 2763/2763/2763 2762/2762/2762
f 2763/2763/2763 2764/2764/2764 2762/2762/2762
f 2765/2765/2765 2767/2767/2767 2766/2766/2766
f 2767/2767/2767 2768/2768/2768 2766/2766/2766
f 2769/2769/2769 2771/2771/2771 2770/2770/2770
f 2771/2771/2771 2772/2772/2772 2770/2770/2770
f 2773/2773/2773 2775/2775/2775 2774/2774/2774
f 2775/2775/2775 2776/2776/2776 2774/2774/2774
f 2777/2777/2777 2779/2779/2779 2778/2778/2778
f 2779/2779/2779 2780/2780/2780 2778/2778/2778
f 2781/2781/2781 2783/2783/2783 2782/2782/2782
f 2783/2783/2783 2784/2784/2784 2782/2782/2782
o awning_slat_6
usemtl enamel
v 0.22199999392032632 2.5369014519824673 2.089177660415833
v 0.22199999392032632 2.108752995713452 1.130434316627383
v 0.22199999392032632 2.4912470042865476 2.109565683372617
v 0.22199999392032632 2.0630985480175323 1.1508223395841668
v -0.08449999392032614 2.108752995713452 1.130434316627383
v -0.08449999392032614 2.5369014519824673 2.089177660415833
v -0.08449999392032614 2.0630985480175323 1.1508223395841668
v -0.08449999392032614 2.4912470042865476 2.109565683372617
v -0.08449999392032614 2.108752995713452 1.130434316627383
v 0.22199999392032632 2.108752995713452 1.130434316627383
v -0.08449999392032614 2.5369014519824673 2.089177660415833
v 0.22199999392032632 2.5369014519824673 2.089177660415833
v -0.08449999392032614 2.4912470042865476 2.109565683372617
v 0.22199999392032632 2.4912470042865476 2.109565683372617
v -0.08449999392032614 2.0630985480175323 1.1508223395841668
v 0.22199999392032632 2.0630985480175323 1.1508223395841668
v -0.08449999392032614 2.5369014519824673 2.089177660415833
v 0.22199999392032632 2.5369014519824673 2.089177660415833
v -0.08449999392032614 2.4912470042865476 2.109565683372617
v 0.22199999392032632 2.4912470042865476 2.109565683372617
v 0.22199999392032632 2.108752995713452 1.130434316627383
v -0.08449999392032614 2.108752995713452 1.130434316627383
v 0.22199999392032632 2.0630985480175323 1.1508223395841668
v -0.08449999392032614 2.0630985480175323 1.1508223395841668
vt 0 1
vt 1 1
vt 0 0
vt 1 0
vt 0 1
vt 1 1
vt 0 0
vt 1 0
vt 0 1
vt 1 1
vt 0 0
vt 1 0
vt 0 1
vt 1 1
vt 0 0
vt 1 0
vt 0 1
vt 1 1
vt 0 0
vt 1 0
vt 0 1
vt 1 1
vt 0 0
vt 1 0
vn 1 0 0
vn 1 0 0
vn 1 0 0
vn 1 0 0
vn -1 0 0
vn -1 0 0
vn -1 0 0
vn -1 0 0
vn 0 0.9130889403123083 -0.40776045305957015
vn 0 0.9130889403123083 -0.40776045305957015
vn 0 0.9130889403123083 -0.40776045305957015
vn 0 0.9130889403123083 -0.40776045305957015
vn 0 -0.9130889403123083 0.40776045305957015
vn 0 -0.9130889403123083 0.40776045305957015
vn 0 -0.9130889403123083 0.40776045305957015
vn 0 -0.9130889403123083 0.40776045305957015
vn 0 0.40776045305957015 0.9130889403123083
vn 0 0.40776045305957015 0.9130889403123083
vn 0 0.40776045305957015 0.9130889403123083
vn 0 0.40776045305957015 0.9130889403123083
vn 0 -0.40776045305957015 -0.9130889403123083
vn 0 -0.40776045305957015 -0.9130889403123083
vn 0 -0.40776045305957015 -0.9130889403123083
vn 0 -0.40776045305957015 -0.9130889403123083
f 2785/2785/2785 2787/2787/2787 2786/2786/2786
f 2787/2787/2787 2788/2788/2788 2786/2786/2786
f 2789/2789/2789 2791/2791/2791 2790/2790/2790
f 2791/2791/2791 2792/2792/2792 2790/2790/2790
f 2793/2793/2793 2795/2795/2795 2794/2794/2794
f 2795/2795/2795 2796/2796/2796 2794/2794/2794
f 2797/2797/2797 2799/2799/2799 2798/2798/2798
f 2799/2799/2799 2800/2800/2800 2798/2798/2798
f 2801/2801/2801 2803/2803/2803 2802/2802/2802
f 2803/2803/2803 2804/2804/2804 2802/2802/2802
f 2805/2805/2805 2807/2807/2807 2806/2806/2806
f 2807/2807/2807 2808/2808/2808 2806/2806/2806
o awning_slat_7
usemtl paint_red
v 0.5344999939203263 2.5369014519824673 2.089177660415833
v 0.5344999939203263 2.108752995713452 1.130434316627383
v 0.5344999939203263 2.4912470042865476 2.109565683372617
v 0.5344999939203263 2.0630985480175323 1.1508223395841668
v 0.22800000607967386 2.108752995713452 1.130434316627383
v 0.22800000607967386 2.5369014519824673 2.089177660415833
v 0.22800000607967386 2.0630985480175323 1.1508223395841668
v 0.22800000607967386 2.4912470042865476 2.109565683372617
v 0.22800000607967386 2.108752995713452 1.130434316627383
v 0.5344999939203263 2.108752995713452 1.130434316627383
v 0.22800000607967386 2.5369014519824673 2.089177660415833
v 0.5344999939203263 2.5369014519824673 2.089177660415833
v 0.22800000607967386 2.4912470042865476 2.109565683372617
v 0.5344999939203263 2.4912470042865476 2.109565683372617
v 0.22800000607967386 2.0630985480175323 1.1508223395841668
v 0.5344999939203263 2.0630985480175323 1.1508223395841668
v 0.22800000607967386 2.5369014519824673 2.089177660415833
v 0.5344999939203263 2.5369014519824673 2.089177660415833
v 0.22800000607967386 2.4912470042865476 2.109565683372617
v 0.5344999939203263 2.4912470042865476 2.109565683372617
v 0.5344999939203263 2.108752995713452 1.130434316627383
v 0.22800000607967386 2.108752995713452 1.130434316627383
v 0.5344999939203263 2.0630985480175323 1.1508223395841668
v 0.22800000607967386 2.0630985480175323 1.1508223395841668
vt 0 1
vt 1 1
vt 0 0
vt 1 0
vt 0 1
vt 1 1
vt 0 0
vt 1 0
vt 0 1
vt 1 1
vt 0 0
vt 1 0
vt 0 1
vt 1 1
vt 0 0
vt 1 0
vt 0 1
vt 1 1
vt 0 0
vt 1 0
vt 0 1
vt 1 1
vt 0 0
vt 1 0
vn 1 0 0
vn 1 0 0
vn 1 0 0
vn 1 0 0
vn -1 0 0
vn -1 0 0
vn -1 0 0
vn -1 0 0
vn 0 0.9130889403123083 -0.40776045305957015
vn 0 0.9130889403123083 -0.40776045305957015
vn 0 0.9130889403123083 -0.40776045305957015
vn 0 0.9130889403123083 -0.40776045305957015
vn 0 -0.9130889403123083 0.40776045305957015
vn 0 -0.9130889403123083 0.40776045305957015
vn 0 -0.9130889403123083 0.40776045305957015
vn 0 -0.9130889403123083 0.40776045305957015
vn 0 0.40776045305957015 0.9130889403123083
vn 0 0.40776045305957015 0.9130889403123083
vn 0 0.40776045305957015 0.9130889403123083
vn 0 0.40776045305957015 0.9130889403123083
vn 0 -0.40776045305957015 -0.9130889403123083
vn 0 -0.40776045305957015 -0.9130889403123083
vn 0 -0.40776045305957015 -0.9130889403123083
vn 0 -0.40776045305957015 -0.9130889403123083
f 2809/2809/2809 2811/2811/2811 2810/2810/2810
f 2811/2811/2811 2812/2812/2812 2810/2810/2810
f 2813/2813/2813 2815/2815/2815 2814/2814/2814
f 2815/2815/2815 2816/2816/2816 2814/2814/2814
f 2817/2817/2817 2819/2819/2819 2818/2818/2818
f 2819/2819/2819 2820/2820/2820 2818/2818/2818
f 2821/2821/2821 2823/2823/2823 2822/2822/2822
f 2823/2823/2823 2824/2824/2824 2822/2822/2822
f 2825/2825/2825 2827/2827/2827 2826/2826/2826
f 2827/2827/2827 2828/2828/2828 2826/2826/2826
f 2829/2829/2829 2831/2831/2831 2830/2830/2830
f 2831/2831/2831 2832/2832/2832 2830/2830/2830
o awning_slat_8
usemtl enamel
v 0.8469999939203263 2.5369014519824673 2.089177660415833
v 0.8469999939203263 2.108752995713452 1.130434316627383
v 0.8469999939203263 2.4912470042865476 2.109565683372617
v 0.8469999939203263 2.0630985480175323 1.1508223395841668
v 0.5405000060796739 2.108752995713452 1.130434316627383
v 0.5405000060796739 2.5369014519824673 2.089177660415833
v 0.5405000060796739 2.0630985480175323 1.1508223395841668
v 0.5405000060796739 2.4912470042865476 2.109565683372617
v 0.5405000060796739 2.108752995713452 1.130434316627383
v 0.8469999939203263 2.108752995713452 1.130434316627383
v 0.5405000060796739 2.5369014519824673 2.089177660415833
v 0.8469999939203263 2.5369014519824673 2.089177660415833
v 0.5405000060796739 2.4912470042865476 2.109565683372617
v 0.8469999939203263 2.4912470042865476 2.109565683372617
v 0.5405000060796739 2.0630985480175323 1.1508223395841668
v 0.8469999939203263 2.0630985480175323 1.1508223395841668
v 0.5405000060796739 2.5369014519824673 2.089177660415833
v 0.8469999939203263 2.5369014519824673 2.089177660415833
v 0.5405000060796739 2.4912470042865476 2.109565683372617
v 0.8469999939203263 2.4912470042865476 2.109565683372617
v 0.8469999939203263 2.108752995713452 1.130434316627383
v 0.5405000060796739 2.108752995713452 1.130434316627383
v 0.8469999939203263 2.0630985480175323 1.1508223395841668
v 0.5405000060796739 2.0630985480175323 1.1508223395841668
vt 0 1
vt 1 1
vt 0 0
vt 1 0
vt 0 1
vt 1 1
vt 0 0
vt 1 0
vt 0 1
vt 1 1
vt 0 0
vt 1 0
vt 0 1
vt 1 1
vt 0 0
vt 1 0
vt 0 1
vt 1 1
vt 0 0
vt 1 0
vt 0 1
vt 1 1
vt 0 0
vt 1 0
vn 1 0 0
vn 1 0 0
vn 1 0 0
vn 1 0 0
vn -1 0 0
vn -1 0 0
vn -1 0 0
vn -1 0 0
vn 0 0.9130889403123083 -0.40776045305957015
vn 0 0.9130889403123083 -0.40776045305957015
vn 0 0.9130889403123083 -0.40776045305957015
vn 0 0.9130889403123083 -0.40776045305957015
vn 0 -0.9130889403123083 0.40776045305957015
vn 0 -0.9130889403123083 0.40776045305957015
vn 0 -0.9130889403123083 0.40776045305957015
vn 0 -0.9130889403123083 0.40776045305957015
vn 0 0.40776045305957015 0.9130889403123083
vn 0 0.40776045305957015 0.9130889403123083
vn 0 0.40776045305957015 0.9130889403123083
vn 0 0.40776045305957015 0.9130889403123083
vn 0 -0.40776045305957015 -0.9130889403123083
vn 0 -0.40776045305957015 -0.9130889403123083
vn 0 -0.40776045305957015 -0.9130889403123083
vn 0 -0.40776045305957015 -0.9130889403123083
f 2833/2833/2833 2835/2835/2835 2834/2834/2834
f 2835/2835/2835 2836/2836/2836 2834/2834/2834
f 2837/2837/2837 2839/2839/2839 2838/2838/2838
f 2839/2839/2839 2840/2840/2840 2838/2838/2838
f 2841/2841/2841 2843/2843/2843 2842/2842/2842
f 2843/2843/2843 2844/2844/2844 2842/2842/2842
f 2845/2845/2845 2847/2847/2847 2846/2846/2846
f 2847/2847/2847 2848/2848/2848 2846/2846/2846
f 2849/2849/2849 2851/2851/2851 2850/2850/2850
f 2851/2851/2851 2852/2852/2852 2850/2850/2850
f 2853/2853/2853 2855/2855/2855 2854/2854/2854
f 2855/2855/2855 2856/2856/2856 2854/2854/2854
o awning_valance
usemtl paint_red
v 0.8500000000000001 2.1399999982118603 2.0999999995529652
v 0.8500000000000001 2.1399999982118603 2.060000000447035
v 0.8500000000000001 1.980000001788139 2.0999999995529652
v 0.8500000000000001 1.980000001788139 2.060000000447035
v -1.65 2.1399999982118603 2.060000000447035
v -1.65 2.1399999982118603 2.0999999995529652
v -1.65 1.980000001788139 2.060000000447035
v -1.65 1.980000001788139 2.0999999995529652
v -1.65 2.1399999982118603 2.060000000447035
v 0.8500000000000001 2.1399999982118603 2.060000000447035
v -1.65 2.1399999982118603 2.0999999995529652
v 0.8500000000000001 2.1399999982118603 2.0999999995529652
v -1.65 1.980000001788139 2.0999999995529652
v 0.8500000000000001 1.980000001788139 2.0999999995529652
v -1.65 1.980000001788139 2.060000000447035
v 0.8500000000000001 1.980000001788139 2.060000000447035
v -1.65 2.1399999982118603 2.0999999995529652
v 0.8500000000000001 2.1399999982118603 2.0999999995529652
v -1.65 1.980000001788139 2.0999999995529652
v 0.8500000000000001 1.980000001788139 2.0999999995529652
v 0.8500000000000001 2.1399999982118603 2.060000000447035
v -1.65 2.1399999982118603 2.060000000447035
v 0.8500000000000001 1.980000001788139 2.060000000447035
v -1.65 1.980000001788139 2.060000000447035
vt 0 1
vt 1 1
vt 0 0
vt 1 0
vt 0 1
vt 1 1
vt 0 0
vt 1 0
vt 0 1
vt 1 1
vt 0 0
vt 1 0
vt 0 1
vt 1 1
vt 0 0
vt 1 0
vt 0 1
vt 1 1
vt 0 0
vt 1 0
vt 0 1
vt 1 1
vt 0 0
vt 1 0
vn 1 0 0
vn 1 0 0
vn 1 0 0
vn 1 0 0
vn -1 0 0
vn -1 0 0
vn -1 0 0
vn -1 0 0
vn 0 1 0
vn 0 1 0
vn 0 1 0
vn 0 1 0
vn 0 -1 0
vn 0 -1 0
vn 0 -1 0
vn 0 -1 0
vn 0 0 1
vn 0 0 1
vn 0 0 1
vn 0 0 1
vn 0 0 -1
vn 0 0 -1
vn 0 0 -1
vn 0 0 -1
f 2857/2857/2857 2859/2859/2859 2858/2858/2858
f 2859/2859/2859 2860/2860/2860 2858/2858/2858
f 2861/2861/2861 2863/2863/2863 2862/2862/2862
f 2863/2863/2863 2864/2864/2864 2862/2862/2862
f 2865/2865/2865 2867/2867/2867 2866/2866/2866
f 2867/2867/2867 2868/2868/2868 2866/2866/2866
f 2869/2869/2869 2871/2871/2871 2870/2870/2870
f 2871/2871/2871 2872/2872/2872 2870/2870/2870
f 2873/2873/2873 2875/2875/2875 2874/2874/2874
f 2875/2875/2875 2876/2876/2876 2874/2874/2874
f 2877/2877/2877 2879/2879/2879 2878/2878/2878
f 2879/2879/2879 2880/2880/2880 2878/2878/2878
o awning_rod_left
usemtl metal
v -1.5999999999999999 2.584746511287211 1.833774169350876
v -1.5870687248185276 2.586459768373749 1.829937710749037
v -1.5790767561644314 2.590945133143222 1.819893732885216
v -1.5790767561644314 2.5964893492686025 1.807478692660492
v -1.5870687248185276 2.6009747140380752 1.7974347147966712
v -1.5999999999999999 2.602687971124614 1.7935982561948318
v -1.6129312751814722 2.6009747140380752 1.7974347147966712
v -1.6209232438355683 2.5964893492686025 1.807478692660492
v -1.6209232438355683 2.590945133143222 1.819893732885216
v -1.6129312751814722 2.586459768373749 1.829937710749037
v -1.5999999999999999 2.584746511287211 1.833774169350876
v -1.5999999999999999 1.7173120288753863 1.446401743805168
v -1.5870687248185276 1.719025285961925 1.4425652852033286
v -1.5790767561644314 1.7235106507313975 1.4325213073395078
v -1.5790767561644314 1.7290548668567782 1.4201062671147837
v -1.5870687248185276 1.733540231626251 1.4100622892509627
v -1.5999999999999999 1.7352534887127895 1.4062258306491238
v -1.6129312751814722 1.733540231626251 1.4100622892509627
v -1.6209232438355683 1.7290548668567782 1.4201062671147837
v -1.6209232438355683 1.7235106507313975 1.4325213073395078
v -1.6129312751814722 1.719025285961925 1.4425652852033286
v -1.5999999999999999 1.7173120288753863 1.446401743805168
v -1.5999999999999999 2.5937172412059124 1.8136862127728541
v -1.5999999999999999 2.5937172412059124 1.8136862127728541
v -1.5999999999999999 2.5937172412059124 1.8136862127728541
v -1.5999999999999999 2.5937172412059124 1.8136862127728541
v -1.5999999999999999 2.5937172412059124 1.8136862127728541
v -1.5999999999999999 2.5937172412059124 1.8136862127728541
v -1.5999999999999999 2.5937172412059124 1.8136862127728541
v -1.5999999999999999 2.5937172412059124 1.8136862127728541
v -1.5999999999999999 2.5937172412059124 1.8136862127728541
v -1.5999999999999999 2.5937172412059124 1.8136862127728541
v -1.5999999999999999 2.584746511287211 1.833774169350876
v -1.5870687248185276 2.586459768373749 1.829937710749037
v -1.5790767561644314 2.590945133143222 1.819893732885216
v -1.5790767561644314 2.5964893492686025 1.807478692660492
v -1.5870687248185276 2.6009747140380752 1.7974347147966712
v -1.5999999999999999 2.602687971124614 1.7935982561948318
v -1.6129312751814722 2.6009747140380752 1.7974347147966712
v -1.6209232438355683 2.5964893492686025 1.807478692660492
v -1.6209232438355683 2.590945133143222 1.819893732885216
v -1.6129312751814722 2.586459768373749 1.829937710749037
v -1.5999999999999999 2.584746511287211 1.833774169350876
v -1.5999999999999999 1.7262827587940879 1.4263137872271456
v -1.5999999999999999 1.7262827587940879 1.4263137872271456
v -1.5999999999999999 1.7262827587940879 1.4263137872271456
v -1.5999999999999999 1.7262827587940879 1.4263137872271456
v -1.5999999999999999 1.7262827587940879 1.4263137872271456
v -1.5999999999999999 1.7262827587940879 1.4263137872271456
v -1.5999999999999999 1.7262827587940879 1.4263137872271456
v -1.5999999999999999 1.7262827587940879 1.4263137872271456
v -1.5999999999999999 1.7262827587940879 1.4263137872271456
v -1.5999999999999999 1.7262827587940879 1.4263137872271456
v -1.5999999999999999 1.7173120288753863 1.446401743805168
v -1.5870687248185276 1.719025285961925 1.4425652852033286
v -1.5790767561644314 1.7235106507313975 1.4325213073395078
v -1.5790767561644314 1.7290548668567782 1.4201062671147837
v -1.5870687248185276 1.733540231626251 1.4100622892509627
v -1.5999999999999999 1.7352534887127895 1.4062258306491238
v -1.6129312751814722 1.733540231626251 1.4100622892509627
v -1.6209232438355683 1.7290548668567782 1.4201062671147837
v -1.6209232438355683 1.7235106507313975 1.4325213073395078
v -1.6129312751814722 1.719025285961925 1.4425652852033286
v -1.5999999999999999 1.7173120288753863 1.446401743805168
vt 0 1
vt 0.10000000149011612 1
vt 0.20000000298023224 1
vt 0.30000001192092896 1
vt 0.4000000059604645 1
vt 0.5 1
vt 0.6000000238418579 1
vt 0.699999988079071 1
vt 0.800000011920929 1
vt 0.8999999761581421 1
vt 1 1
vt 0 0
vt 0.10000000149011612 0
vt 0.20000000298023224 0
vt 0.30000001192092896 0
vt 0.4000000059604645 0
vt 0.5 0
vt 0.6000000238418579 0
vt 0.699999988079071 0
vt 0.800000011920929 0
vt 0.8999999761581421 0
vt 1 0
vt 0.5 0.5
vt 0.5 0.5
vt 0.5 0.5
vt 0.5 0.5
vt 0.5 0.5
vt 0.5 0.5
vt 0.5 0.5
vt 0.5 0.5
vt 0.5 0.5
vt 0.5 0.5
vt 1 0.5
vt 0.9045084714889526 0.7938926219940186
vt 0.6545084714889526 0.9755282402038574
vt 0.345491498708725 0.9755282402038574
vt 0.09549150615930557 0.7938926219940186
vt 0 0.5
vt 0.09549150615930557 0.20610737800598145
vt 0.345491498708725 0.024471741169691086
vt 0.6545084714889526 0.024471741169691086
vt 0.9045084714889526 0.20610737800598145
vt 1 0.5
vt 0.5 0.5
vt 0.5 0.5
vt 0.5 0.5
vt 0.5 0.5
vt 0.5 0.5
vt 0.5 0.5
vt 0.5 0.5
vt 0.5 0.5
vt 0.5 0.5
vt 0.5 0.5
vt 1 0.5
vt 0.9045084714889526 0.20610737800598145
vt 0.6545084714889526 0.024471741169691086
vt 0.345491498708725 0.024471741169691086
vt 0.09549150615930557 0.20610737800598145
vt 0 0.5
vt 0.09549150615930557 0.7938926219940186
vt 0.345491498708725 0.9755282402038574
vt 0.6545084714889526 0.9755282402038574
vt 0.9045084714889526 0.7938926219940186
vt 1 0.5
vn 0 -0.40776045305957015 0.9130889403123083
vn 0.5877852429542022 -0.3298851389257327 0.7387044762834593
vn 0.9510565161477913 -0.1260049098143686 0.2821600003464325
vn 0.9510565161477913 0.1260049098143686 -0.2821600003464325
vn 0.5877852429542022 0.3298851389257327 -0.7387044762834593
vn 1.2246468525851676e-16 0.40776045305957015 -0.9130889403123083
vn -0.5877852429542022 0.3298851389257327 -0.7387044762834593
vn -0.9510565161477913 0.1260049098143686 -0.2821600003464325
vn -0.9510565161477913 -0.1260049098143686 0.2821600003464325
vn -0.5877852429542022 -0.3298851389257327 0.7387044762834593
vn -2.449293705170335e-16 -0.40776045305957015 0.9130889403123083
vn 0 -0.40776045305957015 0.9130889403123083
vn 0.5877852429542022 -0.3298851389257327 0.7387044762834593
vn 0.9510565161477913 -0.1260049098143686 0.2821600003464325
vn 0.9510565161477913 0.1260049098143686 -0.2821600003464325
vn 0.5877852429542022 0.3298851389257327 -0.7387044762834593
vn 1.2246468525851676e-16 0.40776045305957015 -0.9130889403123083
vn -0.5877852429542022 0.3298851389257327 -0.7387044762834593
vn -0.9510565161477913 0.1260049098143686 -0.2821600003464325
vn -0.9510565161477913 -0.1260049098143686 0.2821600003464325
vn -0.5877852429542022 -0.3298851389257327 0.7387044762834593
vn -2.449293705170335e-16 -0.40776045305957015 0.9130889403123083
vn 0 0.9130889403123083 0.40776045305957015
vn 0 0.9130889403123083 0.40776045305957015
vn 0 0.9130889403123083 0.40776045305957015
vn 0 0.9130889403123083 0.40776045305957015
vn 0 0.9130889403123083 0.40776045305957015
vn 0 0.9130889403123083 0.40776045305957015
vn 0 0.9130889403123083 0.40776045305957015
vn 0 0.9130889403123083 0.40776045305957015
vn 0 0.9130889403123083 0.40776045305957015
vn 0 0.9130889403123083 0.40776045305957015
vn 0 0.9130889403123083 0.40776045305957015
vn 0 0.9130889403123083 0.40776045305957015
vn 0 0.9130889403123083 0.40776045305957015
vn 0 0.9130889403123083 0.40776045305957015
vn 0 0.9130889403123083 0.40776045305957015
vn 0 0.9130889403123083 0.40776045305957015
vn 0 0.9130889403123083 0.40776045305957015
vn 0 0.9130889403123083 0.40776045305957015
vn 0 0.9130889403123083 0.40776045305957015
vn 0 0.9130889403123083 0.40776045305957015
vn 0 0.9130889403123083 0.40776045305957015
vn 0 -0.9130889403123083 -0.40776045305957015
vn 0 -0.9130889403123083 -0.40776045305957015
vn 0 -0.9130889403123083 -0.40776045305957015
vn 0 -0.9130889403123083 -0.40776045305957015
vn 0 -0.9130889403123083 -0.40776045305957015
vn 0 -0.9130889403123083 -0.40776045305957015
vn 0 -0.9130889403123083 -0.40776045305957015
vn 0 -0.9130889403123083 -0.40776045305957015
vn 0 -0.9130889403123083 -0.40776045305957015
vn 0 -0.9130889403123083 -0.40776045305957015
vn 0 -0.9130889403123083 -0.40776045305957015
vn 0 -0.9130889403123083 -0.40776045305957015
vn 0 -0.9130889403123083 -0.40776045305957015
vn 0 -0.9130889403123083 -0.40776045305957015
vn 0 -0.9130889403123083 -0.40776045305957015
vn 0 -0.9130889403123083 -0.40776045305957015
vn 0 -0.9130889403123083 -0.40776045305957015
vn 0 -0.9130889403123083 -0.40776045305957015
vn 0 -0.9130889403123083 -0.40776045305957015
vn 0 -0.9130889403123083 -0.40776045305957015
vn 0 -0.9130889403123083 -0.40776045305957015
f 2881/2881/2881 2892/2892/2892 2882/2882/2882
f 2892/2892/2892 2893/2893/2893 2882/2882/2882
f 2882/2882/2882 2893/2893/2893 2883/2883/2883
f 2893/2893/2893 2894/2894/2894 2883/2883/2883
f 2883/2883/2883 2894/2894/2894 2884/2884/2884
f 2894/2894/2894 2895/2895/2895 2884/2884/2884
f 2884/2884/2884 2895/2895/2895 2885/2885/2885
f 2895/2895/2895 2896/2896/2896 2885/2885/2885
f 2885/2885/2885 2896/2896/2896 2886/2886/2886
f 2896/2896/2896 2897/2897/2897 2886/2886/2886
f 2886/2886/2886 2897/2897/2897 2887/2887/2887
f 2897/2897/2897 2898/2898/2898 2887/2887/2887
f 2887/2887/2887 2898/2898/2898 2888/2888/2888
f 2898/2898/2898 2899/2899/2899 2888/2888/2888
f 2888/2888/2888 2899/2899/2899 2889/2889/2889
f 2899/2899/2899 2900/2900/2900 2889/2889/2889
f 2889/2889/2889 2900/2900/2900 2890/2890/2890
f 2900/2900/2900 2901/2901/2901 2890/2890/2890
f 2890/2890/2890 2901/2901/2901 2891/2891/2891
f 2901/2901/2901 2902/2902/2902 2891/2891/2891
f 2913/2913/2913 2914/2914/2914 2903/2903/2903
f 2914/2914/2914 2915/2915/2915 2904/2904/2904
f 2915/2915/2915 2916/2916/2916 2905/2905/2905
f 2916/2916/2916 2917/2917/2917 2906/2906/2906
f 2917/2917/2917 2918/2918/2918 2907/2907/2907
f 2918/2918/2918 2919/2919/2919 2908/2908/2908
f 2919/2919/2919 2920/2920/2920 2909/2909/2909
f 2920/2920/2920 2921/2921/2921 2910/2910/2910
f 2921/2921/2921 2922/2922/2922 2911/2911/2911
f 2922/2922/2922 2923/2923/2923 2912/2912/2912
f 2935/2935/2935 2934/2934/2934 2924/2924/2924
f 2936/2936/2936 2935/2935/2935 2925/2925/2925
f 2937/2937/2937 2936/2936/2936 2926/2926/2926
f 2938/2938/2938 2937/2937/2937 2927/2927/2927
f 2939/2939/2939 2938/2938/2938 2928/2928/2928
f 2940/2940/2940 2939/2939/2939 2929/2929/2929
f 2941/2941/2941 2940/2940/2940 2930/2930/2930
f 2942/2942/2942 2941/2941/2941 2931/2931/2931
f 2943/2943/2943 2942/2942/2942 2932/2932/2932
f 2944/2944/2944 2943/2943/2943 2933/2933/2933
o awning_rod_right
usemtl metal
v 0.8 2.584746511287211 1.833774169350876
v 0.8129312751814723 2.586459768373749 1.829937710749037
v 0.8209232438355685 2.590945133143222 1.819893732885216
v 0.8209232438355685 2.5964893492686025 1.807478692660492
v 0.8129312751814723 2.6009747140380752 1.7974347147966712
v 0.8 2.602687971124614 1.7935982561948318
v 0.7870687248185277 2.6009747140380752 1.7974347147966712
v 0.7790767561644316 2.5964893492686025 1.807478692660492
v 0.7790767561644316 2.590945133143222 1.819893732885216
v 0.7870687248185277 2.586459768373749 1.829937710749037
v 0.8 2.584746511287211 1.833774169350876
v 0.8 1.7173120288753863 1.446401743805168
v 0.8129312751814723 1.719025285961925 1.4425652852033286
v 0.8209232438355685 1.7235106507313975 1.4325213073395078
v 0.8209232438355685 1.7290548668567782 1.4201062671147837
v 0.8129312751814723 1.733540231626251 1.4100622892509627
v 0.8 1.7352534887127895 1.4062258306491238
v 0.7870687248185277 1.733540231626251 1.4100622892509627
v 0.7790767561644316 1.7290548668567782 1.4201062671147837
v 0.7790767561644316 1.7235106507313975 1.4325213073395078
v 0.7870687248185277 1.719025285961925 1.4425652852033286
v 0.8 1.7173120288753863 1.446401743805168
v 0.8 2.5937172412059124 1.8136862127728541
v 0.8 2.5937172412059124 1.8136862127728541
v 0.8 2.5937172412059124 1.8136862127728541
v 0.8 2.5937172412059124 1.8136862127728541
v 0.8 2.5937172412059124 1.8136862127728541
v 0.8 2.5937172412059124 1.8136862127728541
v 0.8 2.5937172412059124 1.8136862127728541
v 0.8 2.5937172412059124 1.8136862127728541
v 0.8 2.5937172412059124 1.8136862127728541
v 0.8 2.5937172412059124 1.8136862127728541
v 0.8 2.584746511287211 1.833774169350876
v 0.8129312751814723 2.586459768373749 1.829937710749037
v 0.8209232438355685 2.590945133143222 1.819893732885216
v 0.8209232438355685 2.5964893492686025 1.807478692660492
v 0.8129312751814723 2.6009747140380752 1.7974347147966712
v 0.8 2.602687971124614 1.7935982561948318
v 0.7870687248185277 2.6009747140380752 1.7974347147966712
v 0.7790767561644316 2.5964893492686025 1.807478692660492
v 0.7790767561644316 2.590945133143222 1.819893732885216
v 0.7870687248185277 2.586459768373749 1.829937710749037
v 0.8 2.584746511287211 1.833774169350876
v 0.8 1.7262827587940879 1.4263137872271456
v 0.8 1.7262827587940879 1.4263137872271456
v 0.8 1.7262827587940879 1.4263137872271456
v 0.8 1.7262827587940879 1.4263137872271456
v 0.8 1.7262827587940879 1.4263137872271456
v 0.8 1.7262827587940879 1.4263137872271456
v 0.8 1.7262827587940879 1.4263137872271456
v 0.8 1.7262827587940879 1.4263137872271456
v 0.8 1.7262827587940879 1.4263137872271456
v 0.8 1.7262827587940879 1.4263137872271456
v 0.8 1.7173120288753863 1.446401743805168
v 0.8129312751814723 1.719025285961925 1.4425652852033286
v 0.8209232438355685 1.7235106507313975 1.4325213073395078
v 0.8209232438355685 1.7290548668567782 1.4201062671147837
v 0.8129312751814723 1.733540231626251 1.4100622892509627
v 0.8 1.7352534887127895 1.4062258306491238
v 0.7870687248185277 1.733540231626251 1.4100622892509627
v 0.7790767561644316 1.7290548668567782 1.4201062671147837
v 0.7790767561644316 1.7235106507313975 1.4325213073395078
v 0.7870687248185277 1.719025285961925 1.4425652852033286
v 0.8 1.7173120288753863 1.446401743805168
vt 0 1
vt 0.10000000149011612 1
vt 0.20000000298023224 1
vt 0.30000001192092896 1
vt 0.4000000059604645 1
vt 0.5 1
vt 0.6000000238418579 1
vt 0.699999988079071 1
vt 0.800000011920929 1
vt 0.8999999761581421 1
vt 1 1
vt 0 0
vt 0.10000000149011612 0
vt 0.20000000298023224 0
vt 0.30000001192092896 0
vt 0.4000000059604645 0
vt 0.5 0
vt 0.6000000238418579 0
vt 0.699999988079071 0
vt 0.800000011920929 0
vt 0.8999999761581421 0
vt 1 0
vt 0.5 0.5
vt 0.5 0.5
vt 0.5 0.5
vt 0.5 0.5
vt 0.5 0.5
vt 0.5 0.5
vt 0.5 0.5
vt 0.5 0.5
vt 0.5 0.5
vt 0.5 0.5
vt 1 0.5
vt 0.9045084714889526 0.7938926219940186
vt 0.6545084714889526 0.9755282402038574
vt 0.345491498708725 0.9755282402038574
vt 0.09549150615930557 0.7938926219940186
vt 0 0.5
vt 0.09549150615930557 0.20610737800598145
vt 0.345491498708725 0.024471741169691086
vt 0.6545084714889526 0.024471741169691086
vt 0.9045084714889526 0.20610737800598145
vt 1 0.5
vt 0.5 0.5
vt 0.5 0.5
vt 0.5 0.5
vt 0.5 0.5
vt 0.5 0.5
vt 0.5 0.5
vt 0.5 0.5
vt 0.5 0.5
vt 0.5 0.5
vt 0.5 0.5
vt 1 0.5
vt 0.9045084714889526 0.20610737800598145
vt 0.6545084714889526 0.024471741169691086
vt 0.345491498708725 0.024471741169691086
vt 0.09549150615930557 0.20610737800598145
vt 0 0.5
vt 0.09549150615930557 0.7938926219940186
vt 0.345491498708725 0.9755282402038574
vt 0.6545084714889526 0.9755282402038574
vt 0.9045084714889526 0.7938926219940186
vt 1 0.5
vn 0 -0.40776045305957015 0.9130889403123083
vn 0.5877852429542022 -0.3298851389257327 0.7387044762834593
vn 0.9510565161477913 -0.1260049098143686 0.2821600003464325
vn 0.9510565161477913 0.1260049098143686 -0.2821600003464325
vn 0.5877852429542022 0.3298851389257327 -0.7387044762834593
vn 1.2246468525851676e-16 0.40776045305957015 -0.9130889403123083
vn -0.5877852429542022 0.3298851389257327 -0.7387044762834593
vn -0.9510565161477913 0.1260049098143686 -0.2821600003464325
vn -0.9510565161477913 -0.1260049098143686 0.2821600003464325
vn -0.5877852429542022 -0.3298851389257327 0.7387044762834593
vn -2.449293705170335e-16 -0.40776045305957015 0.9130889403123083
vn 0 -0.40776045305957015 0.9130889403123083
vn 0.5877852429542022 -0.3298851389257327 0.7387044762834593
vn 0.9510565161477913 -0.1260049098143686 0.2821600003464325
vn 0.9510565161477913 0.1260049098143686 -0.2821600003464325
vn 0.5877852429542022 0.3298851389257327 -0.7387044762834593
vn 1.2246468525851676e-16 0.40776045305957015 -0.9130889403123083
vn -0.5877852429542022 0.3298851389257327 -0.7387044762834593
vn -0.9510565161477913 0.1260049098143686 -0.2821600003464325
vn -0.9510565161477913 -0.1260049098143686 0.2821600003464325
vn -0.5877852429542022 -0.3298851389257327 0.7387044762834593
vn -2.449293705170335e-16 -0.40776045305957015 0.9130889403123083
vn 0 0.9130889403123083 0.40776045305957015
vn 0 0.9130889403123083 0.40776045305957015
vn 0 0.9130889403123083 0.40776045305957015
vn 0 0.9130889403123083 0.40776045305957015
vn 0 0.9130889403123083 0.40776045305957015
vn 0 0.9130889403123083 0.40776045305957015
vn 0 0.9130889403123083 0.40776045305957015
vn 0 0.9130889403123083 0.40776045305957015
vn 0 0.9130889403123083 0.40776045305957015
vn 0 0.9130889403123083 0.40776045305957015
vn 0 0.9130889403123083 0.40776045305957015
vn 0 0.9130889403123083 0.40776045305957015
vn 0 0.9130889403123083 0.40776045305957015
vn 0 0.9130889403123083 0.40776045305957015
vn 0 0.9130889403123083 0.40776045305957015
vn 0 0.9130889403123083 0.40776045305957015
vn 0 0.9130889403123083 0.40776045305957015
vn 0 0.9130889403123083 0.40776045305957015
vn 0 0.9130889403123083 0.40776045305957015
vn 0 0.9130889403123083 0.40776045305957015
vn 0 0.9130889403123083 0.40776045305957015
vn 0 -0.9130889403123083 -0.40776045305957015
vn 0 -0.9130889403123083 -0.40776045305957015
vn 0 -0.9130889403123083 -0.40776045305957015
vn 0 -0.9130889403123083 -0.40776045305957015
vn 0 -0.9130889403123083 -0.40776045305957015
vn 0 -0.9130889403123083 -0.40776045305957015
vn 0 -0.9130889403123083 -0.40776045305957015
vn 0 -0.9130889403123083 -0.40776045305957015
vn 0 -0.9130889403123083 -0.40776045305957015
vn 0 -0.9130889403123083 -0.40776045305957015
vn 0 -0.9130889403123083 -0.40776045305957015
vn 0 -0.9130889403123083 -0.40776045305957015
vn 0 -0.9130889403123083 -0.40776045305957015
vn 0 -0.9130889403123083 -0.40776045305957015
vn 0 -0.9130889403123083 -0.40776045305957015
vn 0 -0.9130889403123083 -0.40776045305957015
vn 0 -0.9130889403123083 -0.40776045305957015
vn 0 -0.9130889403123083 -0.40776045305957015
vn 0 -0.9130889403123083 -0.40776045305957015
vn 0 -0.9130889403123083 -0.40776045305957015
vn 0 -0.9130889403123083 -0.40776045305957015
f 2945/2945/2945 2956/2956/2956 2946/2946/2946
f 2956/2956/2956 2957/2957/2957 2946/2946/2946
f 2946/2946/2946 2957/2957/2957 2947/2947/2947
f 2957/2957/2957 2958/2958/2958 2947/2947/2947
f 2947/2947/2947 2958/2958/2958 2948/2948/2948
f 2958/2958/2958 2959/2959/2959 2948/2948/2948
f 2948/2948/2948 2959/2959/2959 2949/2949/2949
f 2959/2959/2959 2960/2960/2960 2949/2949/2949
f 2949/2949/2949 2960/2960/2960 2950/2950/2950
f 2960/2960/2960 2961/2961/2961 2950/2950/2950
f 2950/2950/2950 2961/2961/2961 2951/2951/2951
f 2961/2961/2961 2962/2962/2962 2951/2951/2951
f 2951/2951/2951 2962/2962/2962 2952/2952/2952
f 2962/2962/2962 2963/2963/2963 2952/2952/2952
f 2952/2952/2952 2963/2963/2963 2953/2953/2953
f 2963/2963/2963 2964/2964/2964 2953/2953/2953
f 2953/2953/2953 2964/2964/2964 2954/2954/2954
f 2964/2964/2964 2965/2965/2965 2954/2954/2954
f 2954/2954/2954 2965/2965/2965 2955/2955/2955
f 2965/2965/2965 2966/2966/2966 2955/2955/2955
f 2977/2977/2977 2978/2978/2978 2967/2967/2967
f 2978/2978/2978 2979/2979/2979 2968/2968/2968
f 2979/2979/2979 2980/2980/2980 2969/2969/2969
f 2980/2980/2980 2981/2981/2981 2970/2970/2970
f 2981/2981/2981 2982/2982/2982 2971/2971/2971
f 2982/2982/2982 2983/2983/2983 2972/2972/2972
f 2983/2983/2983 2984/2984/2984 2973/2973/2973
f 2984/2984/2984 2985/2985/2985 2974/2974/2974
f 2985/2985/2985 2986/2986/2986 2975/2975/2975
f 2986/2986/2986 2987/2987/2987 2976/2976/2976
f 2999/2999/2999 2998/2998/2998 2988/2988/2988
f 3000/3000/3000 2999/2999/2999 2989/2989/2989
f 3001/3001/3001 3000/3000/3000 2990/2990/2990
f 3002/3002/3002 3001/3001/3001 2991/2991/2991
f 3003/3003/3003 3002/3002/3002 2992/2992/2992
f 3004/3004/3004 3003/3003/3003 2993/2993/2993
f 3005/3005/3005 3004/3004/3004 2994/2994/2994
f 3006/3006/3006 3005/3005/3005 2995/2995/2995
f 3007/3007/3007 3006/3006/3006 2996/2996/2996
f 3008/3008/3008 3007/3007/3007 2997/2997/2997
o crate_a_body
usemtl paint_red
v -1.530000001192093 0.32500000536441803 1.9099999964237213
v -1.530000001192093 0.32500000536441803 1.5900000035762787
v -1.530000001192093 0.05499999463558197 1.9099999964237213
v -1.530000001192093 0.05499999463558197 1.5900000035762787
v -1.969999998807907 0.32500000536441803 1.5900000035762787
v -1.969999998807907 0.32500000536441803 1.9099999964237213
v -1.969999998807907 0.05499999463558197 1.5900000035762787
v -1.969999998807907 0.05499999463558197 1.9099999964237213
v -1.969999998807907 0.32500000536441803 1.5900000035762787
v -1.530000001192093 0.32500000536441803 1.5900000035762787
v -1.969999998807907 0.32500000536441803 1.9099999964237213
v -1.530000001192093 0.32500000536441803 1.9099999964237213
v -1.969999998807907 0.05499999463558197 1.9099999964237213
v -1.530000001192093 0.05499999463558197 1.9099999964237213
v -1.969999998807907 0.05499999463558197 1.5900000035762787
v -1.530000001192093 0.05499999463558197 1.5900000035762787
v -1.969999998807907 0.32500000536441803 1.9099999964237213
v -1.530000001192093 0.32500000536441803 1.9099999964237213
v -1.969999998807907 0.05499999463558197 1.9099999964237213
v -1.530000001192093 0.05499999463558197 1.9099999964237213
v -1.530000001192093 0.32500000536441803 1.5900000035762787
v -1.969999998807907 0.32500000536441803 1.5900000035762787
v -1.530000001192093 0.05499999463558197 1.5900000035762787
v -1.969999998807907 0.05499999463558197 1.5900000035762787
vt 0 1
vt 1 1
vt 0 0
vt 1 0
vt 0 1
vt 1 1
vt 0 0
vt 1 0
vt 0 1
vt 1 1
vt 0 0
vt 1 0
vt 0 1
vt 1 1
vt 0 0
vt 1 0
vt 0 1
vt 1 1
vt 0 0
vt 1 0
vt 0 1
vt 1 1
vt 0 0
vt 1 0
vn 1 0 0
vn 1 0 0
vn 1 0 0
vn 1 0 0
vn -1 0 0
vn -1 0 0
vn -1 0 0
vn -1 0 0
vn 0 1 0
vn 0 1 0
vn 0 1 0
vn 0 1 0
vn 0 -1 0
vn 0 -1 0
vn 0 -1 0
vn 0 -1 0
vn 0 0 1
vn 0 0 1
vn 0 0 1
vn 0 0 1
vn 0 0 -1
vn 0 0 -1
vn 0 0 -1
vn 0 0 -1
f 3009/3009/3009 3011/3011/3011 3010/3010/3010
f 3011/3011/3011 3012/3012/3012 3010/3010/3010
f 3013/3013/3013 3015/3015/3015 3014/3014/3014
f 3015/3015/3015 3016/3016/3016 3014/3014/3014
f 3017/3017/3017 3019/3019/3019 3018/3018/3018
f 3019/3019/3019 3020/3020/3020 3018/3018/3018
f 3021/3021/3021 3023/3023/3023 3022/3022/3022
f 3023/3023/3023 3024/3024/3024 3022/3022/3022
f 3025/3025/3025 3027/3027/3027 3026/3026/3026
f 3027/3027/3027 3028/3028/3028 3026/3026/3026
f 3029/3029/3029 3031/3031/3031 3030/3030/3030
f 3031/3031/3031 3032/3032/3032 3030/3030/3030
o crate_a_rim
usemtl paint_red
v -1.5199999958276749 0.34500000037252904 1.9200000017881393
v -1.5199999958276749 0.34500000037252904 1.5799999982118607
v -1.5199999958276749 0.294999999627471 1.9200000017881393
v -1.5199999958276749 0.294999999627471 1.5799999982118607
v -1.9800000041723251 0.34500000037252904 1.5799999982118607
v -1.9800000041723251 0.34500000037252904 1.9200000017881393
v -1.9800000041723251 0.294999999627471 1.5799999982118607
v -1.9800000041723251 0.294999999627471 1.9200000017881393
v -1.9800000041723251 0.34500000037252904 1.5799999982118607
v -1.5199999958276749 0.34500000037252904 1.5799999982118607
v -1.9800000041723251 0.34500000037252904 1.9200000017881393
v -1.5199999958276749 0.34500000037252904 1.9200000017881393
v -1.9800000041723251 0.294999999627471 1.9200000017881393
v -1.5199999958276749 0.294999999627471 1.9200000017881393
v -1.9800000041723251 0.294999999627471 1.5799999982118607
v -1.5199999958276749 0.294999999627471 1.5799999982118607
v -1.9800000041723251 0.34500000037252904 1.9200000017881393
v -1.5199999958276749 0.34500000037252904 1.9200000017881393
v -1.9800000041723251 0.294999999627471 1.9200000017881393
v -1.5199999958276749 0.294999999627471 1.9200000017881393
v -1.5199999958276749 0.34500000037252904 1.5799999982118607
v -1.9800000041723251 0.34500000037252904 1.5799999982118607
v -1.5199999958276749 0.294999999627471 1.5799999982118607
v -1.9800000041723251 0.294999999627471 1.5799999982118607
vt 0 1
vt 1 1
vt 0 0
vt 1 0
vt 0 1
vt 1 1
vt 0 0
vt 1 0
vt 0 1
vt 1 1
vt 0 0
vt 1 0
vt 0 1
vt 1 1
vt 0 0
vt 1 0
vt 0 1
vt 1 1
vt 0 0
vt 1 0
vt 0 1
vt 1 1
vt 0 0
vt 1 0
vn 1 0 0
vn 1 0 0
vn 1 0 0
vn 1 0 0
vn -1 0 0
vn -1 0 0
vn -1 0 0
vn -1 0 0
vn 0 1 0
vn 0 1 0
vn 0 1 0
vn 0 1 0
vn 0 -1 0
vn 0 -1 0
vn 0 -1 0
vn 0 -1 0
vn 0 0 1
vn 0 0 1
vn 0 0 1
vn 0 0 1
vn 0 0 -1
vn 0 0 -1
vn 0 0 -1
vn 0 0 -1
f 3033/3033/3033 3035/3035/3035 3034/3034/3034
f 3035/3035/3035 3036/3036/3036 3034/3034/3034
f 3037/3037/3037 3039/3039/3039 3038/3038/3038
f 3039/3039/3039 3040/3040/3040 3038/3038/3038
f 3041/3041/3041 3043/3043/3043 3042/3042/3042
f 3043/3043/3043 3044/3044/3044 3042/3042/3042
f 3045/3045/3045 3047/3047/3047 3046/3046/3046
f 3047/3047/3047 3048/3048/3048 3046/3046/3046
f 3049/3049/3049 3051/3051/3051 3050/3050/3050
f 3051/3051/3051 3052/3052/3052 3050/3050/3050
f 3053/3053/3053 3055/3055/3055 3054/3054/3054
f 3055/3055/3055 3056/3056/3056 3054/3054/3054
o crate_a_cap_1
usemtl enamel
v -1.9 0.34999999966472384 1.7120000015199184
v -1.8839999992400407 0.34999999966472384 1.7077128126472234
v -1.8722871873527764 0.34999999966472384 1.6960000007599592
v -1.8679999984800815 0.34999999966472384 1.68
v -1.8722871873527764 0.34999999966472384 1.6639999992400407
v -1.8839999992400407 0.34999999966472384 1.6522871873527765
v -1.9 0.34999999966472384 1.6479999984800815
v -1.9160000007599591 0.34999999966472384 1.6522871873527765
v -1.9277128126472234 0.34999999966472384 1.6639999992400407
v -1.9320000015199184 0.34999999966472384 1.68
v -1.9277128126472234 0.34999999966472384 1.6960000007599592
v -1.9160000007599591 0.34999999966472384 1.7077128126472234
v -1.9 0.34999999966472384 1.7120000015199184
v -1.9 0.3200000003352761 1.7120000015199184
v -1.8839999992400407 0.3200000003352761 1.7077128126472234
v -1.8722871873527764 0.3200000003352761 1.6960000007599592
v -1.8679999984800815 0.3200000003352761 1.68
v -1.8722871873527764 0.3200000003352761 1.6639999992400407
v -1.8839999992400407 0.3200000003352761 1.6522871873527765
v -1.9 0.3200000003352761 1.6479999984800815
v -1.9160000007599591 0.3200000003352761 1.6522871873527765
v -1.9277128126472234 0.3200000003352761 1.6639999992400407
v -1.9320000015199184 0.3200000003352761 1.68
v -1.9277128126472234 0.3200000003352761 1.6960000007599592
v -1.9160000007599591 0.3200000003352761 1.7077128126472234
v -1.9 0.3200000003352761 1.7120000015199184
v -1.9 0.34999999966472384 1.68
v -1.9 0.34999999966472384 1.68
v -1.9 0.34999999966472384 1.68
v -1.9 0.34999999966472384 1.68
v -1.9 0.34999999966472384 1.68
v -1.9 0.34999999966472384 1.68
v -1.9 0.34999999966472384 1.68
v -1.9 0.34999999966472384 1.68
v -1.9 0.34999999966472384 1.68
v -1.9 0.34999999966472384 1.68
v -1.9 0.34999999966472384 1.68
v -1.9 0.34999999966472384 1.68
v -1.9 0.34999999966472384 1.7120000015199184
v -1.8839999992400407 0.34999999966472384 1.7077128126472234
v -1.8722871873527764 0.34999999966472384 1.6960000007599592
v -1.8679999984800815 0.34999999966472384 1.68
v -1.8722871873527764 0.34999999966472384 1.6639999992400407
v -1.8839999992400407 0.34999999966472384 1.6522871873527765
v -1.9 0.34999999966472384 1.6479999984800815
v -1.9160000007599591 0.34999999966472384 1.6522871873527765
v -1.9277128126472234 0.34999999966472384 1.6639999992400407
v -1.9320000015199184 0.34999999966472384 1.68
v -1.9277128126472234 0.34999999966472384 1.6960000007599592
v -1.9160000007599591 0.34999999966472384 1.7077128126472234
v -1.9 0.34999999966472384 1.7120000015199184
v -1.9 0.3200000003352761 1.68
v -1.9 0.3200000003352761 1.68
v -1.9 0.3200000003352761 1.68
v -1.9 0.3200000003352761 1.68
v -1.9 0.3200000003352761 1.68
v -1.9 0.3200000003352761 1.68
v -1.9 0.3200000003352761 1.68
v -1.9 0.3200000003352761 1.68
v -1.9 0.3200000003352761 1.68
v -1.9 0.3200000003352761 1.68
v -1.9 0.3200000003352761 1.68
v -1.9 0.3200000003352761 1.68
v -1.9 0.3200000003352761 1.7120000015199184
v -1.8839999992400407 0.3200000003352761 1.7077128126472234
v -1.8722871873527764 0.3200000003352761 1.6960000007599592
v -1.8679999984800815 0.3200000003352761 1.68
v -1.8722871873527764 0.3200000003352761 1.6639999992400407
v -1.8839999992400407 0.3200000003352761 1.6522871873527765
v -1.9 0.3200000003352761 1.6479999984800815
v -1.9160000007599591 0.3200000003352761 1.6522871873527765
v -1.9277128126472234 0.3200000003352761 1.6639999992400407
v -1.9320000015199184 0.3200000003352761 1.68
v -1.9277128126472234 0.3200000003352761 1.6960000007599592
v -1.9160000007599591 0.3200000003352761 1.7077128126472234
v -1.9 0.3200000003352761 1.7120000015199184
vt 0 1
vt 0.0833333358168602 1
vt 0.1666666716337204 1
vt 0.25 1
vt 0.3333333432674408 1
vt 0.4166666567325592 1
vt 0.5 1
vt 0.5833333134651184 1
vt 0.6666666865348816 1
vt 0.75 1
vt 0.8333333134651184 1
vt 0.9166666865348816 1
vt 1 1
vt 0 0
vt 0.0833333358168602 0
vt 0.1666666716337204 0
vt 0.25 0
vt 0.3333333432674408 0
vt 0.4166666567325592 0
vt 0.5 0
vt 0.5833333134651184 0
vt 0.6666666865348816 0
vt 0.75 0
vt 0.8333333134651184 0
vt 0.9166666865348816 0
vt 1 0
vt 0.5 0.5
vt 0.5 0.5
vt 0.5 0.5
vt 0.5 0.5
vt 0.5 0.5
vt 0.5 0.5
vt 0.5 0.5
vt 0.5 0.5
vt 0.5 0.5
vt 0.5 0.5
vt 0.5 0.5
vt 0.5 0.5
vt 1 0.5
vt 0.9330127239227295 0.75
vt 0.75 0.9330127239227295
vt 0.5 1
vt 0.25 0.9330127239227295
vt 0.0669872984290123 0.75
vt 0 0.5
vt 0.0669872984290123 0.25
vt 0.25 0.0669872984290123
vt 0.5 0
vt 0.75 0.0669872984290123
vt 0.9330127239227295 0.25
vt 1 0.5
vt 0.5 0.5
vt 0.5 0.5
vt 0.5 0.5
vt 0.5 0.5
vt 0.5 0.5
vt 0.5 0.5
vt 0.5 0.5
vt 0.5 0.5
vt 0.5 0.5
vt 0.5 0.5
vt 0.5 0.5
vt 0.5 0.5
vt 1 0.5
vt 0.9330127239227295 0.25
vt 0.75 0.0669872984290123
vt 0.5 0
vt 0.25 0.0669872984290123
vt 0.0669872984290123 0.25
vt 0 0.5
vt 0.0669872984290123 0.75
vt 0.25 0.9330127239227295
vt 0.5 1
vt 0.75 0.9330127239227295
vt 0.9330127239227295 0.75
vt 1 0.5
vn 0 0 1
vn 0.5000000067305869 0 0.8660253998985324
vn 0.8660253998985324 0 0.5000000067305869
vn 1 0 6.123234262925839e-17
vn 0.8660253998985324 0 -0.5000000067305869
vn 0.5000000067305869 0 -0.8660253998985324
vn 1.2246468525851679e-16 0 -1
vn -0.5000000067305869 0 -0.8660253998985324
vn -0.8660253998985324 0 -0.5000000067305869
vn -1 0 -1.8369701465288538e-16
vn -0.8660253998985324 0 0.5000000067305869
vn -0.5000000067305869 0 0.8660253998985324
vn -2.4492937051703357e-16 0 1
vn 0 0 1
vn 0.5000000067305869 0 0.8660253998985324
vn 0.8660253998985324 0 0.5000000067305869
vn 1 0 6.123234262925839e-17
vn 0.8660253998985324 0 -0.5000000067305869
vn 0.5000000067305869 0 -0.8660253998985324
vn 1.2246468525851679e-16 0 -1
vn -0.5000000067305869 0 -0.8660253998985324
vn -0.8660253998985324 0 -0.5000000067305869
vn -1 0 -1.8369701465288538e-16
vn -0.8660253998985324 0 0.5000000067305869
vn -0.5000000067305869 0 0.8660253998985324
vn -2.4492937051703357e-16 0 1
vn 0 1 0
vn 0 1 0
vn 0 1 0
vn 0 1 0
vn 0 1 0
vn 0 1 0
vn 0 1 0
vn 0 1 0
vn 0 1 0
vn 0 1 0
vn 0 1 0
vn 0 1 0
vn 0 1 0
vn 0 1 0
vn 0 1 0
vn 0 1 0
vn 0 1 0
vn 0 1 0
vn 0 1 0
vn 0 1 0
vn 0 1 0
vn 0 1 0
vn 0 1 0
vn 0 1 0
vn 0 1 0
vn 0 -1 0
vn 0 -1 0
vn 0 -1 0
vn 0 -1 0
vn 0 -1 0
vn 0 -1 0
vn 0 -1 0
vn 0 -1 0
vn 0 -1 0
vn 0 -1 0
vn 0 -1 0
vn 0 -1 0
vn 0 -1 0
vn 0 -1 0
vn 0 -1 0
vn 0 -1 0
vn 0 -1 0
vn 0 -1 0
vn 0 -1 0
vn 0 -1 0
vn 0 -1 0
vn 0 -1 0
vn 0 -1 0
vn 0 -1 0
vn 0 -1 0
f 3057/3057/3057 3070/3070/3070 3058/3058/3058
f 3070/3070/3070 3071/3071/3071 3058/3058/3058
f 3058/3058/3058 3071/3071/3071 3059/3059/3059
f 3071/3071/3071 3072/3072/3072 3059/3059/3059
f 3059/3059/3059 3072/3072/3072 3060/3060/3060
f 3072/3072/3072 3073/3073/3073 3060/3060/3060
f 3060/3060/3060 3073/3073/3073 3061/3061/3061
f 3073/3073/3073 3074/3074/3074 3061/3061/3061
f 3061/3061/3061 3074/3074/3074 3062/3062/3062
f 3074/3074/3074 3075/3075/3075 3062/3062/3062
f 3062/3062/3062 3075/3075/3075 3063/3063/3063
f 3075/3075/3075 3076/3076/3076 3063/3063/3063
f 3063/3063/3063 3076/3076/3076 3064/3064/3064
f 3076/3076/3076 3077/3077/3077 3064/3064/3064
f 3064/3064/3064 3077/3077/3077 3065/3065/3065
f 3077/3077/3077 3078/3078/3078 3065/3065/3065
f 3065/3065/3065 3078/3078/3078 3066/3066/3066
f 3078/3078/3078 3079/3079/3079 3066/3066/3066
f 3066/3066/3066 3079/3079/3079 3067/3067/3067
f 3079/3079/3079 3080/3080/3080 3067/3067/3067
f 3067/3067/3067 3080/3080/3080 3068/3068/3068
f 3080/3080/3080 3081/3081/3081 3068/3068/3068
f 3068/3068/3068 3081/3081/3081 3069/3069/3069
f 3081/3081/3081 3082/3082/3082 3069/3069/3069
f 3095/3095/3095 3096/3096/3096 3083/3083/3083
f 3096/3096/3096 3097/3097/3097 3084/3084/3084
f 3097/3097/3097 3098/3098/3098 3085/3085/3085
f 3098/3098/3098 3099/3099/3099 3086/3086/3086
f 3099/3099/3099 3100/3100/3100 3087/3087/3087
f 3100/3100/3100 3101/3101/3101 3088/3088/3088
f 3101/3101/3101 3102/3102/3102 3089/3089/3089
f 3102/3102/3102 3103/3103/3103 3090/3090/3090
f 3103/3103/3103 3104/3104/3104 3091/3091/3091
f 3104/3104/3104 3105/3105/3105 3092/3092/3092
f 3105/3105/3105 3106/3106/3106 3093/3093/3093
f 3106/3106/3106 3107/3107/3107 3094/3094/3094
f 3121/3121/3121 3120/3120/3120 3108/3108/3108
f 3122/3122/3122 3121/3121/3121 3109/3109/3109
f 3123/3123/3123 3122/3122/3122 3110/3110/3110
f 3124/3124/3124 3123/3123/3123 3111/3111/3111
f 3125/3125/3125 3124/3124/3124 3112/3112/3112
f 3126/3126/3126 3125/3125/3125 3113/3113/3113
f 3127/3127/3127 3126/3126/3126 3114/3114/3114
f 3128/3128/3128 3127/3127/3127 3115/3115/3115
f 3129/3129/3129 3128/3128/3128 3116/3116/3116
f 3130/3130/3130 3129/3129/3129 3117/3117/3117
f 3131/3131/3131 3130/3130/3130 3118/3118/3118
f 3132/3132/3132 3131/3131/3131 3119/3119/3119
o crate_a_cap_2
usemtl enamel
v -1.8 0.34999999966472384 1.7120000015199184
v -1.7839999992400408 0.34999999966472384 1.7077128126472234
v -1.7722871873527766 0.34999999966472384 1.6960000007599592
v -1.7679999984800816 0.34999999966472384 1.68
v -1.7722871873527766 0.34999999966472384 1.6639999992400407
v -1.7839999992400408 0.34999999966472384 1.6522871873527765
v -1.8 0.34999999966472384 1.6479999984800815
v -1.8160000007599593 0.34999999966472384 1.6522871873527765
v -1.8277128126472235 0.34999999966472384 1.6639999992400407
v -1.8320000015199185 0.34999999966472384 1.68
v -1.8277128126472235 0.34999999966472384 1.6960000007599592
v -1.8160000007599593 0.34999999966472384 1.7077128126472234
v -1.8 0.34999999966472384 1.7120000015199184
v -1.8 0.3200000003352761 1.7120000015199184
v -1.7839999992400408 0.3200000003352761 1.7077128126472234
v -1.7722871873527766 0.3200000003352761 1.6960000007599592
v -1.7679999984800816 0.3200000003352761 1.68
v -1.7722871873527766 0.3200000003352761 1.6639999992400407
v -1.7839999992400408 0.3200000003352761 1.6522871873527765
v -1.8 0.3200000003352761 1.6479999984800815
v -1.8160000007599593 0.3200000003352761 1.6522871873527765
v -1.8277128126472235 0.3200000003352761 1.6639999992400407
v -1.8320000015199185 0.3200000003352761 1.68
v -1.8277128126472235 0.3200000003352761 1.6960000007599592
v -1.8160000007599593 0.3200000003352761 1.7077128126472234
v -1.8 0.3200000003352761 1.7120000015199184
v -1.8 0.34999999966472384 1.68
v -1.8 0.34999999966472384 1.68
v -1.8 0.34999999966472384 1.68
v -1.8 0.34999999966472384 1.68
v -1.8 0.34999999966472384 1.68
v -1.8 0.34999999966472384 1.68
v -1.8 0.34999999966472384 1.68
v -1.8 0.34999999966472384 1.68
v -1.8 0.34999999966472384 1.68
v -1.8 0.34999999966472384 1.68
v -1.8 0.34999999966472384 1.68
v -1.8 0.34999999966472384 1.68
v -1.8 0.34999999966472384 1.7120000015199184
v -1.7839999992400408 0.34999999966472384 1.7077128126472234
v -1.7722871873527766 0.34999999966472384 1.6960000007599592
v -1.7679999984800816 0.34999999966472384 1.68
v -1.7722871873527766 0.34999999966472384 1.6639999992400407
v -1.7839999992400408 0.34999999966472384 1.6522871873527765
v -1.8 0.34999999966472384 1.6479999984800815
v -1.8160000007599593 0.34999999966472384 1.6522871873527765
v -1.8277128126472235 0.34999999966472384 1.6639999992400407
v -1.8320000015199185 0.34999999966472384 1.68
v -1.8277128126472235 0.34999999966472384 1.6960000007599592
v -1.8160000007599593 0.34999999966472384 1.7077128126472234
v -1.8 0.34999999966472384 1.7120000015199184
v -1.8 0.3200000003352761 1.68
v -1.8 0.3200000003352761 1.68
v -1.8 0.3200000003352761 1.68
v -1.8 0.3200000003352761 1.68
v -1.8 0.3200000003352761 1.68
v -1.8 0.3200000003352761 1.68
v -1.8 0.3200000003352761 1.68
v -1.8 0.3200000003352761 1.68
v -1.8 0.3200000003352761 1.68
v -1.8 0.3200000003352761 1.68
v -1.8 0.3200000003352761 1.68
v -1.8 0.3200000003352761 1.68
v -1.8 0.3200000003352761 1.7120000015199184
v -1.7839999992400408 0.3200000003352761 1.7077128126472234
v -1.7722871873527766 0.3200000003352761 1.6960000007599592
v -1.7679999984800816 0.3200000003352761 1.68
v -1.7722871873527766 0.3200000003352761 1.6639999992400407
v -1.7839999992400408 0.3200000003352761 1.6522871873527765
v -1.8 0.3200000003352761 1.6479999984800815
v -1.8160000007599593 0.3200000003352761 1.6522871873527765
v -1.8277128126472235 0.3200000003352761 1.6639999992400407
v -1.8320000015199185 0.3200000003352761 1.68
v -1.8277128126472235 0.3200000003352761 1.6960000007599592
v -1.8160000007599593 0.3200000003352761 1.7077128126472234
v -1.8 0.3200000003352761 1.7120000015199184
vt 0 1
vt 0.0833333358168602 1
vt 0.1666666716337204 1
vt 0.25 1
vt 0.3333333432674408 1
vt 0.4166666567325592 1
vt 0.5 1
vt 0.5833333134651184 1
vt 0.6666666865348816 1
vt 0.75 1
vt 0.8333333134651184 1
vt 0.9166666865348816 1
vt 1 1
vt 0 0
vt 0.0833333358168602 0
vt 0.1666666716337204 0
vt 0.25 0
vt 0.3333333432674408 0
vt 0.4166666567325592 0
vt 0.5 0
vt 0.5833333134651184 0
vt 0.6666666865348816 0
vt 0.75 0
vt 0.8333333134651184 0
vt 0.9166666865348816 0
vt 1 0
vt 0.5 0.5
vt 0.5 0.5
vt 0.5 0.5
vt 0.5 0.5
vt 0.5 0.5
vt 0.5 0.5
vt 0.5 0.5
vt 0.5 0.5
vt 0.5 0.5
vt 0.5 0.5
vt 0.5 0.5
vt 0.5 0.5
vt 1 0.5
vt 0.9330127239227295 0.75
vt 0.75 0.9330127239227295
vt 0.5 1
vt 0.25 0.9330127239227295
vt 0.0669872984290123 0.75
vt 0 0.5
vt 0.0669872984290123 0.25
vt 0.25 0.0669872984290123
vt 0.5 0
vt 0.75 0.0669872984290123
vt 0.9330127239227295 0.25
vt 1 0.5
vt 0.5 0.5
vt 0.5 0.5
vt 0.5 0.5
vt 0.5 0.5
vt 0.5 0.5
vt 0.5 0.5
vt 0.5 0.5
vt 0.5 0.5
vt 0.5 0.5
vt 0.5 0.5
vt 0.5 0.5
vt 0.5 0.5
vt 1 0.5
vt 0.9330127239227295 0.25
vt 0.75 0.0669872984290123
vt 0.5 0
vt 0.25 0.0669872984290123
vt 0.0669872984290123 0.25
vt 0 0.5
vt 0.0669872984290123 0.75
vt 0.25 0.9330127239227295
vt 0.5 1
vt 0.75 0.9330127239227295
vt 0.9330127239227295 0.75
vt 1 0.5
vn 0 0 1
vn 0.5000000067305869 0 0.8660253998985324
vn 0.8660253998985324 0 0.5000000067305869
vn 1 0 6.123234262925839e-17
vn 0.8660253998985324 0 -0.5000000067305869
vn 0.5000000067305869 0 -0.8660253998985324
vn 1.2246468525851679e-16 0 -1
vn -0.5000000067305869 0 -0.8660253998985324
vn -0.8660253998985324 0 -0.5000000067305869
vn -1 0 -1.8369701465288538e-16
vn -0.8660253998985324 0 0.5000000067305869
vn -0.5000000067305869 0 0.8660253998985324
vn -2.4492937051703357e-16 0 1
vn 0 0 1
vn 0.5000000067305869 0 0.8660253998985324
vn 0.8660253998985324 0 0.5000000067305869
vn 1 0 6.123234262925839e-17
vn 0.8660253998985324 0 -0.5000000067305869
vn 0.5000000067305869 0 -0.8660253998985324
vn 1.2246468525851679e-16 0 -1
vn -0.5000000067305869 0 -0.8660253998985324
vn -0.8660253998985324 0 -0.5000000067305869
vn -1 0 -1.8369701465288538e-16
vn -0.8660253998985324 0 0.5000000067305869
vn -0.5000000067305869 0 0.8660253998985324
vn -2.4492937051703357e-16 0 1
vn 0 1 0
vn 0 1 0
vn 0 1 0
vn 0 1 0
vn 0 1 0
vn 0 1 0
vn 0 1 0
vn 0 1 0
vn 0 1 0
vn 0 1 0
vn 0 1 0
vn 0 1 0
vn 0 1 0
vn 0 1 0
vn 0 1 0
vn 0 1 0
vn 0 1 0
vn 0 1 0
vn 0 1 0
vn 0 1 0
vn 0 1 0
vn 0 1 0
vn 0 1 0
vn 0 1 0
vn 0 1 0
vn 0 -1 0
vn 0 -1 0
vn 0 -1 0
vn 0 -1 0
vn 0 -1 0
vn 0 -1 0
vn 0 -1 0
vn 0 -1 0
vn 0 -1 0
vn 0 -1 0
vn 0 -1 0
vn 0 -1 0
vn 0 -1 0
vn 0 -1 0
vn 0 -1 0
vn 0 -1 0
vn 0 -1 0
vn 0 -1 0
vn 0 -1 0
vn 0 -1 0
vn 0 -1 0
vn 0 -1 0
vn 0 -1 0
vn 0 -1 0
vn 0 -1 0
f 3133/3133/3133 3146/3146/3146 3134/3134/3134
f 3146/3146/3146 3147/3147/3147 3134/3134/3134
f 3134/3134/3134 3147/3147/3147 3135/3135/3135
f 3147/3147/3147 3148/3148/3148 3135/3135/3135
f 3135/3135/3135 3148/3148/3148 3136/3136/3136
f 3148/3148/3148 3149/3149/3149 3136/3136/3136
f 3136/3136/3136 3149/3149/3149 3137/3137/3137
f 3149/3149/3149 3150/3150/3150 3137/3137/3137
f 3137/3137/3137 3150/3150/3150 3138/3138/3138
f 3150/3150/3150 3151/3151/3151 3138/3138/3138
f 3138/3138/3138 3151/3151/3151 3139/3139/3139
f 3151/3151/3151 3152/3152/3152 3139/3139/3139
f 3139/3139/3139 3152/3152/3152 3140/3140/3140
f 3152/3152/3152 3153/3153/3153 3140/3140/3140
f 3140/3140/3140 3153/3153/3153 3141/3141/3141
f 3153/3153/3153 3154/3154/3154 3141/3141/3141
f 3141/3141/3141 3154/3154/3154 3142/3142/3142
f 3154/3154/3154 3155/3155/3155 3142/3142/3142
f 3142/3142/3142 3155/3155/3155 3143/3143/3143
f 3155/3155/3155 3156/3156/3156 3143/3143/3143
f 3143/3143/3143 3156/3156/3156 3144/3144/3144
f 3156/3156/3156 3157/3157/3157 3144/3144/3144
f 3144/3144/3144 3157/3157/3157 3145/3145/3145
f 3157/3157/3157 3158/3158/3158 3145/3145/3145
f 3171/3171/3171 3172/3172/3172 3159/3159/3159
f 3172/3172/3172 3173/3173/3173 3160/3160/3160
f 3173/3173/3173 3174/3174/3174 3161/3161/3161
f 3174/3174/3174 3175/3175/3175 3162/3162/3162
f 3175/3175/3175 3176/3176/3176 3163/3163/3163
f 3176/3176/3176 3177/3177/3177 3164/3164/3164
f 3177/3177/3177 3178/3178/3178 3165/3165/3165
f 3178/3178/3178 3179/3179/3179 3166/3166/3166
f 3179/3179/3179 3180/3180/3180 3167/3167/3167
f 3180/3180/3180 3181/3181/3181 3168/3168/3168
f 3181/3181/3181 3182/3182/3182 3169/3169/3169
f 3182/3182/3182 3183/3183/3183 3170/3170/3170
f 3197/3197/3197 3196/3196/3196 3184/3184/3184
f 3198/3198/3198 3197/3197/3197 3185/3185/3185
f 3199/3199/3199 3198/3198/3198 3186/3186/3186
f 3200/3200/3200 3199/3199/3199 3187/3187/3187
f 3201/3201/3201 3200/3200/3200 3188/3188/3188
f 3202/3202/3202 3201/3201/3201 3189/3189/3189
f 3203/3203/3203 3202/3202/3202 3190/3190/3190
f 3204/3204/3204 3203/3203/3203 3191/3191/3191
f 3205/3205/3205 3204/3204/3204 3192/3192/3192
f 3206/3206/3206 3205/3205/3205 3193/3193/3193
f 3207/3207/3207 3206/3206/3206 3194/3194/3194
f 3208/3208/3208 3207/3207/3207 3195/3195/3195
o crate_a_cap_3
usemtl enamel
v -1.7 0.34999999966472384 1.7120000015199184
v -1.6839999992400407 0.34999999966472384 1.7077128126472234
v -1.6722871873527765 0.34999999966472384 1.6960000007599592
v -1.6679999984800815 0.34999999966472384 1.68
v -1.6722871873527765 0.34999999966472384 1.6639999992400407
v -1.6839999992400407 0.34999999966472384 1.6522871873527765
v -1.7 0.34999999966472384 1.6479999984800815
v -1.7160000007599592 0.34999999966472384 1.6522871873527765
v -1.7277128126472234 0.34999999966472384 1.6639999992400407
v -1.7320000015199184 0.34999999966472384 1.68
v -1.7277128126472234 0.34999999966472384 1.6960000007599592
v -1.7160000007599592 0.34999999966472384 1.7077128126472234
v -1.7 0.34999999966472384 1.7120000015199184
v -1.7 0.3200000003352761 1.7120000015199184
v -1.6839999992400407 0.3200000003352761 1.7077128126472234
v -1.6722871873527765 0.3200000003352761 1.6960000007599592
v -1.6679999984800815 0.3200000003352761 1.68
v -1.6722871873527765 0.3200000003352761 1.6639999992400407
v -1.6839999992400407 0.3200000003352761 1.6522871873527765
v -1.7 0.3200000003352761 1.6479999984800815
v -1.7160000007599592 0.3200000003352761 1.6522871873527765
v -1.7277128126472234 0.3200000003352761 1.6639999992400407
v -1.7320000015199184 0.3200000003352761 1.68
v -1.7277128126472234 0.3200000003352761 1.6960000007599592
v -1.7160000007599592 0.3200000003352761 1.7077128126472234
v -1.7 0.3200000003352761 1.7120000015199184
v -1.7 0.34999999966472384 1.68
v -1.7 0.34999999966472384 1.68
v -1.7 0.34999999966472384 1.68
v -1.7 0.34999999966472384 1.68
v -1.7 0.34999999966472384 1.68
v -1.7 0.34999999966472384 1.68
v -1.7 0.34999999966472384 1.68
v -1.7 0.34999999966472384 1.68
v -1.7 0.34999999966472384 1.68
v -1.7 0.34999999966472384 1.68
v -1.7 0.34999999966472384 1.68
v -1.7 0.34999999966472384 1.68
v -1.7 0.34999999966472384 1.7120000015199184
v -1.6839999992400407 0.34999999966472384 1.7077128126472234
v -1.6722871873527765 0.34999999966472384 1.6960000007599592
v -1.6679999984800815 0.34999999966472384 1.68
v -1.6722871873527765 0.34999999966472384 1.6639999992400407
v -1.6839999992400407 0.34999999966472384 1.6522871873527765
v -1.7 0.34999999966472384 1.6479999984800815
v -1.7160000007599592 0.34999999966472384 1.6522871873527765
v -1.7277128126472234 0.34999999966472384 1.6639999992400407
v -1.7320000015199184 0.34999999966472384 1.68
v -1.7277128126472234 0.34999999966472384 1.6960000007599592
v -1.7160000007599592 0.34999999966472384 1.7077128126472234
v -1.7 0.34999999966472384 1.7120000015199184
v -1.7 0.3200000003352761 1.68
v -1.7 0.3200000003352761 1.68
v -1.7 0.3200000003352761 1.68
v -1.7 0.3200000003352761 1.68
v -1.7 0.3200000003352761 1.68
v -1.7 0.3200000003352761 1.68
v -1.7 0.3200000003352761 1.68
v -1.7 0.3200000003352761 1.68
v -1.7 0.3200000003352761 1.68
v -1.7 0.3200000003352761 1.68
v -1.7 0.3200000003352761 1.68
v -1.7 0.3200000003352761 1.68
v -1.7 0.3200000003352761 1.7120000015199184
v -1.6839999992400407 0.3200000003352761 1.7077128126472234
v -1.6722871873527765 0.3200000003352761 1.6960000007599592
v -1.6679999984800815 0.3200000003352761 1.68
v -1.6722871873527765 0.3200000003352761 1.6639999992400407
v -1.6839999992400407 0.3200000003352761 1.6522871873527765
v -1.7 0.3200000003352761 1.6479999984800815
v -1.7160000007599592 0.3200000003352761 1.6522871873527765
v -1.7277128126472234 0.3200000003352761 1.6639999992400407
v -1.7320000015199184 0.3200000003352761 1.68
v -1.7277128126472234 0.3200000003352761 1.6960000007599592
v -1.7160000007599592 0.3200000003352761 1.7077128126472234
v -1.7 0.3200000003352761 1.7120000015199184
vt 0 1
vt 0.0833333358168602 1
vt 0.1666666716337204 1
vt 0.25 1
vt 0.3333333432674408 1
vt 0.4166666567325592 1
vt 0.5 1
vt 0.5833333134651184 1
vt 0.6666666865348816 1
vt 0.75 1
vt 0.8333333134651184 1
vt 0.9166666865348816 1
vt 1 1
vt 0 0
vt 0.0833333358168602 0
vt 0.1666666716337204 0
vt 0.25 0
vt 0.3333333432674408 0
vt 0.4166666567325592 0
vt 0.5 0
vt 0.5833333134651184 0
vt 0.6666666865348816 0
vt 0.75 0
vt 0.8333333134651184 0
vt 0.9166666865348816 0
vt 1 0
vt 0.5 0.5
vt 0.5 0.5
vt 0.5 0.5
vt 0.5 0.5
vt 0.5 0.5
vt 0.5 0.5
vt 0.5 0.5
vt 0.5 0.5
vt 0.5 0.5
vt 0.5 0.5
vt 0.5 0.5
vt 0.5 0.5
vt 1 0.5
vt 0.9330127239227295 0.75
vt 0.75 0.9330127239227295
vt 0.5 1
vt 0.25 0.9330127239227295
vt 0.0669872984290123 0.75
vt 0 0.5
vt 0.0669872984290123 0.25
vt 0.25 0.0669872984290123
vt 0.5 0
vt 0.75 0.0669872984290123
vt 0.9330127239227295 0.25
vt 1 0.5
vt 0.5 0.5
vt 0.5 0.5
vt 0.5 0.5
vt 0.5 0.5
vt 0.5 0.5
vt 0.5 0.5
vt 0.5 0.5
vt 0.5 0.5
vt 0.5 0.5
vt 0.5 0.5
vt 0.5 0.5
vt 0.5 0.5
vt 1 0.5
vt 0.9330127239227295 0.25
vt 0.75 0.0669872984290123
vt 0.5 0
vt 0.25 0.0669872984290123
vt 0.0669872984290123 0.25
vt 0 0.5
vt 0.0669872984290123 0.75
vt 0.25 0.9330127239227295
vt 0.5 1
vt 0.75 0.9330127239227295
vt 0.9330127239227295 0.75
vt 1 0.5
vn 0 0 1
vn 0.5000000067305869 0 0.8660253998985324
vn 0.8660253998985324 0 0.5000000067305869
vn 1 0 6.123234262925839e-17
vn 0.8660253998985324 0 -0.5000000067305869
vn 0.5000000067305869 0 -0.8660253998985324
vn 1.2246468525851679e-16 0 -1
vn -0.5000000067305869 0 -0.8660253998985324
vn -0.8660253998985324 0 -0.5000000067305869
vn -1 0 -1.8369701465288538e-16
vn -0.8660253998985324 0 0.5000000067305869
vn -0.5000000067305869 0 0.8660253998985324
vn -2.4492937051703357e-16 0 1
vn 0 0 1
vn 0.5000000067305869 0 0.8660253998985324
vn 0.8660253998985324 0 0.5000000067305869
vn 1 0 6.123234262925839e-17
vn 0.8660253998985324 0 -0.5000000067305869
vn 0.5000000067305869 0 -0.8660253998985324
vn 1.2246468525851679e-16 0 -1
vn -0.5000000067305869 0 -0.8660253998985324
vn -0.8660253998985324 0 -0.5000000067305869
vn -1 0 -1.8369701465288538e-16
vn -0.8660253998985324 0 0.5000000067305869
vn -0.5000000067305869 0 0.8660253998985324
vn -2.4492937051703357e-16 0 1
vn 0 1 0
vn 0 1 0
vn 0 1 0
vn 0 1 0
vn 0 1 0
vn 0 1 0
vn 0 1 0
vn 0 1 0
vn 0 1 0
vn 0 1 0
vn 0 1 0
vn 0 1 0
vn 0 1 0
vn 0 1 0
vn 0 1 0
vn 0 1 0
vn 0 1 0
vn 0 1 0
vn 0 1 0
vn 0 1 0
vn 0 1 0
vn 0 1 0
vn 0 1 0
vn 0 1 0
vn 0 1 0
vn 0 -1 0
vn 0 -1 0
vn 0 -1 0
vn 0 -1 0
vn 0 -1 0
vn 0 -1 0
vn 0 -1 0
vn 0 -1 0
vn 0 -1 0
vn 0 -1 0
vn 0 -1 0
vn 0 -1 0
vn 0 -1 0
vn 0 -1 0
vn 0 -1 0
vn 0 -1 0
vn 0 -1 0
vn 0 -1 0
vn 0 -1 0
vn 0 -1 0
vn 0 -1 0
vn 0 -1 0
vn 0 -1 0
vn 0 -1 0
vn 0 -1 0
f 3209/3209/3209 3222/3222/3222 3210/3210/3210
f 3222/3222/3222 3223/3223/3223 3210/3210/3210
f 3210/3210/3210 3223/3223/3223 3211/3211/3211
f 3223/3223/3223 3224/3224/3224 3211/3211/3211
f 3211/3211/3211 3224/3224/3224 3212/3212/3212
f 3224/3224/3224 3225/3225/3225 3212/3212/3212
f 3212/3212/3212 3225/3225/3225 3213/3213/3213
f 3225/3225/3225 3226/3226/3226 3213/3213/3213
f 3213/3213/3213 3226/3226/3226 3214/3214/3214
f 3226/3226/3226 3227/3227/3227 3214/3214/3214
f 3214/3214/3214 3227/3227/3227 3215/3215/3215
f 3227/3227/3227 3228/3228/3228 3215/3215/3215
f 3215/3215/3215 3228/3228/3228 3216/3216/3216
f 3228/3228/3228 3229/3229/3229 3216/3216/3216
f 3216/3216/3216 3229/3229/3229 3217/3217/3217
f 3229/3229/3229 3230/3230/3230 3217/3217/3217
f 3217/3217/3217 3230/3230/3230 3218/3218/3218
f 3230/3230/3230 3231/3231/3231 3218/3218/3218
f 3218/3218/3218 3231/3231/3231 3219/3219/3219
f 3231/3231/3231 3232/3232/3232 3219/3219/3219
f 3219/3219/3219 3232/3232/3232 3220/3220/3220
f 3232/3232/3232 3233/3233/3233 3220/3220/3220
f 3220/3220/3220 3233/3233/3233 3221/3221/3221
f 3233/3233/3233 3234/3234/3234 3221/3221/3221
f 3247/3247/3247 3248/3248/3248 3235/3235/3235
f 3248/3248/3248 3249/3249/3249 3236/3236/3236
f 3249/3249/3249 3250/3250/3250 3237/3237/3237
f 3250/3250/3250 3251/3251/3251 3238/3238/3238
f 3251/3251/3251 3252/3252/3252 3239/3239/3239
f 3252/3252/3252 3253/3253/3253 3240/3240/3240
f 3253/3253/3253 3254/3254/3254 3241/3241/3241
f 3254/3254/3254 3255/3255/3255 3242/3242/3242
f 3255/3255/3255 3256/3256/3256 3243/3243/3243
f 3256/3256/3256 3257/3257/3257 3244/3244/3244
f 3257/3257/3257 3258/3258/3258 3245/3245/3245
f 3258/3258/3258 3259/3259/3259 3246/3246/3246
f 3273/3273/3273 3272/3272/3272 3260/3260/3260
f 3274/3274/3274 3273/3273/3273 3261/3261/3261
f 3275/3275/3275 3274/3274/3274 3262/3262/3262
f 3276/3276/3276 3275/3275/3275 3263/3263/3263
f 3277/3277/3277 3276/3276/3276 3264/3264/3264
f 3278/3278/3278 3277/3277/3277 3265/3265/3265
f 3279/3279/3279 3278/3278/3278 3266/3266/3266
f 3280/3280/3280 3279/3279/3279 3267/3267/3267
f 3281/3281/3281 3280/3280/3280 3268/3268/3268
f 3282/3282/3282 3281/3281/3281 3269/3269/3269
f 3283/3283/3283 3282/3282/3282 3270/3270/3270
f 3284/3284/3284 3283/3283/3283 3271/3271/3271
o crate_a_cap_4
usemtl enamel
v -1.5999999999999999 0.34999999966472384 1.7120000015199184
v -1.5839999992400406 0.34999999966472384 1.7077128126472234
v -1.5722871873527764 0.34999999966472384 1.6960000007599592
v -1.5679999984800814 0.34999999966472384 1.68
v -1.5722871873527764 0.34999999966472384 1.6639999992400407
v -1.5839999992400406 0.34999999966472384 1.6522871873527765
v -1.5999999999999999 0.34999999966472384 1.6479999984800815
v -1.616000000759959 0.34999999966472384 1.6522871873527765
v -1.6277128126472233 0.34999999966472384 1.6639999992400407
v -1.6320000015199183 0.34999999966472384 1.68
v -1.6277128126472233 0.34999999966472384 1.6960000007599592
v -1.616000000759959 0.34999999966472384 1.7077128126472234
v -1.5999999999999999 0.34999999966472384 1.7120000015199184
v -1.5999999999999999 0.3200000003352761 1.7120000015199184
v -1.5839999992400406 0.3200000003352761 1.7077128126472234
v -1.5722871873527764 0.3200000003352761 1.6960000007599592
v -1.5679999984800814 0.3200000003352761 1.68
v -1.5722871873527764 0.3200000003352761 1.6639999992400407
v -1.5839999992400406 0.3200000003352761 1.6522871873527765
v -1.5999999999999999 0.3200000003352761 1.6479999984800815
v -1.616000000759959 0.3200000003352761 1.6522871873527765
v -1.6277128126472233 0.3200000003352761 1.6639999992400407
v -1.6320000015199183 0.3200000003352761 1.68
v -1.6277128126472233 0.3200000003352761 1.6960000007599592
v -1.616000000759959 0.3200000003352761 1.7077128126472234
v -1.5999999999999999 0.3200000003352761 1.7120000015199184
v -1.5999999999999999 0.34999999966472384 1.68
v -1.5999999999999999 0.34999999966472384 1.68
v -1.5999999999999999 0.34999999966472384 1.68
v -1.5999999999999999 0.34999999966472384 1.68
v -1.5999999999999999 0.34999999966472384 1.68
v -1.5999999999999999 0.34999999966472384 1.68
v -1.5999999999999999 0.34999999966472384 1.68
v -1.5999999999999999 0.34999999966472384 1.68
v -1.5999999999999999 0.34999999966472384 1.68
v -1.5999999999999999 0.34999999966472384 1.68
v -1.5999999999999999 0.34999999966472384 1.68
v -1.5999999999999999 0.34999999966472384 1.68
v -1.5999999999999999 0.34999999966472384 1.7120000015199184
v -1.5839999992400406 0.34999999966472384 1.7077128126472234
v -1.5722871873527764 0.34999999966472384 1.6960000007599592
v -1.5679999984800814 0.34999999966472384 1.68
v -1.5722871873527764 0.34999999966472384 1.6639999992400407
v -1.5839999992400406 0.34999999966472384 1.6522871873527765
v -1.5999999999999999 0.34999999966472384 1.6479999984800815
v -1.616000000759959 0.34999999966472384 1.6522871873527765
v -1.6277128126472233 0.34999999966472384 1.6639999992400407
v -1.6320000015199183 0.34999999966472384 1.68
v -1.6277128126472233 0.34999999966472384 1.6960000007599592
v -1.616000000759959 0.34999999966472384 1.7077128126472234
v -1.5999999999999999 0.34999999966472384 1.7120000015199184
v -1.5999999999999999 0.3200000003352761 1.68
v -1.5999999999999999 0.3200000003352761 1.68
v -1.5999999999999999 0.3200000003352761 1.68
v -1.5999999999999999 0.3200000003352761 1.68
v -1.5999999999999999 0.3200000003352761 1.68
v -1.5999999999999999 0.3200000003352761 1.68
v -1.5999999999999999 0.3200000003352761 1.68
v -1.5999999999999999 0.3200000003352761 1.68
v -1.5999999999999999 0.3200000003352761 1.68
v -1.5999999999999999 0.3200000003352761 1.68
v -1.5999999999999999 0.3200000003352761 1.68
v -1.5999999999999999 0.3200000003352761 1.68
v -1.5999999999999999 0.3200000003352761 1.7120000015199184
v -1.5839999992400406 0.3200000003352761 1.7077128126472234
v -1.5722871873527764 0.3200000003352761 1.6960000007599592
v -1.5679999984800814 0.3200000003352761 1.68
v -1.5722871873527764 0.3200000003352761 1.6639999992400407
v -1.5839999992400406 0.3200000003352761 1.6522871873527765
v -1.5999999999999999 0.3200000003352761 1.6479999984800815
v -1.616000000759959 0.3200000003352761 1.6522871873527765
v -1.6277128126472233 0.3200000003352761 1.6639999992400407
v -1.6320000015199183 0.3200000003352761 1.68
v -1.6277128126472233 0.3200000003352761 1.6960000007599592
v -1.616000000759959 0.3200000003352761 1.7077128126472234
v -1.5999999999999999 0.3200000003352761 1.7120000015199184
vt 0 1
vt 0.0833333358168602 1
vt 0.1666666716337204 1
vt 0.25 1
vt 0.3333333432674408 1
vt 0.4166666567325592 1
vt 0.5 1
vt 0.5833333134651184 1
vt 0.6666666865348816 1
vt 0.75 1
vt 0.8333333134651184 1
vt 0.9166666865348816 1
vt 1 1
vt 0 0
vt 0.0833333358168602 0
vt 0.1666666716337204 0
vt 0.25 0
vt 0.3333333432674408 0
vt 0.4166666567325592 0
vt 0.5 0
vt 0.5833333134651184 0
vt 0.6666666865348816 0
vt 0.75 0
vt 0.8333333134651184 0
vt 0.9166666865348816 0
vt 1 0
vt 0.5 0.5
vt 0.5 0.5
vt 0.5 0.5
vt 0.5 0.5
vt 0.5 0.5
vt 0.5 0.5
vt 0.5 0.5
vt 0.5 0.5
vt 0.5 0.5
vt 0.5 0.5
vt 0.5 0.5
vt 0.5 0.5
vt 1 0.5
vt 0.9330127239227295 0.75
vt 0.75 0.9330127239227295
vt 0.5 1
vt 0.25 0.9330127239227295
vt 0.0669872984290123 0.75
vt 0 0.5
vt 0.0669872984290123 0.25
vt 0.25 0.0669872984290123
vt 0.5 0
vt 0.75 0.0669872984290123
vt 0.9330127239227295 0.25
vt 1 0.5
vt 0.5 0.5
vt 0.5 0.5
vt 0.5 0.5
vt 0.5 0.5
vt 0.5 0.5
vt 0.5 0.5
vt 0.5 0.5
vt 0.5 0.5
vt 0.5 0.5
vt 0.5 0.5
vt 0.5 0.5
vt 0.5 0.5
vt 1 0.5
vt 0.9330127239227295 0.25
vt 0.75 0.0669872984290123
vt 0.5 0
vt 0.25 0.0669872984290123
vt 0.0669872984290123 0.25
vt 0 0.5
vt 0.0669872984290123 0.75
vt 0.25 0.9330127239227295
vt 0.5 1
vt 0.75 0.9330127239227295
vt 0.9330127239227295 0.75
vt 1 0.5
vn 0 0 1
vn 0.5000000067305869 0 0.8660253998985324
vn 0.8660253998985324 0 0.5000000067305869
vn 1 0 6.123234262925839e-17
vn 0.8660253998985324 0 -0.5000000067305869
vn 0.5000000067305869 0 -0.8660253998985324
vn 1.2246468525851679e-16 0 -1
vn -0.5000000067305869 0 -0.8660253998985324
vn -0.8660253998985324 0 -0.5000000067305869
vn -1 0 -1.8369701465288538e-16
vn -0.8660253998985324 0 0.5000000067305869
vn -0.5000000067305869 0 0.8660253998985324
vn -2.4492937051703357e-16 0 1
vn 0 0 1
vn 0.5000000067305869 0 0.8660253998985324
vn 0.8660253998985324 0 0.5000000067305869
vn 1 0 6.123234262925839e-17
vn 0.8660253998985324 0 -0.5000000067305869
vn 0.5000000067305869 0 -0.8660253998985324
vn 1.2246468525851679e-16 0 -1
vn -0.5000000067305869 0 -0.8660253998985324
vn -0.8660253998985324 0 -0.5000000067305869
vn -1 0 -1.8369701465288538e-16
vn -0.8660253998985324 0 0.5000000067305869
vn -0.5000000067305869 0 0.8660253998985324
vn -2.4492937051703357e-16 0 1
vn 0 1 0
vn 0 1 0
vn 0 1 0
vn 0 1 0
vn 0 1 0
vn 0 1 0
vn 0 1 0
vn 0 1 0
vn 0 1 0
vn 0 1 0
vn 0 1 0
vn 0 1 0
vn 0 1 0
vn 0 1 0
vn 0 1 0
vn 0 1 0
vn 0 1 0
vn 0 1 0
vn 0 1 0
vn 0 1 0
vn 0 1 0
vn 0 1 0
vn 0 1 0
vn 0 1 0
vn 0 1 0
vn 0 -1 0
vn 0 -1 0
vn 0 -1 0
vn 0 -1 0
vn 0 -1 0
vn 0 -1 0
vn 0 -1 0
vn 0 -1 0
vn 0 -1 0
vn 0 -1 0
vn 0 -1 0
vn 0 -1 0
vn 0 -1 0
vn 0 -1 0
vn 0 -1 0
vn 0 -1 0
vn 0 -1 0
vn 0 -1 0
vn 0 -1 0
vn 0 -1 0
vn 0 -1 0
vn 0 -1 0
vn 0 -1 0
vn 0 -1 0
vn 0 -1 0
f 3285/3285/3285 3298/3298/3298 3286/3286/3286
f 3298/3298/3298 3299/3299/3299 3286/3286/3286
f 3286/3286/3286 3299/3299/3299 3287/3287/3287
f 3299/3299/3299 3300/3300/3300 3287/3287/3287
f 3287/3287/3287 3300/3300/3300 3288/3288/3288
f 3300/3300/3300 3301/3301/3301 3288/3288/3288
f 3288/3288/3288 3301/3301/3301 3289/3289/3289
f 3301/3301/3301 3302/3302/3302 3289/3289/3289
f 3289/3289/3289 3302/3302/3302 3290/3290/3290
f 3302/3302/3302 3303/3303/3303 3290/3290/3290
f 3290/3290/3290 3303/3303/3303 3291/3291/3291
f 3303/3303/3303 3304/3304/3304 3291/3291/3291
f 3291/3291/3291 3304/3304/3304 3292/3292/3292
f 3304/3304/3304 3305/3305/3305 3292/3292/3292
f 3292/3292/3292 3305/3305/3305 3293/3293/3293
f 3305/3305/3305 3306/3306/3306 3293/3293/3293
f 3293/3293/3293 3306/3306/3306 3294/3294/3294
f 3306/3306/3306 3307/3307/3307 3294/3294/3294
f 3294/3294/3294 3307/3307/3307 3295/3295/3295
f 3307/3307/3307 3308/3308/3308 3295/3295/3295
f 3295/3295/3295 3308/3308/3308 3296/3296/3296
f 3308/3308/3308 3309/3309/3309 3296/3296/3296
f 3296/3296/3296 3309/3309/3309 3297/3297/3297
f 3309/3309/3309 3310/3310/3310 3297/3297/3297
f 3323/3323/3323 3324/3324/3324 3311/3311/3311
f 3324/3324/3324 3325/3325/3325 3312/3312/3312
f 3325/3325/3325 3326/3326/3326 3313/3313/3313
f 3326/3326/3326 3327/3327/3327 3314/3314/3314
f 3327/3327/3327 3328/3328/3328 3315/3315/3315
f 3328/3328/3328 3329/3329/3329 3316/3316/3316
f 3329/3329/3329 3330/3330/3330 3317/3317/3317
f 3330/3330/3330 3331/3331/3331 3318/3318/3318
f 3331/3331/3331 3332/3332/3332 3319/3319/3319
f 3332/3332/3332 3333/3333/3333 3320/3320/3320
f 3333/3333/3333 3334/3334/3334 3321/3321/3321
f 3334/3334/3334 3335/3335/3335 3322/3322/3322
f 3349/3349/3349 3348/3348/3348 3336/3336/3336
f 3350/3350/3350 3349/3349/3349 3337/3337/3337
f 3351/3351/3351 3350/3350/3350 3338/3338/3338
f 3352/3352/3352 3351/3351/3351 3339/3339/3339
f 3353/3353/3353 3352/3352/3352 3340/3340/3340
f 3354/3354/3354 3353/3353/3353 3341/3341/3341
f 3355/3355/3355 3354/3354/3354 3342/3342/3342
f 3356/3356/3356 3355/3355/3355 3343/3343/3343
f 3357/3357/3357 3356/3356/3356 3344/3344/3344
f 3358/3358/3358 3357/3357/3357 3345/3345/3345
f 3359/3359/3359 3358/3358/3358 3346/3346/3346
f 3360/3360/3360 3359/3359/3359 3347/3347/3347
o crate_a_cap_5
usemtl enamel
v -1.9 0.34999999966472384 1.8520000015199185
v -1.8839999992400407 0.34999999966472384 1.8477128126472235
v -1.8722871873527764 0.34999999966472384 1.8360000007599593
v -1.8679999984800815 0.34999999966472384 1.82
v -1.8722871873527764 0.34999999966472384 1.8039999992400408
v -1.8839999992400407 0.34999999966472384 1.7922871873527766
v -1.9 0.34999999966472384 1.7879999984800816
v -1.9160000007599591 0.34999999966472384 1.7922871873527766
v -1.9277128126472234 0.34999999966472384 1.8039999992400408
v -1.9320000015199184 0.34999999966472384 1.82
v -1.9277128126472234 0.34999999966472384 1.8360000007599593
v -1.9160000007599591 0.34999999966472384 1.8477128126472235
v -1.9 0.34999999966472384 1.8520000015199185
v -1.9 0.3200000003352761 1.8520000015199185
v -1.8839999992400407 0.3200000003352761 1.8477128126472235
v -1.8722871873527764 0.3200000003352761 1.8360000007599593
v -1.8679999984800815 0.3200000003352761 1.82
v -1.8722871873527764 0.3200000003352761 1.8039999992400408
v -1.8839999992400407 0.3200000003352761 1.7922871873527766
v -1.9 0.3200000003352761 1.7879999984800816
v -1.9160000007599591 0.3200000003352761 1.7922871873527766
v -1.9277128126472234 0.3200000003352761 1.8039999992400408
v -1.9320000015199184 0.3200000003352761 1.82
v -1.9277128126472234 0.3200000003352761 1.8360000007599593
v -1.9160000007599591 0.3200000003352761 1.8477128126472235
v -1.9 0.3200000003352761 1.8520000015199185
v -1.9 0.34999999966472384 1.82
v -1.9 0.34999999966472384 1.82
v -1.9 0.34999999966472384 1.82
v -1.9 0.34999999966472384 1.82
v -1.9 0.34999999966472384 1.82
v -1.9 0.34999999966472384 1.82
v -1.9 0.34999999966472384 1.82
v -1.9 0.34999999966472384 1.82
v -1.9 0.34999999966472384 1.82
v -1.9 0.34999999966472384 1.82
v -1.9 0.34999999966472384 1.82
v -1.9 0.34999999966472384 1.82
v -1.9 0.34999999966472384 1.8520000015199185
v -1.8839999992400407 0.34999999966472384 1.8477128126472235
v -1.8722871873527764 0.34999999966472384 1.8360000007599593
v -1.8679999984800815 0.34999999966472384 1.82
v -1.8722871873527764 0.34999999966472384 1.8039999992400408
v -1.8839999992400407 0.34999999966472384 1.7922871873527766
v -1.9 0.34999999966472384 1.7879999984800816
v -1.9160000007599591 0.34999999966472384 1.7922871873527766
v -1.9277128126472234 0.34999999966472384 1.8039999992400408
v -1.9320000015199184 0.34999999966472384 1.82
v -1.9277128126472234 0.34999999966472384 1.8360000007599593
v -1.9160000007599591 0.34999999966472384 1.8477128126472235
v -1.9 0.34999999966472384 1.8520000015199185
v -1.9 0.3200000003352761 1.82
v -1.9 0.3200000003352761 1.82
v -1.9 0.3200000003352761 1.82
v -1.9 0.3200000003352761 1.82
v -1.9 0.3200000003352761 1.82
v -1.9 0.3200000003352761 1.82
v -1.9 0.3200000003352761 1.82
v -1.9 0.3200000003352761 1.82
v -1.9 0.3200000003352761 1.82
v -1.9 0.3200000003352761 1.82
v -1.9 0.3200000003352761 1.82
v -1.9 0.3200000003352761 1.82
v -1.9 0.3200000003352761 1.8520000015199185
v -1.8839999992400407 0.3200000003352761 1.8477128126472235
v -1.8722871873527764 0.3200000003352761 1.8360000007599593
v -1.8679999984800815 0.3200000003352761 1.82
v -1.8722871873527764 0.3200000003352761 1.8039999992400408
v -1.8839999992400407 0.3200000003352761 1.7922871873527766
v -1.9 0.3200000003352761 1.7879999984800816
v -1.9160000007599591 0.3200000003352761 1.7922871873527766
v -1.9277128126472234 0.3200000003352761 1.8039999992400408
v -1.9320000015199184 0.3200000003352761 1.82
v -1.9277128126472234 0.3200000003352761 1.8360000007599593
v -1.9160000007599591 0.3200000003352761 1.8477128126472235
v -1.9 0.3200000003352761 1.8520000015199185
vt 0 1
vt 0.0833333358168602 1
vt 0.1666666716337204 1
vt 0.25 1
vt 0.3333333432674408 1
vt 0.4166666567325592 1
vt 0.5 1
vt 0.5833333134651184 1
vt 0.6666666865348816 1
vt 0.75 1
vt 0.8333333134651184 1
vt 0.9166666865348816 1
vt 1 1
vt 0 0
vt 0.0833333358168602 0
vt 0.1666666716337204 0
vt 0.25 0
vt 0.3333333432674408 0
vt 0.4166666567325592 0
vt 0.5 0
vt 0.5833333134651184 0
vt 0.6666666865348816 0
vt 0.75 0
vt 0.8333333134651184 0
vt 0.9166666865348816 0
vt 1 0
vt 0.5 0.5
vt 0.5 0.5
vt 0.5 0.5
vt 0.5 0.5
vt 0.5 0.5
vt 0.5 0.5
vt 0.5 0.5
vt 0.5 0.5
vt 0.5 0.5
vt 0.5 0.5
vt 0.5 0.5
vt 0.5 0.5
vt 1 0.5
vt 0.9330127239227295 0.75
vt 0.75 0.9330127239227295
vt 0.5 1
vt 0.25 0.9330127239227295
vt 0.0669872984290123 0.75
vt 0 0.5
vt 0.0669872984290123 0.25
vt 0.25 0.0669872984290123
vt 0.5 0
vt 0.75 0.0669872984290123
vt 0.9330127239227295 0.25
vt 1 0.5
vt 0.5 0.5
vt 0.5 0.5
vt 0.5 0.5
vt 0.5 0.5
vt 0.5 0.5
vt 0.5 0.5
vt 0.5 0.5
vt 0.5 0.5
vt 0.5 0.5
vt 0.5 0.5
vt 0.5 0.5
vt 0.5 0.5
vt 1 0.5
vt 0.9330127239227295 0.25
vt 0.75 0.0669872984290123
vt 0.5 0
vt 0.25 0.0669872984290123
vt 0.0669872984290123 0.25
vt 0 0.5
vt 0.0669872984290123 0.75
vt 0.25 0.9330127239227295
vt 0.5 1
vt 0.75 0.9330127239227295
vt 0.9330127239227295 0.75
vt 1 0.5
vn 0 0 1
vn 0.5000000067305869 0 0.8660253998985324
vn 0.8660253998985324 0 0.5000000067305869
vn 1 0 6.123234262925839e-17
vn 0.8660253998985324 0 -0.5000000067305869
vn 0.5000000067305869 0 -0.8660253998985324
vn 1.2246468525851679e-16 0 -1
vn -0.5000000067305869 0 -0.8660253998985324
vn -0.8660253998985324 0 -0.5000000067305869
vn -1 0 -1.8369701465288538e-16
vn -0.8660253998985324 0 0.5000000067305869
vn -0.5000000067305869 0 0.8660253998985324
vn -2.4492937051703357e-16 0 1
vn 0 0 1
vn 0.5000000067305869 0 0.8660253998985324
vn 0.8660253998985324 0 0.5000000067305869
vn 1 0 6.123234262925839e-17
vn 0.8660253998985324 0 -0.5000000067305869
vn 0.5000000067305869 0 -0.8660253998985324
vn 1.2246468525851679e-16 0 -1
vn -0.5000000067305869 0 -0.8660253998985324
vn -0.8660253998985324 0 -0.5000000067305869
vn -1 0 -1.8369701465288538e-16
vn -0.8660253998985324 0 0.5000000067305869
vn -0.5000000067305869 0 0.8660253998985324
vn -2.4492937051703357e-16 0 1
vn 0 1 0
vn 0 1 0
vn 0 1 0
vn 0 1 0
vn 0 1 0
vn 0 1 0
vn 0 1 0
vn 0 1 0
vn 0 1 0
vn 0 1 0
vn 0 1 0
vn 0 1 0
vn 0 1 0
vn 0 1 0
vn 0 1 0
vn 0 1 0
vn 0 1 0
vn 0 1 0
vn 0 1 0
vn 0 1 0
vn 0 1 0
vn 0 1 0
vn 0 1 0
vn 0 1 0
vn 0 1 0
vn 0 -1 0
vn 0 -1 0
vn 0 -1 0
vn 0 -1 0
vn 0 -1 0
vn 0 -1 0
vn 0 -1 0
vn 0 -1 0
vn 0 -1 0
vn 0 -1 0
vn 0 -1 0
vn 0 -1 0
vn 0 -1 0
vn 0 -1 0
vn 0 -1 0
vn 0 -1 0
vn 0 -1 0
vn 0 -1 0
vn 0 -1 0
vn 0 -1 0
vn 0 -1 0
vn 0 -1 0
vn 0 -1 0
vn 0 -1 0
vn 0 -1 0
f 3361/3361/3361 3374/3374/3374 3362/3362/3362
f 3374/3374/3374 3375/3375/3375 3362/3362/3362
f 3362/3362/3362 3375/3375/3375 3363/3363/3363
f 3375/3375/3375 3376/3376/3376 3363/3363/3363
f 3363/3363/3363 3376/3376/3376 3364/3364/3364
f 3376/3376/3376 3377/3377/3377 3364/3364/3364
f 3364/3364/3364 3377/3377/3377 3365/3365/3365
f 3377/3377/3377 3378/3378/3378 3365/3365/3365
f 3365/3365/3365 3378/3378/3378 3366/3366/3366
f 3378/3378/3378 3379/3379/3379 3366/3366/3366
f 3366/3366/3366 3379/3379/3379 3367/3367/3367
f 3379/3379/3379 3380/3380/3380 3367/3367/3367
f 3367/3367/3367 3380/3380/3380 3368/3368/3368
f 3380/3380/3380 3381/3381/3381 3368/3368/3368
f 3368/3368/3368 3381/3381/3381 3369/3369/3369
f 3381/3381/3381 3382/3382/3382 3369/3369/3369
f 3369/3369/3369 3382/3382/3382 3370/3370/3370
f 3382/3382/3382 3383/3383/3383 3370/3370/3370
f 3370/3370/3370 3383/3383/3383 3371/3371/3371
f 3383/3383/3383 3384/3384/3384 3371/3371/3371
f 3371/3371/3371 3384/3384/3384 3372/3372/3372
f 3384/3384/3384 3385/3385/3385 3372/3372/3372
f 3372/3372/3372 3385/3385/3385 3373/3373/3373
f 3385/3385/3385 3386/3386/3386 3373/3373/3373
f 3399/3399/3399 3400/3400/3400 3387/3387/3387
f 3400/3400/3400 3401/3401/3401 3388/3388/3388
f 3401/3401/3401 3402/3402/3402 3389/3389/3389
f 3402/3402/3402 3403/3403/3403 3390/3390/3390
f 3403/3403/3403 3404/3404/3404 3391/3391/3391
f 3404/3404/3404 3405/3405/3405 3392/3392/3392
f 3405/3405/3405 3406/3406/3406 3393/3393/3393
f 3406/3406/3406 3407/3407/3407 3394/3394/3394
f 3407/3407/3407 3408/3408/3408 3395/3395/3395
f 3408/3408/3408 3409/3409/3409 3396/3396/3396
f 3409/3409/3409 3410/3410/3410 3397/3397/3397
f 3410/3410/3410 3411/3411/3411 3398/3398/3398
f 3425/3425/3425 3424/3424/3424 3412/3412/3412
f 3426/3426/3426 3425/3425/3425 3413/3413/3413
f 3427/3427/3427 3426/3426/3426 3414/3414/3414
f 3428/3428/3428 3427/3427/3427 3415/3415/3415
f 3429/3429/3429 3428/3428/3428 3416/3416/3416
f 3430/3430/3430 3429/3429/3429 3417/3417/3417
f 3431/3431/3431 3430/3430/3430 3418/3418/3418
f 3432/3432/3432 3431/3431/3431 3419/3419/3419
f 3433/3433/3433 3432/3432/3432 3420/3420/3420
f 3434/3434/3434 3433/3433/3433 3421/3421/3421
f 3435/3435/3435 3434/3434/3434 3422/3422/3422
f 3436/3436/3436 3435/3435/3435 3423/3423/3423
o crate_a_cap_6
usemtl enamel
v -1.8 0.34999999966472384 1.8520000015199185
v -1.7839999992400408 0.34999999966472384 1.8477128126472235
v -1.7722871873527766 0.34999999966472384 1.8360000007599593
v -1.7679999984800816 0.34999999966472384 1.82
v -1.7722871873527766 0.34999999966472384 1.8039999992400408
v -1.7839999992400408 0.34999999966472384 1.7922871873527766
v -1.8 0.34999999966472384 1.7879999984800816
v -1.8160000007599593 0.34999999966472384 1.7922871873527766
v -1.8277128126472235 0.34999999966472384 1.8039999992400408
v -1.8320000015199185 0.34999999966472384 1.82
v -1.8277128126472235 0.34999999966472384 1.8360000007599593
v -1.8160000007599593 0.34999999966472384 1.8477128126472235
v -1.8 0.34999999966472384 1.8520000015199185
v -1.8 0.3200000003352761 1.8520000015199185
v -1.7839999992400408 0.3200000003352761 1.8477128126472235
v -1.7722871873527766 0.3200000003352761 1.8360000007599593
v -1.7679999984800816 0.3200000003352761 1.82
v -1.7722871873527766 0.3200000003352761 1.8039999992400408
v -1.7839999992400408 0.3200000003352761 1.7922871873527766
v -1.8 0.3200000003352761 1.7879999984800816
v -1.8160000007599593 0.3200000003352761 1.7922871873527766
v -1.8277128126472235 0.3200000003352761 1.8039999992400408
v -1.8320000015199185 0.3200000003352761 1.82
v -1.8277128126472235 0.3200000003352761 1.8360000007599593
v -1.8160000007599593 0.3200000003352761 1.8477128126472235
v -1.8 0.3200000003352761 1.8520000015199185
v -1.8 0.34999999966472384 1.82
v -1.8 0.34999999966472384 1.82
v -1.8 0.34999999966472384 1.82
v -1.8 0.34999999966472384 1.82
v -1.8 0.34999999966472384 1.82
v -1.8 0.34999999966472384 1.82
v -1.8 0.34999999966472384 1.82
v -1.8 0.34999999966472384 1.82
v -1.8 0.34999999966472384 1.82
v -1.8 0.34999999966472384 1.82
v -1.8 0.34999999966472384 1.82
v -1.8 0.34999999966472384 1.82
v -1.8 0.34999999966472384 1.8520000015199185
v -1.7839999992400408 0.34999999966472384 1.8477128126472235
v -1.7722871873527766 0.34999999966472384 1.8360000007599593
v -1.7679999984800816 0.34999999966472384 1.82
v -1.7722871873527766 0.34999999966472384 1.8039999992400408
v -1.7839999992400408 0.34999999966472384 1.7922871873527766
v -1.8 0.34999999966472384 1.7879999984800816
v -1.8160000007599593 0.34999999966472384 1.7922871873527766
v -1.8277128126472235 0.34999999966472384 1.8039999992400408
v -1.8320000015199185 0.34999999966472384 1.82
v -1.8277128126472235 0.34999999966472384 1.8360000007599593
v -1.8160000007599593 0.34999999966472384 1.8477128126472235
v -1.8 0.34999999966472384 1.8520000015199185
v -1.8 0.3200000003352761 1.82
v -1.8 0.3200000003352761 1.82
v -1.8 0.3200000003352761 1.82
v -1.8 0.3200000003352761 1.82
v -1.8 0.3200000003352761 1.82
v -1.8 0.3200000003352761 1.82
v -1.8 0.3200000003352761 1.82
v -1.8 0.3200000003352761 1.82
v -1.8 0.3200000003352761 1.82
v -1.8 0.3200000003352761 1.82
v -1.8 0.3200000003352761 1.82
v -1.8 0.3200000003352761 1.82
v -1.8 0.3200000003352761 1.8520000015199185
v -1.7839999992400408 0.3200000003352761 1.8477128126472235
v -1.7722871873527766 0.3200000003352761 1.8360000007599593
v -1.7679999984800816 0.3200000003352761 1.82
v -1.7722871873527766 0.3200000003352761 1.8039999992400408
v -1.7839999992400408 0.3200000003352761 1.7922871873527766
v -1.8 0.3200000003352761 1.7879999984800816
v -1.8160000007599593 0.3200000003352761 1.7922871873527766
v -1.8277128126472235 0.3200000003352761 1.8039999992400408
v -1.8320000015199185 0.3200000003352761 1.82
v -1.8277128126472235 0.3200000003352761 1.8360000007599593
v -1.8160000007599593 0.3200000003352761 1.8477128126472235
v -1.8 0.3200000003352761 1.8520000015199185
vt 0 1
vt 0.0833333358168602 1
vt 0.1666666716337204 1
vt 0.25 1
vt 0.3333333432674408 1
vt 0.4166666567325592 1
vt 0.5 1
vt 0.5833333134651184 1
vt 0.6666666865348816 1
vt 0.75 1
vt 0.8333333134651184 1
vt 0.9166666865348816 1
vt 1 1
vt 0 0
vt 0.0833333358168602 0
vt 0.1666666716337204 0
vt 0.25 0
vt 0.3333333432674408 0
vt 0.4166666567325592 0
vt 0.5 0
vt 0.5833333134651184 0
vt 0.6666666865348816 0
vt 0.75 0
vt 0.8333333134651184 0
vt 0.9166666865348816 0
vt 1 0
vt 0.5 0.5
vt 0.5 0.5
vt 0.5 0.5
vt 0.5 0.5
vt 0.5 0.5
vt 0.5 0.5
vt 0.5 0.5
vt 0.5 0.5
vt 0.5 0.5
vt 0.5 0.5
vt 0.5 0.5
vt 0.5 0.5
vt 1 0.5
vt 0.9330127239227295 0.75
vt 0.75 0.9330127239227295
vt 0.5 1
vt 0.25 0.9330127239227295
vt 0.0669872984290123 0.75
vt 0 0.5
vt 0.0669872984290123 0.25
vt 0.25 0.0669872984290123
vt 0.5 0
vt 0.75 0.0669872984290123
vt 0.9330127239227295 0.25
vt 1 0.5
vt 0.5 0.5
vt 0.5 0.5
vt 0.5 0.5
vt 0.5 0.5
vt 0.5 0.5
vt 0.5 0.5
vt 0.5 0.5
vt 0.5 0.5
vt 0.5 0.5
vt 0.5 0.5
vt 0.5 0.5
vt 0.5 0.5
vt 1 0.5
vt 0.9330127239227295 0.25
vt 0.75 0.0669872984290123
vt 0.5 0
vt 0.25 0.0669872984290123
vt 0.0669872984290123 0.25
vt 0 0.5
vt 0.0669872984290123 0.75
vt 0.25 0.9330127239227295
vt 0.5 1
vt 0.75 0.9330127239227295
vt 0.9330127239227295 0.75
vt 1 0.5
vn 0 0 1
vn 0.5000000067305869 0 0.8660253998985324
vn 0.8660253998985324 0 0.5000000067305869
vn 1 0 6.123234262925839e-17
vn 0.8660253998985324 0 -0.5000000067305869
vn 0.5000000067305869 0 -0.8660253998985324
vn 1.2246468525851679e-16 0 -1
vn -0.5000000067305869 0 -0.8660253998985324
vn -0.8660253998985324 0 -0.5000000067305869
vn -1 0 -1.8369701465288538e-16
vn -0.8660253998985324 0 0.5000000067305869
vn -0.5000000067305869 0 0.8660253998985324
vn -2.4492937051703357e-16 0 1
vn 0 0 1
vn 0.5000000067305869 0 0.8660253998985324
vn 0.8660253998985324 0 0.5000000067305869
vn 1 0 6.123234262925839e-17
vn 0.8660253998985324 0 -0.5000000067305869
vn 0.5000000067305869 0 -0.8660253998985324
vn 1.2246468525851679e-16 0 -1
vn -0.5000000067305869 0 -0.8660253998985324
vn -0.8660253998985324 0 -0.5000000067305869
vn -1 0 -1.8369701465288538e-16
vn -0.8660253998985324 0 0.5000000067305869
vn -0.5000000067305869 0 0.8660253998985324
vn -2.4492937051703357e-16 0 1
vn 0 1 0
vn 0 1 0
vn 0 1 0
vn 0 1 0
vn 0 1 0
vn 0 1 0
vn 0 1 0
vn 0 1 0
vn 0 1 0
vn 0 1 0
vn 0 1 0
vn 0 1 0
vn 0 1 0
vn 0 1 0
vn 0 1 0
vn 0 1 0
vn 0 1 0
vn 0 1 0
vn 0 1 0
vn 0 1 0
vn 0 1 0
vn 0 1 0
vn 0 1 0
vn 0 1 0
vn 0 1 0
vn 0 -1 0
vn 0 -1 0
vn 0 -1 0
vn 0 -1 0
vn 0 -1 0
vn 0 -1 0
vn 0 -1 0
vn 0 -1 0
vn 0 -1 0
vn 0 -1 0
vn 0 -1 0
vn 0 -1 0
vn 0 -1 0
vn 0 -1 0
vn 0 -1 0
vn 0 -1 0
vn 0 -1 0
vn 0 -1 0
vn 0 -1 0
vn 0 -1 0
vn 0 -1 0
vn 0 -1 0
vn 0 -1 0
vn 0 -1 0
vn 0 -1 0
f 3437/3437/3437 3450/3450/3450 3438/3438/3438
f 3450/3450/3450 3451/3451/3451 3438/3438/3438
f 3438/3438/3438 3451/3451/3451 3439/3439/3439
f 3451/3451/3451 3452/3452/3452 3439/3439/3439
f 3439/3439/3439 3452/3452/3452 3440/3440/3440
f 3452/3452/3452 3453/3453/3453 3440/3440/3440
f 3440/3440/3440 3453/3453/3453 3441/3441/3441
f 3453/3453/3453 3454/3454/3454 3441/3441/3441
f 3441/3441/3441 3454/3454/3454 3442/3442/3442
f 3454/3454/3454 3455/3455/3455 3442/3442/3442
f 3442/3442/3442 3455/3455/3455 3443/3443/3443
f 3455/3455/3455 3456/3456/3456 3443/3443/3443
f 3443/3443/3443 3456/3456/3456 3444/3444/3444
f 3456/3456/3456 3457/3457/3457 3444/3444/3444
f 3444/3444/3444 3457/3457/3457 3445/3445/3445
f 3457/3457/3457 3458/3458/3458 3445/3445/3445
f 3445/3445/3445 3458/3458/3458 3446/3446/3446
f 3458/3458/3458 3459/3459/3459 3446/3446/3446
f 3446/3446/3446 3459/3459/3459 3447/3447/3447
f 3459/3459/3459 3460/3460/3460 3447/3447/3447
f 3447/3447/3447 3460/3460/3460 3448/3448/3448
f 3460/3460/3460 3461/3461/3461 3448/3448/3448
f 3448/3448/3448 3461/3461/3461 3449/3449/3449
f 3461/3461/3461 3462/3462/3462 3449/3449/3449
f 3475/3475/3475 3476/3476/3476 3463/3463/3463
f 3476/3476/3476 3477/3477/3477 3464/3464/3464
f 3477/3477/3477 3478/3478/3478 3465/3465/3465
f 3478/3478/3478 3479/3479/3479 3466/3466/3466
f 3479/3479/3479 3480/3480/3480 3467/3467/3467
f 3480/3480/3480 3481/3481/3481 3468/3468/3468
f 3481/3481/3481 3482/3482/3482 3469/3469/3469
f 3482/3482/3482 3483/3483/3483 3470/3470/3470
f 3483/3483/3483 3484/3484/3484 3471/3471/3471
f 3484/3484/3484 3485/3485/3485 3472/3472/3472
f 3485/3485/3485 3486/3486/3486 3473/3473/3473
f 3486/3486/3486 3487/3487/3487 3474/3474/3474
f 3501/3501/3501 3500/3500/3500 3488/3488/3488
f 3502/3502/3502 3501/3501/3501 3489/3489/3489
f 3503/3503/3503 3502/3502/3502 3490/3490/3490
f 3504/3504/3504 3503/3503/3503 3491/3491/3491
f 3505/3505/3505 3504/3504/3504 3492/3492/3492
f 3506/3506/3506 3505/3505/3505 3493/3493/3493
f 3507/3507/3507 3506/3506/3506 3494/3494/3494
f 3508/3508/3508 3507/3507/3507 3495/3495/3495
f 3509/3509/3509 3508/3508/3508 3496/3496/3496
f 3510/3510/3510 3509/3509/3509 3497/3497/3497
f 3511/3511/3511 3510/3510/3510 3498/3498/3498
f 3512/3512/3512 3511/3511/3511 3499/3499/3499
o crate_a_cap_7
usemtl enamel
v -1.7 0.34999999966472384 1.8520000015199185
v -1.6839999992400407 0.34999999966472384 1.8477128126472235
v -1.6722871873527765 0.34999999966472384 1.8360000007599593
v -1.6679999984800815 0.34999999966472384 1.82
v -1.6722871873527765 0.34999999966472384 1.8039999992400408
v -1.6839999992400407 0.34999999966472384 1.7922871873527766
v -1.7 0.34999999966472384 1.7879999984800816
v -1.7160000007599592 0.34999999966472384 1.7922871873527766
v -1.7277128126472234 0.34999999966472384 1.8039999992400408
v -1.7320000015199184 0.34999999966472384 1.82
v -1.7277128126472234 0.34999999966472384 1.8360000007599593
v -1.7160000007599592 0.34999999966472384 1.8477128126472235
v -1.7 0.34999999966472384 1.8520000015199185
v -1.7 0.3200000003352761 1.8520000015199185
v -1.6839999992400407 0.3200000003352761 1.8477128126472235
v -1.6722871873527765 0.3200000003352761 1.8360000007599593
v -1.6679999984800815 0.3200000003352761 1.82
v -1.6722871873527765 0.3200000003352761 1.8039999992400408
v -1.6839999992400407 0.3200000003352761 1.7922871873527766
v -1.7 0.3200000003352761 1.7879999984800816
v -1.7160000007599592 0.3200000003352761 1.7922871873527766
v -1.7277128126472234 0.3200000003352761 1.8039999992400408
v -1.7320000015199184 0.3200000003352761 1.82
v -1.7277128126472234 0.3200000003352761 1.8360000007599593
v -1.7160000007599592 0.3200000003352761 1.8477128126472235
v -1.7 0.3200000003352761 1.8520000015199185
v -1.7 0.34999999966472384 1.82
v -1.7 0.34999999966472384 1.82
v -1.7 0.34999999966472384 1.82
v -1.7 0.34999999966472384 1.82
v -1.7 0.34999999966472384 1.82
v -1.7 0.34999999966472384 1.82
v -1.7 0.34999999966472384 1.82
v -1.7 0.34999999966472384 1.82
v -1.7 0.34999999966472384 1.82
v -1.7 0.34999999966472384 1.82
v -1.7 0.34999999966472384 1.82
v -1.7 0.34999999966472384 1.82
v -1.7 0.34999999966472384 1.8520000015199185
v -1.6839999992400407 0.34999999966472384 1.8477128126472235
v -1.6722871873527765 0.34999999966472384 1.8360000007599593
v -1.6679999984800815 0.34999999966472384 1.82
v -1.6722871873527765 0.34999999966472384 1.8039999992400408
v -1.6839999992400407 0.34999999966472384 1.7922871873527766
v -1.7 0.34999999966472384 1.7879999984800816
v -1.7160000007599592 0.34999999966472384 1.7922871873527766
v -1.7277128126472234 0.34999999966472384 1.8039999992400408
v -1.7320000015199184 0.34999999966472384 1.82
v -1.7277128126472234 0.34999999966472384 1.8360000007599593
v -1.7160000007599592 0.34999999966472384 1.8477128126472235
v -1.7 0.34999999966472384 1.8520000015199185
v -1.7 0.3200000003352761 1.82
v -1.7 0.3200000003352761 1.82
v -1.7 0.3200000003352761 1.82
v -1.7 0.3200000003352761 1.82
v -1.7 0.3200000003352761 1.82
v -1.7 0.3200000003352761 1.82
v -1.7 0.3200000003352761 1.82
v -1.7 0.3200000003352761 1.82
v -1.7 0.3200000003352761 1.82
v -1.7 0.3200000003352761 1.82
v -1.7 0.3200000003352761 1.82
v -1.7 0.3200000003352761 1.82
v -1.7 0.3200000003352761 1.8520000015199185
v -1.6839999992400407 0.3200000003352761 1.8477128126472235
v -1.6722871873527765 0.3200000003352761 1.8360000007599593
v -1.6679999984800815 0.3200000003352761 1.82
v -1.6722871873527765 0.3200000003352761 1.8039999992400408
v -1.6839999992400407 0.3200000003352761 1.7922871873527766
v -1.7 0.3200000003352761 1.7879999984800816
v -1.7160000007599592 0.3200000003352761 1.7922871873527766
v -1.7277128126472234 0.3200000003352761 1.8039999992400408
v -1.7320000015199184 0.3200000003352761 1.82
v -1.7277128126472234 0.3200000003352761 1.8360000007599593
v -1.7160000007599592 0.3200000003352761 1.8477128126472235
v -1.7 0.3200000003352761 1.8520000015199185
vt 0 1
vt 0.0833333358168602 1
vt 0.1666666716337204 1
vt 0.25 1
vt 0.3333333432674408 1
vt 0.4166666567325592 1
vt 0.5 1
vt 0.5833333134651184 1
vt 0.6666666865348816 1
vt 0.75 1
vt 0.8333333134651184 1
vt 0.9166666865348816 1
vt 1 1
vt 0 0
vt 0.0833333358168602 0
vt 0.1666666716337204 0
vt 0.25 0
vt 0.3333333432674408 0
vt 0.4166666567325592 0
vt 0.5 0
vt 0.5833333134651184 0
vt 0.6666666865348816 0
vt 0.75 0
vt 0.8333333134651184 0
vt 0.9166666865348816 0
vt 1 0
vt 0.5 0.5
vt 0.5 0.5
vt 0.5 0.5
vt 0.5 0.5
vt 0.5 0.5
vt 0.5 0.5
vt 0.5 0.5
vt 0.5 0.5
vt 0.5 0.5
vt 0.5 0.5
vt 0.5 0.5
vt 0.5 0.5
vt 1 0.5
vt 0.9330127239227295 0.75
vt 0.75 0.9330127239227295
vt 0.5 1
vt 0.25 0.9330127239227295
vt 0.0669872984290123 0.75
vt 0 0.5
vt 0.0669872984290123 0.25
vt 0.25 0.0669872984290123
vt 0.5 0
vt 0.75 0.0669872984290123
vt 0.9330127239227295 0.25
vt 1 0.5
vt 0.5 0.5
vt 0.5 0.5
vt 0.5 0.5
vt 0.5 0.5
vt 0.5 0.5
vt 0.5 0.5
vt 0.5 0.5
vt 0.5 0.5
vt 0.5 0.5
vt 0.5 0.5
vt 0.5 0.5
vt 0.5 0.5
vt 1 0.5
vt 0.9330127239227295 0.25
vt 0.75 0.0669872984290123
vt 0.5 0
vt 0.25 0.0669872984290123
vt 0.0669872984290123 0.25
vt 0 0.5
vt 0.0669872984290123 0.75
vt 0.25 0.9330127239227295
vt 0.5 1
vt 0.75 0.9330127239227295
vt 0.9330127239227295 0.75
vt 1 0.5
vn 0 0 1
vn 0.5000000067305869 0 0.8660253998985324
vn 0.8660253998985324 0 0.5000000067305869
vn 1 0 6.123234262925839e-17
vn 0.8660253998985324 0 -0.5000000067305869
vn 0.5000000067305869 0 -0.8660253998985324
vn 1.2246468525851679e-16 0 -1
vn -0.5000000067305869 0 -0.8660253998985324
vn -0.8660253998985324 0 -0.5000000067305869
vn -1 0 -1.8369701465288538e-16
vn -0.8660253998985324 0 0.5000000067305869
vn -0.5000000067305869 0 0.8660253998985324
vn -2.4492937051703357e-16 0 1
vn 0 0 1
vn 0.5000000067305869 0 0.8660253998985324
vn 0.8660253998985324 0 0.5000000067305869
vn 1 0 6.123234262925839e-17
vn 0.8660253998985324 0 -0.5000000067305869
vn 0.5000000067305869 0 -0.8660253998985324
vn 1.2246468525851679e-16 0 -1
vn -0.5000000067305869 0 -0.8660253998985324
vn -0.8660253998985324 0 -0.5000000067305869
vn -1 0 -1.8369701465288538e-16
vn -0.8660253998985324 0 0.5000000067305869
vn -0.5000000067305869 0 0.8660253998985324
vn -2.4492937051703357e-16 0 1
vn 0 1 0
vn 0 1 0
vn 0 1 0
vn 0 1 0
vn 0 1 0
vn 0 1 0
vn 0 1 0
vn 0 1 0
vn 0 1 0
vn 0 1 0
vn 0 1 0
vn 0 1 0
vn 0 1 0
vn 0 1 0
vn 0 1 0
vn 0 1 0
vn 0 1 0
vn 0 1 0
vn 0 1 0
vn 0 1 0
vn 0 1 0
vn 0 1 0
vn 0 1 0
vn 0 1 0
vn 0 1 0
vn 0 -1 0
vn 0 -1 0
vn 0 -1 0
vn 0 -1 0
vn 0 -1 0
vn 0 -1 0
vn 0 -1 0
vn 0 -1 0
vn 0 -1 0
vn 0 -1 0
vn 0 -1 0
vn 0 -1 0
vn 0 -1 0
vn 0 -1 0
vn 0 -1 0
vn 0 -1 0
vn 0 -1 0
vn 0 -1 0
vn 0 -1 0
vn 0 -1 0
vn 0 -1 0
vn 0 -1 0
vn 0 -1 0
vn 0 -1 0
vn 0 -1 0
f 3513/3513/3513 3526/3526/3526 3514/3514/3514
f 3526/3526/3526 3527/3527/3527 3514/3514/3514
f 3514/3514/3514 3527/3527/3527 3515/3515/3515
f 3527/3527/3527 3528/3528/3528 3515/3515/3515
f 3515/3515/3515 3528/3528/3528 3516/3516/3516
f 3528/3528/3528 3529/3529/3529 3516/3516/3516
f 3516/3516/3516 3529/3529/3529 3517/3517/3517
f 3529/3529/3529 3530/3530/3530 3517/3517/3517
f 3517/3517/3517 3530/3530/3530 3518/3518/3518
f 3530/3530/3530 3531/3531/3531 3518/3518/3518
f 3518/3518/3518 3531/3531/3531 3519/3519/3519
f 3531/3531/3531 3532/3532/3532 3519/3519/3519
f 3519/3519/3519 3532/3532/3532 3520/3520/3520
f 3532/3532/3532 3533/3533/3533 3520/3520/3520
f 3520/3520/3520 3533/3533/3533 3521/3521/3521
f 3533/3533/3533 3534/3534/3534 3521/3521/3521
f 3521/3521/3521 3534/3534/3534 3522/3522/3522
f 3534/3534/3534 3535/3535/3535 3522/3522/3522
f 3522/3522/3522 3535/3535/3535 3523/3523/3523
f 3535/3535/3535 3536/3536/3536 3523/3523/3523
f 3523/3523/3523 3536/3536/3536 3524/3524/3524
f 3536/3536/3536 3537/3537/3537 3524/3524/3524
f 3524/3524/3524 3537/3537/3537 3525/3525/3525
f 3537/3537/3537 3538/3538/3538 3525/3525/3525
f 3551/3551/3551 3552/3552/3552 3539/3539/3539
f 3552/3552/3552 3553/3553/3553 3540/3540/3540
f 3553/3553/3553 3554/3554/3554 3541/3541/3541
f 3554/3554/3554 3555/3555/3555 3542/3542/3542
f 3555/3555/3555 3556/3556/3556 3543/3543/3543
f 3556/3556/3556 3557/3557/3557 3544/3544/3544
f 3557/3557/3557 3558/3558/3558 3545/3545/3545
f 3558/3558/3558 3559/3559/3559 3546/3546/3546
f 3559/3559/3559 3560/3560/3560 3547/3547/3547
f 3560/3560/3560 3561/3561/3561 3548/3548/3548
f 3561/3561/3561 3562/3562/3562 3549/3549/3549
f 3562/3562/3562 3563/3563/3563 3550/3550/3550
f 3577/3577/3577 3576/3576/3576 3564/3564/3564
f 3578/3578/3578 3577/3577/3577 3565/3565/3565
f 3579/3579/3579 3578/3578/3578 3566/3566/3566
f 3580/3580/3580 3579/3579/3579 3567/3567/3567
f 3581/3581/3581 3580/3580/3580 3568/3568/3568
f 3582/3582/3582 3581/3581/3581 3569/3569/3569
f 3583/3583/3583 3582/3582/3582 3570/3570/3570
f 3584/3584/3584 3583/3583/3583 3571/3571/3571
f 3585/3585/3585 3584/3584/3584 3572/3572/3572
f 3586/3586/3586 3585/3585/3585 3573/3573/3573
f 3587/3587/3587 3586/3586/3586 3574/3574/3574
f 3588/3588/3588 3587/3587/3587 3575/3575/3575
o crate_a_cap_8
usemtl enamel
v -1.5999999999999999 0.34999999966472384 1.8520000015199185
v -1.5839999992400406 0.34999999966472384 1.8477128126472235
v -1.5722871873527764 0.34999999966472384 1.8360000007599593
v -1.5679999984800814 0.34999999966472384 1.82
v -1.5722871873527764 0.34999999966472384 1.8039999992400408
v -1.5839999992400406 0.34999999966472384 1.7922871873527766
v -1.5999999999999999 0.34999999966472384 1.7879999984800816
v -1.616000000759959 0.34999999966472384 1.7922871873527766
v -1.6277128126472233 0.34999999966472384 1.8039999992400408
v -1.6320000015199183 0.34999999966472384 1.82
v -1.6277128126472233 0.34999999966472384 1.8360000007599593
v -1.616000000759959 0.34999999966472384 1.8477128126472235
v -1.5999999999999999 0.34999999966472384 1.8520000015199185
v -1.5999999999999999 0.3200000003352761 1.8520000015199185
v -1.5839999992400406 0.3200000003352761 1.8477128126472235
v -1.5722871873527764 0.3200000003352761 1.8360000007599593
v -1.5679999984800814 0.3200000003352761 1.82
v -1.5722871873527764 0.3200000003352761 1.8039999992400408
v -1.5839999992400406 0.3200000003352761 1.7922871873527766
v -1.5999999999999999 0.3200000003352761 1.7879999984800816
v -1.616000000759959 0.3200000003352761 1.7922871873527766
v -1.6277128126472233 0.3200000003352761 1.8039999992400408
v -1.6320000015199183 0.3200000003352761 1.82
v -1.6277128126472233 0.3200000003352761 1.8360000007599593
v -1.616000000759959 0.3200000003352761 1.8477128126472235
v -1.5999999999999999 0.3200000003352761 1.8520000015199185
v -1.5999999999999999 0.34999999966472384 1.82
v -1.5999999999999999 0.34999999966472384 1.82
v -1.5999999999999999 0.34999999966472384 1.82
v -1.5999999999999999 0.34999999966472384 1.82
v -1.5999999999999999 0.34999999966472384 1.82
v -1.5999999999999999 0.34999999966472384 1.82
v -1.5999999999999999 0.34999999966472384 1.82
v -1.5999999999999999 0.34999999966472384 1.82
v -1.5999999999999999 0.34999999966472384 1.82
v -1.5999999999999999 0.34999999966472384 1.82
v -1.5999999999999999 0.34999999966472384 1.82
v -1.5999999999999999 0.34999999966472384 1.82
v -1.5999999999999999 0.34999999966472384 1.8520000015199185
v -1.5839999992400406 0.34999999966472384 1.8477128126472235
v -1.5722871873527764 0.34999999966472384 1.8360000007599593
v -1.5679999984800814 0.34999999966472384 1.82
v -1.5722871873527764 0.34999999966472384 1.8039999992400408
v -1.5839999992400406 0.34999999966472384 1.7922871873527766
v -1.5999999999999999 0.34999999966472384 1.7879999984800816
v -1.616000000759959 0.34999999966472384 1.7922871873527766
v -1.6277128126472233 0.34999999966472384 1.8039999992400408
v -1.6320000015199183 0.34999999966472384 1.82
v -1.6277128126472233 0.34999999966472384 1.8360000007599593
v -1.616000000759959 0.34999999966472384 1.8477128126472235
v -1.5999999999999999 0.34999999966472384 1.8520000015199185
v -1.5999999999999999 0.3200000003352761 1.82
v -1.5999999999999999 0.3200000003352761 1.82
v -1.5999999999999999 0.3200000003352761 1.82
v -1.5999999999999999 0.3200000003352761 1.82
v -1.5999999999999999 0.3200000003352761 1.82
v -1.5999999999999999 0.3200000003352761 1.82
v -1.5999999999999999 0.3200000003352761 1.82
v -1.5999999999999999 0.3200000003352761 1.82
v -1.5999999999999999 0.3200000003352761 1.82
v -1.5999999999999999 0.3200000003352761 1.82
v -1.5999999999999999 0.3200000003352761 1.82
v -1.5999999999999999 0.3200000003352761 1.82
v -1.5999999999999999 0.3200000003352761 1.8520000015199185
v -1.5839999992400406 0.3200000003352761 1.8477128126472235
v -1.5722871873527764 0.3200000003352761 1.8360000007599593
v -1.5679999984800814 0.3200000003352761 1.82
v -1.5722871873527764 0.3200000003352761 1.8039999992400408
v -1.5839999992400406 0.3200000003352761 1.7922871873527766
v -1.5999999999999999 0.3200000003352761 1.7879999984800816
v -1.616000000759959 0.3200000003352761 1.7922871873527766
v -1.6277128126472233 0.3200000003352761 1.8039999992400408
v -1.6320000015199183 0.3200000003352761 1.82
v -1.6277128126472233 0.3200000003352761 1.8360000007599593
v -1.616000000759959 0.3200000003352761 1.8477128126472235
v -1.5999999999999999 0.3200000003352761 1.8520000015199185
vt 0 1
vt 0.0833333358168602 1
vt 0.1666666716337204 1
vt 0.25 1
vt 0.3333333432674408 1
vt 0.4166666567325592 1
vt 0.5 1
vt 0.5833333134651184 1
vt 0.6666666865348816 1
vt 0.75 1
vt 0.8333333134651184 1
vt 0.9166666865348816 1
vt 1 1
vt 0 0
vt 0.0833333358168602 0
vt 0.1666666716337204 0
vt 0.25 0
vt 0.3333333432674408 0
vt 0.4166666567325592 0
vt 0.5 0
vt 0.5833333134651184 0
vt 0.6666666865348816 0
vt 0.75 0
vt 0.8333333134651184 0
vt 0.9166666865348816 0
vt 1 0
vt 0.5 0.5
vt 0.5 0.5
vt 0.5 0.5
vt 0.5 0.5
vt 0.5 0.5
vt 0.5 0.5
vt 0.5 0.5
vt 0.5 0.5
vt 0.5 0.5
vt 0.5 0.5
vt 0.5 0.5
vt 0.5 0.5
vt 1 0.5
vt 0.9330127239227295 0.75
vt 0.75 0.9330127239227295
vt 0.5 1
vt 0.25 0.9330127239227295
vt 0.0669872984290123 0.75
vt 0 0.5
vt 0.0669872984290123 0.25
vt 0.25 0.0669872984290123
vt 0.5 0
vt 0.75 0.0669872984290123
vt 0.9330127239227295 0.25
vt 1 0.5
vt 0.5 0.5
vt 0.5 0.5
vt 0.5 0.5
vt 0.5 0.5
vt 0.5 0.5
vt 0.5 0.5
vt 0.5 0.5
vt 0.5 0.5
vt 0.5 0.5
vt 0.5 0.5
vt 0.5 0.5
vt 0.5 0.5
vt 1 0.5
vt 0.9330127239227295 0.25
vt 0.75 0.0669872984290123
vt 0.5 0
vt 0.25 0.0669872984290123
vt 0.0669872984290123 0.25
vt 0 0.5
vt 0.0669872984290123 0.75
vt 0.25 0.9330127239227295
vt 0.5 1
vt 0.75 0.9330127239227295
vt 0.9330127239227295 0.75
vt 1 0.5
vn 0 0 1
vn 0.5000000067305869 0 0.8660253998985324
vn 0.8660253998985324 0 0.5000000067305869
vn 1 0 6.123234262925839e-17
vn 0.8660253998985324 0 -0.5000000067305869
vn 0.5000000067305869 0 -0.8660253998985324
vn 1.2246468525851679e-16 0 -1
vn -0.5000000067305869 0 -0.8660253998985324
vn -0.8660253998985324 0 -0.5000000067305869
vn -1 0 -1.8369701465288538e-16
vn -0.8660253998985324 0 0.5000000067305869
vn -0.5000000067305869 0 0.8660253998985324
vn -2.4492937051703357e-16 0 1
vn 0 0 1
vn 0.5000000067305869 0 0.8660253998985324
vn 0.8660253998985324 0 0.5000000067305869
vn 1 0 6.123234262925839e-17
vn 0.8660253998985324 0 -0.5000000067305869
vn 0.5000000067305869 0 -0.8660253998985324
vn 1.2246468525851679e-16 0 -1
vn -0.5000000067305869 0 -0.8660253998985324
vn -0.8660253998985324 0 -0.5000000067305869
vn -1 0 -1.8369701465288538e-16
vn -0.8660253998985324 0 0.5000000067305869
vn -0.5000000067305869 0 0.8660253998985324
vn -2.4492937051703357e-16 0 1
vn 0 1 0
vn 0 1 0
vn 0 1 0
vn 0 1 0
vn 0 1 0
vn 0 1 0
vn 0 1 0
vn 0 1 0
vn 0 1 0
vn 0 1 0
vn 0 1 0
vn 0 1 0
vn 0 1 0
vn 0 1 0
vn 0 1 0
vn 0 1 0
vn 0 1 0
vn 0 1 0
vn 0 1 0
vn 0 1 0
vn 0 1 0
vn 0 1 0
vn 0 1 0
vn 0 1 0
vn 0 1 0
vn 0 -1 0
vn 0 -1 0
vn 0 -1 0
vn 0 -1 0
vn 0 -1 0
vn 0 -1 0
vn 0 -1 0
vn 0 -1 0
vn 0 -1 0
vn 0 -1 0
vn 0 -1 0
vn 0 -1 0
vn 0 -1 0
vn 0 -1 0
vn 0 -1 0
vn 0 -1 0
vn 0 -1 0
vn 0 -1 0
vn 0 -1 0
vn 0 -1 0
vn 0 -1 0
vn 0 -1 0
vn 0 -1 0
vn 0 -1 0
vn 0 -1 0
f 3589/3589/3589 3602/3602/3602 3590/3590/3590
f 3602/3602/3602 3603/3603/3603 3590/3590/3590
f 3590/3590/3590 3603/3603/3603 3591/3591/3591
f 3603/3603/3603 3604/3604/3604 3591/3591/3591
f 3591/3591/3591 3604/3604/3604 3592/3592/3592
f 3604/3604/3604 3605/3605/3605 3592/3592/3592
f 3592/3592/3592 3605/3605/3605 3593/3593/3593
f 3605/3605/3605 3606/3606/3606 3593/3593/3593
f 3593/3593/3593 3606/3606/3606 3594/3594/3594
f 3606/3606/3606 3607/3607/3607 3594/3594/3594
f 3594/3594/3594 3607/3607/3607 3595/3595/3595
f 3607/3607/3607 3608/3608/3608 3595/3595/3595
f 3595/3595/3595 3608/3608/3608 3596/3596/3596
f 3608/3608/3608 3609/3609/3609 3596/3596/3596
f 3596/3596/3596 3609/3609/3609 3597/3597/3597
f 3609/3609/3609 3610/3610/3610 3597/3597/3597
f 3597/3597/3597 3610/3610/3610 3598/3598/3598
f 3610/3610/3610 3611/3611/3611 3598/3598/3598
f 3598/3598/3598 3611/3611/3611 3599/3599/3599
f 3611/3611/3611 3612/3612/3612 3599/3599/3599
f 3599/3599/3599 3612/3612/3612 3600/3600/3600
f 3612/3612/3612 3613/3613/3613 3600/3600/3600
f 3600/3600/3600 3613/3613/3613 3601/3601/3601
f 3613/3613/3613 3614/3614/3614 3601/3601/3601
f 3627/3627/3627 3628/3628/3628 3615/3615/3615
f 3628/3628/3628 3629/3629/3629 3616/3616/3616
f 3629/3629/3629 3630/3630/3630 3617/3617/3617
f 3630/3630/3630 3631/3631/3631 3618/3618/3618
f 3631/3631/3631 3632/3632/3632 3619/3619/3619
f 3632/3632/3632 3633/3633/3633 3620/3620/3620
f 3633/3633/3633 3634/3634/3634 3621/3621/3621
f 3634/3634/3634 3635/3635/3635 3622/3622/3622
f 3635/3635/3635 3636/3636/3636 3623/3623/3623
f 3636/3636/3636 3637/3637/3637 3624/3624/3624
f 3637/3637/3637 3638/3638/3638 3625/3625/3625
f 3638/3638/3638 3639/3639/3639 3626/3626/3626
f 3653/3653/3653 3652/3652/3652 3640/3640/3640
f 3654/3654/3654 3653/3653/3653 3641/3641/3641
f 3655/3655/3655 3654/3654/3654 3642/3642/3642
f 3656/3656/3656 3655/3655/3655 3643/3643/3643
f 3657/3657/3657 3656/3656/3656 3644/3644/3644
f 3658/3658/3658 3657/3657/3657 3645/3645/3645
f 3659/3659/3659 3658/3658/3658 3646/3646/3646
f 3660/3660/3660 3659/3659/3659 3647/3647/3647
f 3661/3661/3661 3660/3660/3660 3648/3648/3648
f 3662/3662/3662 3661/3661/3661 3649/3649/3649
f 3663/3663/3663 3662/3662/3662 3650/3650/3650
f 3664/3664/3664 3663/3663/3663 3651/3651/3651
o crate_b_body
usemtl paint_red
v -1.530000001192093 0.625000005364418 1.9099999964237213
v -1.530000001192093 0.625000005364418 1.5900000035762787
v -1.530000001192093 0.35499999463558196 1.9099999964237213
v -1.530000001192093 0.35499999463558196 1.5900000035762787
v -1.969999998807907 0.625000005364418 1.5900000035762787
v -1.969999998807907 0.625000005364418 1.9099999964237213
v -1.969999998807907 0.35499999463558196 1.5900000035762787
v -1.969999998807907 0.35499999463558196 1.9099999964237213
v -1.969999998807907 0.625000005364418 1.5900000035762787
v -1.530000001192093 0.625000005364418 1.5900000035762787
v -1.969999998807907 0.625000005364418 1.9099999964237213
v -1.530000001192093 0.625000005364418 1.9099999964237213
v -1.969999998807907 0.35499999463558196 1.9099999964237213
v -1.530000001192093 0.35499999463558196 1.9099999964237213
v -1.969999998807907 0.35499999463558196 1.5900000035762787
v -1.530000001192093 0.35499999463558196 1.5900000035762787
v -1.969999998807907 0.625000005364418 1.9099999964237213
v -1.530000001192093 0.625000005364418 1.9099999964237213
v -1.969999998807907 0.35499999463558196 1.9099999964237213
v -1.530000001192093 0.35499999463558196 1.9099999964237213
v -1.530000001192093 0.625000005364418 1.5900000035762787
v -1.969999998807907 0.625000005364418 1.5900000035762787
v -1.530000001192093 0.35499999463558196 1.5900000035762787
v -1.969999998807907 0.35499999463558196 1.5900000035762787
vt 0 1
vt 1 1
vt 0 0
vt 1 0
vt 0 1
vt 1 1
vt 0 0
vt 1 0
vt 0 1
vt 1 1
vt 0 0
vt 1 0
vt 0 1
vt 1 1
vt 0 0
vt 1 0
vt 0 1
vt 1 1
vt 0 0
vt 1 0
vt 0 1
vt 1 1
vt 0 0
vt 1 0
vn 1 0 0
vn 1 0 0
vn 1 0 0
vn 1 0 0
vn -1 0 0
vn -1 0 0
vn -1 0 0
vn -1 0 0
vn 0 1 0
vn 0 1 0
vn 0 1 0
vn 0 1 0
vn 0 -1 0
vn 0 -1 0
vn 0 -1 0
vn 0 -1 0
vn 0 0 1
vn 0 0 1
vn 0 0 1
vn 0 0 1
vn 0 0 -1
vn 0 0 -1
vn 0 0 -1
vn 0 0 -1
f 3665/3665/3665 3667/3667/3667 3666/3666/3666
f 3667/3667/3667 3668/3668/3668 3666/3666/3666
f 3669/3669/3669 3671/3671/3671 3670/3670/3670
f 3671/3671/3671 3672/3672/3672 3670/3670/3670
f 3673/3673/3673 3675/3675/3675 3674/3674/3674
f 3675/3675/3675 3676/3676/3676 3674/3674/3674
f 3677/3677/3677 3679/3679/3679 3678/3678/3678
f 3679/3679/3679 3680/3680/3680 3678/3678/3678
f 3681/3681/3681 3683/3683/3683 3682/3682/3682
f 3683/3683/3683 3684/3684/3684 3682/3682/3682
f 3685/3685/3685 3687/3687/3687 3686/3686/3686
f 3687/3687/3687 3688/3688/3688 3686/3686/3686
o crate_b_rim
usemtl paint_red
v -1.5199999958276749 0.645000000372529 1.9200000017881393
v -1.5199999958276749 0.645000000372529 1.5799999982118607
v -1.5199999958276749 0.594999999627471 1.9200000017881393
v -1.5199999958276749 0.594999999627471 1.5799999982118607
v -1.9800000041723251 0.645000000372529 1.5799999982118607
v -1.9800000041723251 0.645000000372529 1.9200000017881393
v -1.9800000041723251 0.594999999627471 1.5799999982118607
v -1.9800000041723251 0.594999999627471 1.9200000017881393
v -1.9800000041723251 0.645000000372529 1.5799999982118607
v -1.5199999958276749 0.645000000372529 1.5799999982118607
v -1.9800000041723251 0.645000000372529 1.9200000017881393
v -1.5199999958276749 0.645000000372529 1.9200000017881393
v -1.9800000041723251 0.594999999627471 1.9200000017881393
v -1.5199999958276749 0.594999999627471 1.9200000017881393
v -1.9800000041723251 0.594999999627471 1.5799999982118607
v -1.5199999958276749 0.594999999627471 1.5799999982118607
v -1.9800000041723251 0.645000000372529 1.9200000017881393
v -1.5199999958276749 0.645000000372529 1.9200000017881393
v -1.9800000041723251 0.594999999627471 1.9200000017881393
v -1.5199999958276749 0.594999999627471 1.9200000017881393
v -1.5199999958276749 0.645000000372529 1.5799999982118607
v -1.9800000041723251 0.645000000372529 1.5799999982118607
v -1.5199999958276749 0.594999999627471 1.5799999982118607
v -1.9800000041723251 0.594999999627471 1.5799999982118607
vt 0 1
vt 1 1
vt 0 0
vt 1 0
vt 0 1
vt 1 1
vt 0 0
vt 1 0
vt 0 1
vt 1 1
vt 0 0
vt 1 0
vt 0 1
vt 1 1
vt 0 0
vt 1 0
vt 0 1
vt 1 1
vt 0 0
vt 1 0
vt 0 1
vt 1 1
vt 0 0
vt 1 0
vn 1 0 0
vn 1 0 0
vn 1 0 0
vn 1 0 0
vn -1 0 0
vn -1 0 0
vn -1 0 0
vn -1 0 0
vn 0 1 0
vn 0 1 0
vn 0 1 0
vn 0 1 0
vn 0 -1 0
vn 0 -1 0
vn 0 -1 0
vn 0 -1 0
vn 0 0 1
vn 0 0 1
vn 0 0 1
vn 0 0 1
vn 0 0 -1
vn 0 0 -1
vn 0 0 -1
vn 0 0 -1
f 3689/3689/3689 3691/3691/3691 3690/3690/3690
f 3691/3691/3691 3692/3692/3692 3690/3690/3690
f 3693/3693/3693 3695/3695/3695 3694/3694/3694
f 3695/3695/3695 3696/3696/3696 3694/3694/3694
f 3697/3697/3697 3699/3699/3699 3698/3698/3698
f 3699/3699/3699 3700/3700/3700 3698/3698/3698
f 3701/3701/3701 3703/3703/3703 3702/3702/3702
f 3703/3703/3703 3704/3704/3704 3702/3702/3702
f 3705/3705/3705 3707/3707/3707 3706/3706/3706
f 3707/3707/3707 3708/3708/3708 3706/3706/3706
f 3709/3709/3709 3711/3711/3711 3710/3710/3710
f 3711/3711/3711 3712/3712/3712 3710/3710/3710
o crate_b_cap_1
usemtl enamel
v -1.9 0.6499999996647239 1.7120000015199184
v -1.8839999992400407 0.6499999996647239 1.7077128126472234
v -1.8722871873527764 0.6499999996647239 1.6960000007599592
v -1.8679999984800815 0.6499999996647239 1.68
v -1.8722871873527764 0.6499999996647239 1.6639999992400407
v -1.8839999992400407 0.6499999996647239 1.6522871873527765
v -1.9 0.6499999996647239 1.6479999984800815
v -1.9160000007599591 0.6499999996647239 1.6522871873527765
v -1.9277128126472234 0.6499999996647239 1.6639999992400407
v -1.9320000015199184 0.6499999996647239 1.68
v -1.9277128126472234 0.6499999996647239 1.6960000007599592
v -1.9160000007599591 0.6499999996647239 1.7077128126472234
v -1.9 0.6499999996647239 1.7120000015199184
v -1.9 0.6200000003352761 1.7120000015199184
v -1.8839999992400407 0.6200000003352761 1.7077128126472234
v -1.8722871873527764 0.6200000003352761 1.6960000007599592
v -1.8679999984800815 0.6200000003352761 1.68
v -1.8722871873527764 0.6200000003352761 1.6639999992400407
v -1.8839999992400407 0.6200000003352761 1.6522871873527765
v -1.9 0.6200000003352761 1.6479999984800815
v -1.9160000007599591 0.6200000003352761 1.6522871873527765
v -1.9277128126472234 0.6200000003352761 1.6639999992400407
v -1.9320000015199184 0.6200000003352761 1.68
v -1.9277128126472234 0.6200000003352761 1.6960000007599592
v -1.9160000007599591 0.6200000003352761 1.7077128126472234
v -1.9 0.6200000003352761 1.7120000015199184
v -1.9 0.6499999996647239 1.68
v -1.9 0.6499999996647239 1.68
v -1.9 0.6499999996647239 1.68
v -1.9 0.6499999996647239 1.68
v -1.9 0.6499999996647239 1.68
v -1.9 0.6499999996647239 1.68
v -1.9 0.6499999996647239 1.68
v -1.9 0.6499999996647239 1.68
v -1.9 0.6499999996647239 1.68
v -1.9 0.6499999996647239 1.68
v -1.9 0.6499999996647239 1.68
v -1.9 0.6499999996647239 1.68
v -1.9 0.6499999996647239 1.7120000015199184
v -1.8839999992400407 0.6499999996647239 1.7077128126472234
v -1.8722871873527764 0.6499999996647239 1.6960000007599592
v -1.8679999984800815 0.6499999996647239 1.68
v -1.8722871873527764 0.6499999996647239 1.6639999992400407
v -1.8839999992400407 0.6499999996647239 1.6522871873527765
v -1.9 0.6499999996647239 1.6479999984800815
v -1.9160000007599591 0.6499999996647239 1.6522871873527765
v -1.9277128126472234 0.6499999996647239 1.6639999992400407
v -1.9320000015199184 0.6499999996647239 1.68
v -1.9277128126472234 0.6499999996647239 1.6960000007599592
v -1.9160000007599591 0.6499999996647239 1.7077128126472234
v -1.9 0.6499999996647239 1.7120000015199184
v -1.9 0.6200000003352761 1.68
v -1.9 0.6200000003352761 1.68
v -1.9 0.6200000003352761 1.68
v -1.9 0.6200000003352761 1.68
v -1.9 0.6200000003352761 1.68
v -1.9 0.6200000003352761 1.68
v -1.9 0.6200000003352761 1.68
v -1.9 0.6200000003352761 1.68
v -1.9 0.6200000003352761 1.68
v -1.9 0.6200000003352761 1.68
v -1.9 0.6200000003352761 1.68
v -1.9 0.6200000003352761 1.68
v -1.9 0.6200000003352761 1.7120000015199184
v -1.8839999992400407 0.6200000003352761 1.7077128126472234
v -1.8722871873527764 0.6200000003352761 1.6960000007599592
v -1.8679999984800815 0.6200000003352761 1.68
v -1.8722871873527764 0.6200000003352761 1.6639999992400407
v -1.8839999992400407 0.6200000003352761 1.6522871873527765
v -1.9 0.6200000003352761 1.6479999984800815
v -1.9160000007599591 0.6200000003352761 1.6522871873527765
v -1.9277128126472234 0.6200000003352761 1.6639999992400407
v -1.9320000015199184 0.6200000003352761 1.68
v -1.9277128126472234 0.6200000003352761 1.6960000007599592
v -1.9160000007599591 0.6200000003352761 1.7077128126472234
v -1.9 0.6200000003352761 1.7120000015199184
vt 0 1
vt 0.0833333358168602 1
vt 0.1666666716337204 1
vt 0.25 1
vt 0.3333333432674408 1
vt 0.4166666567325592 1
vt 0.5 1
vt 0.5833333134651184 1
vt 0.6666666865348816 1
vt 0.75 1
vt 0.8333333134651184 1
vt 0.9166666865348816 1
vt 1 1
vt 0 0
vt 0.0833333358168602 0
vt 0.1666666716337204 0
vt 0.25 0
vt 0.3333333432674408 0
vt 0.4166666567325592 0
vt 0.5 0
vt 0.5833333134651184 0
vt 0.6666666865348816 0
vt 0.75 0
vt 0.8333333134651184 0
vt 0.9166666865348816 0
vt 1 0
vt 0.5 0.5
vt 0.5 0.5
vt 0.5 0.5
vt 0.5 0.5
vt 0.5 0.5
vt 0.5 0.5
vt 0.5 0.5
vt 0.5 0.5
vt 0.5 0.5
vt 0.5 0.5
vt 0.5 0.5
vt 0.5 0.5
vt 1 0.5
vt 0.9330127239227295 0.75
vt 0.75 0.9330127239227295
vt 0.5 1
vt 0.25 0.9330127239227295
vt 0.0669872984290123 0.75
vt 0 0.5
vt 0.0669872984290123 0.25
vt 0.25 0.0669872984290123
vt 0.5 0
vt 0.75 0.0669872984290123
vt 0.9330127239227295 0.25
vt 1 0.5
vt 0.5 0.5
vt 0.5 0.5
vt 0.5 0.5
vt 0.5 0.5
vt 0.5 0.5
vt 0.5 0.5
vt 0.5 0.5
vt 0.5 0.5
vt 0.5 0.5
vt 0.5 0.5
vt 0.5 0.5
vt 0.5 0.5
vt 1 0.5
vt 0.9330127239227295 0.25
vt 0.75 0.0669872984290123
vt 0.5 0
vt 0.25 0.0669872984290123
vt 0.0669872984290123 0.25
vt 0 0.5
vt 0.0669872984290123 0.75
vt 0.25 0.9330127239227295
vt 0.5 1
vt 0.75 0.9330127239227295
vt 0.9330127239227295 0.75
vt 1 0.5
vn 0 0 1
vn 0.5000000067305869 0 0.8660253998985324
vn 0.8660253998985324 0 0.5000000067305869
vn 1 0 6.123234262925839e-17
vn 0.8660253998985324 0 -0.5000000067305869
vn 0.5000000067305869 0 -0.8660253998985324
vn 1.2246468525851679e-16 0 -1
vn -0.5000000067305869 0 -0.8660253998985324
vn -0.8660253998985324 0 -0.5000000067305869
vn -1 0 -1.8369701465288538e-16
vn -0.8660253998985324 0 0.5000000067305869
vn -0.5000000067305869 0 0.8660253998985324
vn -2.4492937051703357e-16 0 1
vn 0 0 1
vn 0.5000000067305869 0 0.8660253998985324
vn 0.8660253998985324 0 0.5000000067305869
vn 1 0 6.123234262925839e-17
vn 0.8660253998985324 0 -0.5000000067305869
vn 0.5000000067305869 0 -0.8660253998985324
vn 1.2246468525851679e-16 0 -1
vn -0.5000000067305869 0 -0.8660253998985324
vn -0.8660253998985324 0 -0.5000000067305869
vn -1 0 -1.8369701465288538e-16
vn -0.8660253998985324 0 0.5000000067305869
vn -0.5000000067305869 0 0.8660253998985324
vn -2.4492937051703357e-16 0 1
vn 0 1 0
vn 0 1 0
vn 0 1 0
vn 0 1 0
vn 0 1 0
vn 0 1 0
vn 0 1 0
vn 0 1 0
vn 0 1 0
vn 0 1 0
vn 0 1 0
vn 0 1 0
vn 0 1 0
vn 0 1 0
vn 0 1 0
vn 0 1 0
vn 0 1 0
vn 0 1 0
vn 0 1 0
vn 0 1 0
vn 0 1 0
vn 0 1 0
vn 0 1 0
vn 0 1 0
vn 0 1 0
vn 0 -1 0
vn 0 -1 0
vn 0 -1 0
vn 0 -1 0
vn 0 -1 0
vn 0 -1 0
vn 0 -1 0
vn 0 -1 0
vn 0 -1 0
vn 0 -1 0
vn 0 -1 0
vn 0 -1 0
vn 0 -1 0
vn 0 -1 0
vn 0 -1 0
vn 0 -1 0
vn 0 -1 0
vn 0 -1 0
vn 0 -1 0
vn 0 -1 0
vn 0 -1 0
vn 0 -1 0
vn 0 -1 0
vn 0 -1 0
vn 0 -1 0
f 3713/3713/3713 3726/3726/3726 3714/3714/3714
f 3726/3726/3726 3727/3727/3727 3714/3714/3714
f 3714/3714/3714 3727/3727/3727 3715/3715/3715
f 3727/3727/3727 3728/3728/3728 3715/3715/3715
f 3715/3715/3715 3728/3728/3728 3716/3716/3716
f 3728/3728/3728 3729/3729/3729 3716/3716/3716
f 3716/3716/3716 3729/3729/3729 3717/3717/3717
f 3729/3729/3729 3730/3730/3730 3717/3717/3717
f 3717/3717/3717 3730/3730/3730 3718/3718/3718
f 3730/3730/3730 3731/3731/3731 3718/3718/3718
f 3718/3718/3718 3731/3731/3731 3719/3719/3719
f 3731/3731/3731 3732/3732/3732 3719/3719/3719
f 3719/3719/3719 3732/3732/3732 3720/3720/3720
f 3732/3732/3732 3733/3733/3733 3720/3720/3720
f 3720/3720/3720 3733/3733/3733 3721/3721/3721
f 3733/3733/3733 3734/3734/3734 3721/3721/3721
f 3721/3721/3721 3734/3734/3734 3722/3722/3722
f 3734/3734/3734 3735/3735/3735 3722/3722/3722
f 3722/3722/3722 3735/3735/3735 3723/3723/3723
f 3735/3735/3735 3736/3736/3736 3723/3723/3723
f 3723/3723/3723 3736/3736/3736 3724/3724/3724
f 3736/3736/3736 3737/3737/3737 3724/3724/3724
f 3724/3724/3724 3737/3737/3737 3725/3725/3725
f 3737/3737/3737 3738/3738/3738 3725/3725/3725
f 3751/3751/3751 3752/3752/3752 3739/3739/3739
f 3752/3752/3752 3753/3753/3753 3740/3740/3740
f 3753/3753/3753 3754/3754/3754 3741/3741/3741
f 3754/3754/3754 3755/3755/3755 3742/3742/3742
f 3755/3755/3755 3756/3756/3756 3743/3743/3743
f 3756/3756/3756 3757/3757/3757 3744/3744/3744
f 3757/3757/3757 3758/3758/3758 3745/3745/3745
f 3758/3758/3758 3759/3759/3759 3746/3746/3746
f 3759/3759/3759 3760/3760/3760 3747/3747/3747
f 3760/3760/3760 3761/3761/3761 3748/3748/3748
f 3761/3761/3761 3762/3762/3762 3749/3749/3749
f 3762/3762/3762 3763/3763/3763 3750/3750/3750
f 3777/3777/3777 3776/3776/3776 3764/3764/3764
f 3778/3778/3778 3777/3777/3777 3765/3765/3765
f 3779/3779/3779 3778/3778/3778 3766/3766/3766
f 3780/3780/3780 3779/3779/3779 3767/3767/3767
f 3781/3781/3781 3780/3780/3780 3768/3768/3768
f 3782/3782/3782 3781/3781/3781 3769/3769/3769
f 3783/3783/3783 3782/3782/3782 3770/3770/3770
f 3784/3784/3784 3783/3783/3783 3771/3771/3771
f 3785/3785/3785 3784/3784/3784 3772/3772/3772
f 3786/3786/3786 3785/3785/3785 3773/3773/3773
f 3787/3787/3787 3786/3786/3786 3774/3774/3774
f 3788/3788/3788 3787/3787/3787 3775/3775/3775
o crate_b_cap_2
usemtl enamel
v -1.8 0.6499999996647239 1.7120000015199184
v -1.7839999992400408 0.6499999996647239 1.7077128126472234
v -1.7722871873527766 0.6499999996647239 1.6960000007599592
v -1.7679999984800816 0.6499999996647239 1.68
v -1.7722871873527766 0.6499999996647239 1.6639999992400407
v -1.7839999992400408 0.6499999996647239 1.6522871873527765
v -1.8 0.6499999996647239 1.6479999984800815
v -1.8160000007599593 0.6499999996647239 1.6522871873527765
v -1.8277128126472235 0.6499999996647239 1.6639999992400407
v -1.8320000015199185 0.6499999996647239 1.68
v -1.8277128126472235 0.6499999996647239 1.6960000007599592
v -1.8160000007599593 0.6499999996647239 1.7077128126472234
v -1.8 0.6499999996647239 1.7120000015199184
v -1.8 0.6200000003352761 1.7120000015199184
v -1.7839999992400408 0.6200000003352761 1.7077128126472234
v -1.7722871873527766 0.6200000003352761 1.6960000007599592
v -1.7679999984800816 0.6200000003352761 1.68
v -1.7722871873527766 0.6200000003352761 1.6639999992400407
v -1.7839999992400408 0.6200000003352761 1.6522871873527765
v -1.8 0.6200000003352761 1.6479999984800815
v -1.8160000007599593 0.6200000003352761 1.6522871873527765
v -1.8277128126472235 0.6200000003352761 1.6639999992400407
v -1.8320000015199185 0.6200000003352761 1.68
v -1.8277128126472235 0.6200000003352761 1.6960000007599592
v -1.8160000007599593 0.6200000003352761 1.7077128126472234
v -1.8 0.6200000003352761 1.7120000015199184
v -1.8 0.6499999996647239 1.68
v -1.8 0.6499999996647239 1.68
v -1.8 0.6499999996647239 1.68
v -1.8 0.6499999996647239 1.68
v -1.8 0.6499999996647239 1.68
v -1.8 0.6499999996647239 1.68
v -1.8 0.6499999996647239 1.68
v -1.8 0.6499999996647239 1.68
v -1.8 0.6499999996647239 1.68
v -1.8 0.6499999996647239 1.68
v -1.8 0.6499999996647239 1.68
v -1.8 0.6499999996647239 1.68
v -1.8 0.6499999996647239 1.7120000015199184
v -1.7839999992400408 0.6499999996647239 1.7077128126472234
v -1.7722871873527766 0.6499999996647239 1.6960000007599592
v -1.7679999984800816 0.6499999996647239 1.68
v -1.7722871873527766 0.6499999996647239 1.6639999992400407
v -1.7839999992400408 0.6499999996647239 1.6522871873527765
v -1.8 0.6499999996647239 1.6479999984800815
v -1.8160000007599593 0.6499999996647239 1.6522871873527765
v -1.8277128126472235 0.6499999996647239 1.6639999992400407
v -1.8320000015199185 0.6499999996647239 1.68
v -1.8277128126472235 0.6499999996647239 1.6960000007599592
v -1.8160000007599593 0.6499999996647239 1.7077128126472234
v -1.8 0.6499999996647239 1.7120000015199184
v -1.8 0.6200000003352761 1.68
v -1.8 0.6200000003352761 1.68
v -1.8 0.6200000003352761 1.68
v -1.8 0.6200000003352761 1.68
v -1.8 0.6200000003352761 1.68
v -1.8 0.6200000003352761 1.68
v -1.8 0.6200000003352761 1.68
v -1.8 0.6200000003352761 1.68
v -1.8 0.6200000003352761 1.68
v -1.8 0.6200000003352761 1.68
v -1.8 0.6200000003352761 1.68
v -1.8 0.6200000003352761 1.68
v -1.8 0.6200000003352761 1.7120000015199184
v -1.7839999992400408 0.6200000003352761 1.7077128126472234
v -1.7722871873527766 0.6200000003352761 1.6960000007599592
v -1.7679999984800816 0.6200000003352761 1.68
v -1.7722871873527766 0.6200000003352761 1.6639999992400407
v -1.7839999992400408 0.6200000003352761 1.6522871873527765
v -1.8 0.6200000003352761 1.6479999984800815
v -1.8160000007599593 0.6200000003352761 1.6522871873527765
v -1.8277128126472235 0.6200000003352761 1.6639999992400407
v -1.8320000015199185 0.6200000003352761 1.68
v -1.8277128126472235 0.6200000003352761 1.6960000007599592
v -1.8160000007599593 0.6200000003352761 1.7077128126472234
v -1.8 0.6200000003352761 1.7120000015199184
vt 0 1
vt 0.0833333358168602 1
vt 0.1666666716337204 1
vt 0.25 1
vt 0.3333333432674408 1
vt 0.4166666567325592 1
vt 0.5 1
vt 0.5833333134651184 1
vt 0.6666666865348816 1
vt 0.75 1
vt 0.8333333134651184 1
vt 0.9166666865348816 1
vt 1 1
vt 0 0
vt 0.0833333358168602 0
vt 0.1666666716337204 0
vt 0.25 0
vt 0.3333333432674408 0
vt 0.4166666567325592 0
vt 0.5 0
vt 0.5833333134651184 0
vt 0.6666666865348816 0
vt 0.75 0
vt 0.8333333134651184 0
vt 0.9166666865348816 0
vt 1 0
vt 0.5 0.5
vt 0.5 0.5
vt 0.5 0.5
vt 0.5 0.5
vt 0.5 0.5
vt 0.5 0.5
vt 0.5 0.5
vt 0.5 0.5
vt 0.5 0.5
vt 0.5 0.5
vt 0.5 0.5
vt 0.5 0.5
vt 1 0.5
vt 0.9330127239227295 0.75
vt 0.75 0.9330127239227295
vt 0.5 1
vt 0.25 0.9330127239227295
vt 0.0669872984290123 0.75
vt 0 0.5
vt 0.0669872984290123 0.25
vt 0.25 0.0669872984290123
vt 0.5 0
vt 0.75 0.0669872984290123
vt 0.9330127239227295 0.25
vt 1 0.5
vt 0.5 0.5
vt 0.5 0.5
vt 0.5 0.5
vt 0.5 0.5
vt 0.5 0.5
vt 0.5 0.5
vt 0.5 0.5
vt 0.5 0.5
vt 0.5 0.5
vt 0.5 0.5
vt 0.5 0.5
vt 0.5 0.5
vt 1 0.5
vt 0.9330127239227295 0.25
vt 0.75 0.0669872984290123
vt 0.5 0
vt 0.25 0.0669872984290123
vt 0.0669872984290123 0.25
vt 0 0.5
vt 0.0669872984290123 0.75
vt 0.25 0.9330127239227295
vt 0.5 1
vt 0.75 0.9330127239227295
vt 0.9330127239227295 0.75
vt 1 0.5
vn 0 0 1
vn 0.5000000067305869 0 0.8660253998985324
vn 0.8660253998985324 0 0.5000000067305869
vn 1 0 6.123234262925839e-17
vn 0.8660253998985324 0 -0.5000000067305869
vn 0.5000000067305869 0 -0.8660253998985324
vn 1.2246468525851679e-16 0 -1
vn -0.5000000067305869 0 -0.8660253998985324
vn -0.8660253998985324 0 -0.5000000067305869
vn -1 0 -1.8369701465288538e-16
vn -0.8660253998985324 0 0.5000000067305869
vn -0.5000000067305869 0 0.8660253998985324
vn -2.4492937051703357e-16 0 1
vn 0 0 1
vn 0.5000000067305869 0 0.8660253998985324
vn 0.8660253998985324 0 0.5000000067305869
vn 1 0 6.123234262925839e-17
vn 0.8660253998985324 0 -0.5000000067305869
vn 0.5000000067305869 0 -0.8660253998985324
vn 1.2246468525851679e-16 0 -1
vn -0.5000000067305869 0 -0.8660253998985324
vn -0.8660253998985324 0 -0.5000000067305869
vn -1 0 -1.8369701465288538e-16
vn -0.8660253998985324 0 0.5000000067305869
vn -0.5000000067305869 0 0.8660253998985324
vn -2.4492937051703357e-16 0 1
vn 0 1 0
vn 0 1 0
vn 0 1 0
vn 0 1 0
vn 0 1 0
vn 0 1 0
vn 0 1 0
vn 0 1 0
vn 0 1 0
vn 0 1 0
vn 0 1 0
vn 0 1 0
vn 0 1 0
vn 0 1 0
vn 0 1 0
vn 0 1 0
vn 0 1 0
vn 0 1 0
vn 0 1 0
vn 0 1 0
vn 0 1 0
vn 0 1 0
vn 0 1 0
vn 0 1 0
vn 0 1 0
vn 0 -1 0
vn 0 -1 0
vn 0 -1 0
vn 0 -1 0
vn 0 -1 0
vn 0 -1 0
vn 0 -1 0
vn 0 -1 0
vn 0 -1 0
vn 0 -1 0
vn 0 -1 0
vn 0 -1 0
vn 0 -1 0
vn 0 -1 0
vn 0 -1 0
vn 0 -1 0
vn 0 -1 0
vn 0 -1 0
vn 0 -1 0
vn 0 -1 0
vn 0 -1 0
vn 0 -1 0
vn 0 -1 0
vn 0 -1 0
vn 0 -1 0
f 3789/3789/3789 3802/3802/3802 3790/3790/3790
f 3802/3802/3802 3803/3803/3803 3790/3790/3790
f 3790/3790/3790 3803/3803/3803 3791/3791/3791
f 3803/3803/3803 3804/3804/3804 3791/3791/3791
f 3791/3791/3791 3804/3804/3804 3792/3792/3792
f 3804/3804/3804 3805/3805/3805 3792/3792/3792
f 3792/3792/3792 3805/3805/3805 3793/3793/3793
f 3805/3805/3805 3806/3806/3806 3793/3793/3793
f 3793/3793/3793 3806/3806/3806 3794/3794/3794
f 3806/3806/3806 3807/3807/3807 3794/3794/3794
f 3794/3794/3794 3807/3807/3807 3795/3795/3795
f 3807/3807/3807 3808/3808/3808 3795/3795/3795
f 3795/3795/3795 3808/3808/3808 3796/3796/3796
f 3808/3808/3808 3809/3809/3809 3796/3796/3796
f 3796/3796/3796 3809/3809/3809 3797/3797/3797
f 3809/3809/3809 3810/3810/3810 3797/3797/3797
f 3797/3797/3797 3810/3810/3810 3798/3798/3798
f 3810/3810/3810 3811/3811/3811 3798/3798/3798
f 3798/3798/3798 3811/3811/3811 3799/3799/3799
f 3811/3811/3811 3812/3812/3812 3799/3799/3799
f 3799/3799/3799 3812/3812/3812 3800/3800/3800
f 3812/3812/3812 3813/3813/3813 3800/3800/3800
f 3800/3800/3800 3813/3813/3813 3801/3801/3801
f 3813/3813/3813 3814/3814/3814 3801/3801/3801
f 3827/3827/3827 3828/3828/3828 3815/3815/3815
f 3828/3828/3828 3829/3829/3829 3816/3816/3816
f 3829/3829/3829 3830/3830/3830 3817/3817/3817
f 3830/3830/3830 3831/3831/3831 3818/3818/3818
f 3831/3831/3831 3832/3832/3832 3819/3819/3819
f 3832/3832/3832 3833/3833/3833 3820/3820/3820
f 3833/3833/3833 3834/3834/3834 3821/3821/3821
f 3834/3834/3834 3835/3835/3835 3822/3822/3822
f 3835/3835/3835 3836/3836/3836 3823/3823/3823
f 3836/3836/3836 3837/3837/3837 3824/3824/3824
f 3837/3837/3837 3838/3838/3838 3825/3825/3825
f 3838/3838/3838 3839/3839/3839 3826/3826/3826
f 3853/3853/3853 3852/3852/3852 3840/3840/3840
f 3854/3854/3854 3853/3853/3853 3841/3841/3841
f 3855/3855/3855 3854/3854/3854 3842/3842/3842
f 3856/3856/3856 3855/3855/3855 3843/3843/3843
f 3857/3857/3857 3856/3856/3856 3844/3844/3844
f 3858/3858/3858 3857/3857/3857 3845/3845/3845
f 3859/3859/3859 3858/3858/3858 3846/3846/3846
f 3860/3860/3860 3859/3859/3859 3847/3847/3847
f 3861/3861/3861 3860/3860/3860 3848/3848/3848
f 3862/3862/3862 3861/3861/3861 3849/3849/3849
f 3863/3863/3863 3862/3862/3862 3850/3850/3850
f 3864/3864/3864 3863/3863/3863 3851/3851/3851
o crate_b_cap_3
usemtl enamel
v -1.7 0.6499999996647239 1.7120000015199184
v -1.6839999992400407 0.6499999996647239 1.7077128126472234
v -1.6722871873527765 0.6499999996647239 1.6960000007599592
v -1.6679999984800815 0.6499999996647239 1.68
v -1.6722871873527765 0.6499999996647239 1.6639999992400407
v -1.6839999992400407 0.6499999996647239 1.6522871873527765
v -1.7 0.6499999996647239 1.6479999984800815
v -1.7160000007599592 0.6499999996647239 1.6522871873527765
v -1.7277128126472234 0.6499999996647239 1.6639999992400407
v -1.7320000015199184 0.6499999996647239 1.68
v -1.7277128126472234 0.6499999996647239 1.6960000007599592
v -1.7160000007599592 0.6499999996647239 1.7077128126472234
v -1.7 0.6499999996647239 1.7120000015199184
v -1.7 0.6200000003352761 1.7120000015199184
v -1.6839999992400407 0.6200000003352761 1.7077128126472234
v -1.6722871873527765 0.6200000003352761 1.6960000007599592
v -1.6679999984800815 0.6200000003352761 1.68
v -1.6722871873527765 0.6200000003352761 1.6639999992400407
v -1.6839999992400407 0.6200000003352761 1.6522871873527765
v -1.7 0.6200000003352761 1.6479999984800815
v -1.7160000007599592 0.6200000003352761 1.6522871873527765
v -1.7277128126472234 0.6200000003352761 1.6639999992400407
v -1.7320000015199184 0.6200000003352761 1.68
v -1.7277128126472234 0.6200000003352761 1.6960000007599592
v -1.7160000007599592 0.6200000003352761 1.7077128126472234
v -1.7 0.6200000003352761 1.7120000015199184
v -1.7 0.6499999996647239 1.68
v -1.7 0.6499999996647239 1.68
v -1.7 0.6499999996647239 1.68
v -1.7 0.6499999996647239 1.68
v -1.7 0.6499999996647239 1.68
v -1.7 0.6499999996647239 1.68
v -1.7 0.6499999996647239 1.68
v -1.7 0.6499999996647239 1.68
v -1.7 0.6499999996647239 1.68
v -1.7 0.6499999996647239 1.68
v -1.7 0.6499999996647239 1.68
v -1.7 0.6499999996647239 1.68
v -1.7 0.6499999996647239 1.7120000015199184
v -1.6839999992400407 0.6499999996647239 1.7077128126472234
v -1.6722871873527765 0.6499999996647239 1.6960000007599592
v -1.6679999984800815 0.6499999996647239 1.68
v -1.6722871873527765 0.6499999996647239 1.6639999992400407
v -1.6839999992400407 0.6499999996647239 1.6522871873527765
v -1.7 0.6499999996647239 1.6479999984800815
v -1.7160000007599592 0.6499999996647239 1.6522871873527765
v -1.7277128126472234 0.6499999996647239 1.6639999992400407
v -1.7320000015199184 0.6499999996647239 1.68
v -1.7277128126472234 0.6499999996647239 1.6960000007599592
v -1.7160000007599592 0.6499999996647239 1.7077128126472234
v -1.7 0.6499999996647239 1.7120000015199184
v -1.7 0.6200000003352761 1.68
v -1.7 0.6200000003352761 1.68
v -1.7 0.6200000003352761 1.68
v -1.7 0.6200000003352761 1.68
v -1.7 0.6200000003352761 1.68
v -1.7 0.6200000003352761 1.68
v -1.7 0.6200000003352761 1.68
v -1.7 0.6200000003352761 1.68
v -1.7 0.6200000003352761 1.68
v -1.7 0.6200000003352761 1.68
v -1.7 0.6200000003352761 1.68
v -1.7 0.6200000003352761 1.68
v -1.7 0.6200000003352761 1.7120000015199184
v -1.6839999992400407 0.6200000003352761 1.7077128126472234
v -1.6722871873527765 0.6200000003352761 1.6960000007599592
v -1.6679999984800815 0.6200000003352761 1.68
v -1.6722871873527765 0.6200000003352761 1.6639999992400407
v -1.6839999992400407 0.6200000003352761 1.6522871873527765
v -1.7 0.6200000003352761 1.6479999984800815
v -1.7160000007599592 0.6200000003352761 1.6522871873527765
v -1.7277128126472234 0.6200000003352761 1.6639999992400407
v -1.7320000015199184 0.6200000003352761 1.68
v -1.7277128126472234 0.6200000003352761 1.6960000007599592
v -1.7160000007599592 0.6200000003352761 1.7077128126472234
v -1.7 0.6200000003352761 1.7120000015199184
vt 0 1
vt 0.0833333358168602 1
vt 0.1666666716337204 1
vt 0.25 1
vt 0.3333333432674408 1
vt 0.4166666567325592 1
vt 0.5 1
vt 0.5833333134651184 1
vt 0.6666666865348816 1
vt 0.75 1
vt 0.8333333134651184 1
vt 0.9166666865348816 1
vt 1 1
vt 0 0
vt 0.0833333358168602 0
vt 0.1666666716337204 0
vt 0.25 0
vt 0.3333333432674408 0
vt 0.4166666567325592 0
vt 0.5 0
vt 0.5833333134651184 0
vt 0.6666666865348816 0
vt 0.75 0
vt 0.8333333134651184 0
vt 0.9166666865348816 0
vt 1 0
vt 0.5 0.5
vt 0.5 0.5
vt 0.5 0.5
vt 0.5 0.5
vt 0.5 0.5
vt 0.5 0.5
vt 0.5 0.5
vt 0.5 0.5
vt 0.5 0.5
vt 0.5 0.5
vt 0.5 0.5
vt 0.5 0.5
vt 1 0.5
vt 0.9330127239227295 0.75
vt 0.75 0.9330127239227295
vt 0.5 1
vt 0.25 0.9330127239227295
vt 0.0669872984290123 0.75
vt 0 0.5
vt 0.0669872984290123 0.25
vt 0.25 0.0669872984290123
vt 0.5 0
vt 0.75 0.0669872984290123
vt 0.9330127239227295 0.25
vt 1 0.5
vt 0.5 0.5
vt 0.5 0.5
vt 0.5 0.5
vt 0.5 0.5
vt 0.5 0.5
vt 0.5 0.5
vt 0.5 0.5
vt 0.5 0.5
vt 0.5 0.5
vt 0.5 0.5
vt 0.5 0.5
vt 0.5 0.5
vt 1 0.5
vt 0.9330127239227295 0.25
vt 0.75 0.0669872984290123
vt 0.5 0
vt 0.25 0.0669872984290123
vt 0.0669872984290123 0.25
vt 0 0.5
vt 0.0669872984290123 0.75
vt 0.25 0.9330127239227295
vt 0.5 1
vt 0.75 0.9330127239227295
vt 0.9330127239227295 0.75
vt 1 0.5
vn 0 0 1
vn 0.5000000067305869 0 0.8660253998985324
vn 0.8660253998985324 0 0.5000000067305869
vn 1 0 6.123234262925839e-17
vn 0.8660253998985324 0 -0.5000000067305869
vn 0.5000000067305869 0 -0.8660253998985324
vn 1.2246468525851679e-16 0 -1
vn -0.5000000067305869 0 -0.8660253998985324
vn -0.8660253998985324 0 -0.5000000067305869
vn -1 0 -1.8369701465288538e-16
vn -0.8660253998985324 0 0.5000000067305869
vn -0.5000000067305869 0 0.8660253998985324
vn -2.4492937051703357e-16 0 1
vn 0 0 1
vn 0.5000000067305869 0 0.8660253998985324
vn 0.8660253998985324 0 0.5000000067305869
vn 1 0 6.123234262925839e-17
vn 0.8660253998985324 0 -0.5000000067305869
vn 0.5000000067305869 0 -0.8660253998985324
vn 1.2246468525851679e-16 0 -1
vn -0.5000000067305869 0 -0.8660253998985324
vn -0.8660253998985324 0 -0.5000000067305869
vn -1 0 -1.8369701465288538e-16
vn -0.8660253998985324 0 0.5000000067305869
vn -0.5000000067305869 0 0.8660253998985324
vn -2.4492937051703357e-16 0 1
vn 0 1 0
vn 0 1 0
vn 0 1 0
vn 0 1 0
vn 0 1 0
vn 0 1 0
vn 0 1 0
vn 0 1 0
vn 0 1 0
vn 0 1 0
vn 0 1 0
vn 0 1 0
vn 0 1 0
vn 0 1 0
vn 0 1 0
vn 0 1 0
vn 0 1 0
vn 0 1 0
vn 0 1 0
vn 0 1 0
vn 0 1 0
vn 0 1 0
vn 0 1 0
vn 0 1 0
vn 0 1 0
vn 0 -1 0
vn 0 -1 0
vn 0 -1 0
vn 0 -1 0
vn 0 -1 0
vn 0 -1 0
vn 0 -1 0
vn 0 -1 0
vn 0 -1 0
vn 0 -1 0
vn 0 -1 0
vn 0 -1 0
vn 0 -1 0
vn 0 -1 0
vn 0 -1 0
vn 0 -1 0
vn 0 -1 0
vn 0 -1 0
vn 0 -1 0
vn 0 -1 0
vn 0 -1 0
vn 0 -1 0
vn 0 -1 0
vn 0 -1 0
vn 0 -1 0
f 3865/3865/3865 3878/3878/3878 3866/3866/3866
f 3878/3878/3878 3879/3879/3879 3866/3866/3866
f 3866/3866/3866 3879/3879/3879 3867/3867/3867
f 3879/3879/3879 3880/3880/3880 3867/3867/3867
f 3867/3867/3867 3880/3880/3880 3868/3868/3868
f 3880/3880/3880 3881/3881/3881 3868/3868/3868
f 3868/3868/3868 3881/3881/3881 3869/3869/3869
f 3881/3881/3881 3882/3882/3882 3869/3869/3869
f 3869/3869/3869 3882/3882/3882 3870/3870/3870
f 3882/3882/3882 3883/3883/3883 3870/3870/3870
f 3870/3870/3870 3883/3883/3883 3871/3871/3871
f 3883/3883/3883 3884/3884/3884 3871/3871/3871
f 3871/3871/3871 3884/3884/3884 3872/3872/3872
f 3884/3884/3884 3885/3885/3885 3872/3872/3872
f 3872/3872/3872 3885/3885/3885 3873/3873/3873
f 3885/3885/3885 3886/3886/3886 3873/3873/3873
f 3873/3873/3873 3886/3886/3886 3874/3874/3874
f 3886/3886/3886 3887/3887/3887 3874/3874/3874
f 3874/3874/3874 3887/3887/3887 3875/3875/3875
f 3887/3887/3887 3888/3888/3888 3875/3875/3875
f 3875/3875/3875 3888/3888/3888 3876/3876/3876
f 3888/3888/3888 3889/3889/3889 3876/3876/3876
f 3876/3876/3876 3889/3889/3889 3877/3877/3877
f 3889/3889/3889 3890/3890/3890 3877/3877/3877
f 3903/3903/3903 3904/3904/3904 3891/3891/3891
f 3904/3904/3904 3905/3905/3905 3892/3892/3892
f 3905/3905/3905 3906/3906/3906 3893/3893/3893
f 3906/3906/3906 3907/3907/3907 3894/3894/3894
f 3907/3907/3907 3908/3908/3908 3895/3895/3895
f 3908/3908/3908 3909/3909/3909 3896/3896/3896
f 3909/3909/3909 3910/3910/3910 3897/3897/3897
f 3910/3910/3910 3911/3911/3911 3898/3898/3898
f 3911/3911/3911 3912/3912/3912 3899/3899/3899
f 3912/3912/3912 3913/3913/3913 3900/3900/3900
f 3913/3913/3913 3914/3914/3914 3901/3901/3901
f 3914/3914/3914 3915/3915/3915 3902/3902/3902
f 3929/3929/3929 3928/3928/3928 3916/3916/3916
f 3930/3930/3930 3929/3929/3929 3917/3917/3917
f 3931/3931/3931 3930/3930/3930 3918/3918/3918
f 3932/3932/3932 3931/3931/3931 3919/3919/3919
f 3933/3933/3933 3932/3932/3932 3920/3920/3920
f 3934/3934/3934 3933/3933/3933 3921/3921/3921
f 3935/3935/3935 3934/3934/3934 3922/3922/3922
f 3936/3936/3936 3935/3935/3935 3923/3923/3923
f 3937/3937/3937 3936/3936/3936 3924/3924/3924
f 3938/3938/3938 3937/3937/3937 3925/3925/3925
f 3939/3939/3939 3938/3938/3938 3926/3926/3926
f 3940/3940/3940 3939/3939/3939 3927/3927/3927
o crate_b_cap_4
usemtl enamel
v -1.5999999999999999 0.6499999996647239 1.7120000015199184
v -1.5839999992400406 0.6499999996647239 1.7077128126472234
v -1.5722871873527764 0.6499999996647239 1.6960000007599592
v -1.5679999984800814 0.6499999996647239 1.68
v -1.5722871873527764 0.6499999996647239 1.6639999992400407
v -1.5839999992400406 0.6499999996647239 1.6522871873527765
v -1.5999999999999999 0.6499999996647239 1.6479999984800815
v -1.616000000759959 0.6499999996647239 1.6522871873527765
v -1.6277128126472233 0.6499999996647239 1.6639999992400407
v -1.6320000015199183 0.6499999996647239 1.68
v -1.6277128126472233 0.6499999996647239 1.6960000007599592
v -1.616000000759959 0.6499999996647239 1.7077128126472234
v -1.5999999999999999 0.6499999996647239 1.7120000015199184
v -1.5999999999999999 0.6200000003352761 1.7120000015199184
v -1.5839999992400406 0.6200000003352761 1.7077128126472234
v -1.5722871873527764 0.6200000003352761 1.6960000007599592
v -1.5679999984800814 0.6200000003352761 1.68
v -1.5722871873527764 0.6200000003352761 1.6639999992400407
v -1.5839999992400406 0.6200000003352761 1.6522871873527765
v -1.5999999999999999 0.6200000003352761 1.6479999984800815
v -1.616000000759959 0.6200000003352761 1.6522871873527765
v -1.6277128126472233 0.6200000003352761 1.6639999992400407
v -1.6320000015199183 0.6200000003352761 1.68
v -1.6277128126472233 0.6200000003352761 1.6960000007599592
v -1.616000000759959 0.6200000003352761 1.7077128126472234
v -1.5999999999999999 0.6200000003352761 1.7120000015199184
v -1.5999999999999999 0.6499999996647239 1.68
v -1.5999999999999999 0.6499999996647239 1.68
v -1.5999999999999999 0.6499999996647239 1.68
v -1.5999999999999999 0.6499999996647239 1.68
v -1.5999999999999999 0.6499999996647239 1.68
v -1.5999999999999999 0.6499999996647239 1.68
v -1.5999999999999999 0.6499999996647239 1.68
v -1.5999999999999999 0.6499999996647239 1.68
v -1.5999999999999999 0.6499999996647239 1.68
v -1.5999999999999999 0.6499999996647239 1.68
v -1.5999999999999999 0.6499999996647239 1.68
v -1.5999999999999999 0.6499999996647239 1.68
v -1.5999999999999999 0.6499999996647239 1.7120000015199184
v -1.5839999992400406 0.6499999996647239 1.7077128126472234
v -1.5722871873527764 0.6499999996647239 1.6960000007599592
v -1.5679999984800814 0.6499999996647239 1.68
v -1.5722871873527764 0.6499999996647239 1.6639999992400407
v -1.5839999992400406 0.6499999996647239 1.6522871873527765
v -1.5999999999999999 0.6499999996647239 1.6479999984800815
v -1.616000000759959 0.6499999996647239 1.6522871873527765
v -1.6277128126472233 0.6499999996647239 1.6639999992400407
v -1.6320000015199183 0.6499999996647239 1.68
v -1.6277128126472233 0.6499999996647239 1.6960000007599592
v -1.616000000759959 0.6499999996647239 1.7077128126472234
v -1.5999999999999999 0.6499999996647239 1.7120000015199184
v -1.5999999999999999 0.6200000003352761 1.68
v -1.5999999999999999 0.6200000003352761 1.68
v -1.5999999999999999 0.6200000003352761 1.68
v -1.5999999999999999 0.6200000003352761 1.68
v -1.5999999999999999 0.6200000003352761 1.68
v -1.5999999999999999 0.6200000003352761 1.68
v -1.5999999999999999 0.6200000003352761 1.68
v -1.5999999999999999 0.6200000003352761 1.68
v -1.5999999999999999 0.6200000003352761 1.68
v -1.5999999999999999 0.6200000003352761 1.68
v -1.5999999999999999 0.6200000003352761 1.68
v -1.5999999999999999 0.6200000003352761 1.68
v -1.5999999999999999 0.6200000003352761 1.7120000015199184
v -1.5839999992400406 0.6200000003352761 1.7077128126472234
v -1.5722871873527764 0.6200000003352761 1.6960000007599592
v -1.5679999984800814 0.6200000003352761 1.68
v -1.5722871873527764 0.6200000003352761 1.6639999992400407
v -1.5839999992400406 0.6200000003352761 1.6522871873527765
v -1.5999999999999999 0.6200000003352761 1.6479999984800815
v -1.616000000759959 0.6200000003352761 1.6522871873527765
v -1.6277128126472233 0.6200000003352761 1.6639999992400407
v -1.6320000015199183 0.6200000003352761 1.68
v -1.6277128126472233 0.6200000003352761 1.6960000007599592
v -1.616000000759959 0.6200000003352761 1.7077128126472234
v -1.5999999999999999 0.6200000003352761 1.7120000015199184
vt 0 1
vt 0.0833333358168602 1
vt 0.1666666716337204 1
vt 0.25 1
vt 0.3333333432674408 1
vt 0.4166666567325592 1
vt 0.5 1
vt 0.5833333134651184 1
vt 0.6666666865348816 1
vt 0.75 1
vt 0.8333333134651184 1
vt 0.9166666865348816 1
vt 1 1
vt 0 0
vt 0.0833333358168602 0
vt 0.1666666716337204 0
vt 0.25 0
vt 0.3333333432674408 0
vt 0.4166666567325592 0
vt 0.5 0
vt 0.5833333134651184 0
vt 0.6666666865348816 0
vt 0.75 0
vt 0.8333333134651184 0
vt 0.9166666865348816 0
vt 1 0
vt 0.5 0.5
vt 0.5 0.5
vt 0.5 0.5
vt 0.5 0.5
vt 0.5 0.5
vt 0.5 0.5
vt 0.5 0.5
vt 0.5 0.5
vt 0.5 0.5
vt 0.5 0.5
vt 0.5 0.5
vt 0.5 0.5
vt 1 0.5
vt 0.9330127239227295 0.75
vt 0.75 0.9330127239227295
vt 0.5 1
vt 0.25 0.9330127239227295
vt 0.0669872984290123 0.75
vt 0 0.5
vt 0.0669872984290123 0.25
vt 0.25 0.0669872984290123
vt 0.5 0
vt 0.75 0.0669872984290123
vt 0.9330127239227295 0.25
vt 1 0.5
vt 0.5 0.5
vt 0.5 0.5
vt 0.5 0.5
vt 0.5 0.5
vt 0.5 0.5
vt 0.5 0.5
vt 0.5 0.5
vt 0.5 0.5
vt 0.5 0.5
vt 0.5 0.5
vt 0.5 0.5
vt 0.5 0.5
vt 1 0.5
vt 0.9330127239227295 0.25
vt 0.75 0.0669872984290123
vt 0.5 0
vt 0.25 0.0669872984290123
vt 0.0669872984290123 0.25
vt 0 0.5
vt 0.0669872984290123 0.75
vt 0.25 0.9330127239227295
vt 0.5 1
vt 0.75 0.9330127239227295
vt 0.9330127239227295 0.75
vt 1 0.5
vn 0 0 1
vn 0.5000000067305869 0 0.8660253998985324
vn 0.8660253998985324 0 0.5000000067305869
vn 1 0 6.123234262925839e-17
vn 0.8660253998985324 0 -0.5000000067305869
vn 0.5000000067305869 0 -0.8660253998985324
vn 1.2246468525851679e-16 0 -1
vn -0.5000000067305869 0 -0.8660253998985324
vn -0.8660253998985324 0 -0.5000000067305869
vn -1 0 -1.8369701465288538e-16
vn -0.8660253998985324 0 0.5000000067305869
vn -0.5000000067305869 0 0.8660253998985324
vn -2.4492937051703357e-16 0 1
vn 0 0 1
vn 0.5000000067305869 0 0.8660253998985324
vn 0.8660253998985324 0 0.5000000067305869
vn 1 0 6.123234262925839e-17
vn 0.8660253998985324 0 -0.5000000067305869
vn 0.5000000067305869 0 -0.8660253998985324
vn 1.2246468525851679e-16 0 -1
vn -0.5000000067305869 0 -0.8660253998985324
vn -0.8660253998985324 0 -0.5000000067305869
vn -1 0 -1.8369701465288538e-16
vn -0.8660253998985324 0 0.5000000067305869
vn -0.5000000067305869 0 0.8660253998985324
vn -2.4492937051703357e-16 0 1
vn 0 1 0
vn 0 1 0
vn 0 1 0
vn 0 1 0
vn 0 1 0
vn 0 1 0
vn 0 1 0
vn 0 1 0
vn 0 1 0
vn 0 1 0
vn 0 1 0
vn 0 1 0
vn 0 1 0
vn 0 1 0
vn 0 1 0
vn 0 1 0
vn 0 1 0
vn 0 1 0
vn 0 1 0
vn 0 1 0
vn 0 1 0
vn 0 1 0
vn 0 1 0
vn 0 1 0
vn 0 1 0
vn 0 -1 0
vn 0 -1 0
vn 0 -1 0
vn 0 -1 0
vn 0 -1 0
vn 0 -1 0
vn 0 -1 0
vn 0 -1 0
vn 0 -1 0
vn 0 -1 0
vn 0 -1 0
vn 0 -1 0
vn 0 -1 0
vn 0 -1 0
vn 0 -1 0
vn 0 -1 0
vn 0 -1 0
vn 0 -1 0
vn 0 -1 0
vn 0 -1 0
vn 0 -1 0
vn 0 -1 0
vn 0 -1 0
vn 0 -1 0
vn 0 -1 0
f 3941/3941/3941 3954/3954/3954 3942/3942/3942
f 3954/3954/3954 3955/3955/3955 3942/3942/3942
f 3942/3942/3942 3955/3955/3955 3943/3943/3943
f 3955/3955/3955 3956/3956/3956 3943/3943/3943
f 3943/3943/3943 3956/3956/3956 3944/3944/3944
f 3956/3956/3956 3957/3957/3957 3944/3944/3944
f 3944/3944/3944 3957/3957/3957 3945/3945/3945
f 3957/3957/3957 3958/3958/3958 3945/3945/3945
f 3945/3945/3945 3958/3958/3958 3946/3946/3946
f 3958/3958/3958 3959/3959/3959 3946/3946/3946
f 3946/3946/3946 3959/3959/3959 3947/3947/3947
f 3959/3959/3959 3960/3960/3960 3947/3947/3947
f 3947/3947/3947 3960/3960/3960 3948/3948/3948
f 3960/3960/3960 3961/3961/3961 3948/3948/3948
f 3948/3948/3948 3961/3961/3961 3949/3949/3949
f 3961/3961/3961 3962/3962/3962 3949/3949/3949
f 3949/3949/3949 3962/3962/3962 3950/3950/3950
f 3962/3962/3962 3963/3963/3963 3950/3950/3950
f 3950/3950/3950 3963/3963/3963 3951/3951/3951
f 3963/3963/3963 3964/3964/3964 3951/3951/3951
f 3951/3951/3951 3964/3964/3964 3952/3952/3952
f 3964/3964/3964 3965/3965/3965 3952/3952/3952
f 3952/3952/3952 3965/3965/3965 3953/3953/3953
f 3965/3965/3965 3966/3966/3966 3953/3953/3953
f 3979/3979/3979 3980/3980/3980 3967/3967/3967
f 3980/3980/3980 3981/3981/3981 3968/3968/3968
f 3981/3981/3981 3982/3982/3982 3969/3969/3969
f 3982/3982/3982 3983/3983/3983 3970/3970/3970
f 3983/3983/3983 3984/3984/3984 3971/3971/3971
f 3984/3984/3984 3985/3985/3985 3972/3972/3972
f 3985/3985/3985 3986/3986/3986 3973/3973/3973
f 3986/3986/3986 3987/3987/3987 3974/3974/3974
f 3987/3987/3987 3988/3988/3988 3975/3975/3975
f 3988/3988/3988 3989/3989/3989 3976/3976/3976
f 3989/3989/3989 3990/3990/3990 3977/3977/3977
f 3990/3990/3990 3991/3991/3991 3978/3978/3978
f 4005/4005/4005 4004/4004/4004 3992/3992/3992
f 4006/4006/4006 4005/4005/4005 3993/3993/3993
f 4007/4007/4007 4006/4006/4006 3994/3994/3994
f 4008/4008/4008 4007/4007/4007 3995/3995/3995
f 4009/4009/4009 4008/4008/4008 3996/3996/3996
f 4010/4010/4010 4009/4009/4009 3997/3997/3997
f 4011/4011/4011 4010/4010/4010 3998/3998/3998
f 4012/4012/4012 4011/4011/4011 3999/3999/3999
f 4013/4013/4013 4012/4012/4012 4000/4000/4000
f 4014/4014/4014 4013/4013/4013 4001/4001/4001
f 4015/4015/4015 4014/4014/4014 4002/4002/4002
f 4016/4016/4016 4015/4015/4015 4003/4003/4003
o crate_b_cap_5
usemtl enamel
v -1.9 0.6499999996647239 1.8520000015199185
v -1.8839999992400407 0.6499999996647239 1.8477128126472235
v -1.8722871873527764 0.6499999996647239 1.8360000007599593
v -1.8679999984800815 0.6499999996647239 1.82
v -1.8722871873527764 0.6499999996647239 1.8039999992400408
v -1.8839999992400407 0.6499999996647239 1.7922871873527766
v -1.9 0.6499999996647239 1.7879999984800816
v -1.9160000007599591 0.6499999996647239 1.7922871873527766
v -1.9277128126472234 0.6499999996647239 1.8039999992400408
v -1.9320000015199184 0.6499999996647239 1.82
v -1.9277128126472234 0.6499999996647239 1.8360000007599593
v -1.9160000007599591 0.6499999996647239 1.8477128126472235
v -1.9 0.6499999996647239 1.8520000015199185
v -1.9 0.6200000003352761 1.8520000015199185
v -1.8839999992400407 0.6200000003352761 1.8477128126472235
v -1.8722871873527764 0.6200000003352761 1.8360000007599593
v -1.8679999984800815 0.6200000003352761 1.82
v -1.8722871873527764 0.6200000003352761 1.8039999992400408
v -1.8839999992400407 0.6200000003352761 1.7922871873527766
v -1.9 0.6200000003352761 1.7879999984800816
v -1.9160000007599591 0.6200000003352761 1.7922871873527766
v -1.9277128126472234 0.6200000003352761 1.8039999992400408
v -1.9320000015199184 0.6200000003352761 1.82
v -1.9277128126472234 0.6200000003352761 1.8360000007599593
v -1.9160000007599591 0.6200000003352761 1.8477128126472235
v -1.9 0.6200000003352761 1.8520000015199185
v -1.9 0.6499999996647239 1.82
v -1.9 0.6499999996647239 1.82
v -1.9 0.6499999996647239 1.82
v -1.9 0.6499999996647239 1.82
v -1.9 0.6499999996647239 1.82
v -1.9 0.6499999996647239 1.82
v -1.9 0.6499999996647239 1.82
v -1.9 0.6499999996647239 1.82
v -1.9 0.6499999996647239 1.82
v -1.9 0.6499999996647239 1.82
v -1.9 0.6499999996647239 1.82
v -1.9 0.6499999996647239 1.82
v -1.9 0.6499999996647239 1.8520000015199185
v -1.8839999992400407 0.6499999996647239 1.8477128126472235
v -1.8722871873527764 0.6499999996647239 1.8360000007599593
v -1.8679999984800815 0.6499999996647239 1.82
v -1.8722871873527764 0.6499999996647239 1.8039999992400408
v -1.8839999992400407 0.6499999996647239 1.7922871873527766
v -1.9 0.6499999996647239 1.7879999984800816
v -1.9160000007599591 0.6499999996647239 1.7922871873527766
v -1.9277128126472234 0.6499999996647239 1.8039999992400408
v -1.9320000015199184 0.6499999996647239 1.82
v -1.9277128126472234 0.6499999996647239 1.8360000007599593
v -1.9160000007599591 0.6499999996647239 1.8477128126472235
v -1.9 0.6499999996647239 1.8520000015199185
v -1.9 0.6200000003352761 1.82
v -1.9 0.6200000003352761 1.82
v -1.9 0.6200000003352761 1.82
v -1.9 0.6200000003352761 1.82
v -1.9 0.6200000003352761 1.82
v -1.9 0.6200000003352761 1.82
v -1.9 0.6200000003352761 1.82
v -1.9 0.6200000003352761 1.82
v -1.9 0.6200000003352761 1.82
v -1.9 0.6200000003352761 1.82
v -1.9 0.6200000003352761 1.82
v -1.9 0.6200000003352761 1.82
v -1.9 0.6200000003352761 1.8520000015199185
v -1.8839999992400407 0.6200000003352761 1.8477128126472235
v -1.8722871873527764 0.6200000003352761 1.8360000007599593
v -1.8679999984800815 0.6200000003352761 1.82
v -1.8722871873527764 0.6200000003352761 1.8039999992400408
v -1.8839999992400407 0.6200000003352761 1.7922871873527766
v -1.9 0.6200000003352761 1.7879999984800816
v -1.9160000007599591 0.6200000003352761 1.7922871873527766
v -1.9277128126472234 0.6200000003352761 1.8039999992400408
v -1.9320000015199184 0.6200000003352761 1.82
v -1.9277128126472234 0.6200000003352761 1.8360000007599593
v -1.9160000007599591 0.6200000003352761 1.8477128126472235
v -1.9 0.6200000003352761 1.8520000015199185
vt 0 1
vt 0.0833333358168602 1
vt 0.1666666716337204 1
vt 0.25 1
vt 0.3333333432674408 1
vt 0.4166666567325592 1
vt 0.5 1
vt 0.5833333134651184 1
vt 0.6666666865348816 1
vt 0.75 1
vt 0.8333333134651184 1
vt 0.9166666865348816 1
vt 1 1
vt 0 0
vt 0.0833333358168602 0
vt 0.1666666716337204 0
vt 0.25 0
vt 0.3333333432674408 0
vt 0.4166666567325592 0
vt 0.5 0
vt 0.5833333134651184 0
vt 0.6666666865348816 0
vt 0.75 0
vt 0.8333333134651184 0
vt 0.9166666865348816 0
vt 1 0
vt 0.5 0.5
vt 0.5 0.5
vt 0.5 0.5
vt 0.5 0.5
vt 0.5 0.5
vt 0.5 0.5
vt 0.5 0.5
vt 0.5 0.5
vt 0.5 0.5
vt 0.5 0.5
vt 0.5 0.5
vt 0.5 0.5
vt 1 0.5
vt 0.9330127239227295 0.75
vt 0.75 0.9330127239227295
vt 0.5 1
vt 0.25 0.9330127239227295
vt 0.0669872984290123 0.75
vt 0 0.5
vt 0.0669872984290123 0.25
vt 0.25 0.0669872984290123
vt 0.5 0
vt 0.75 0.0669872984290123
vt 0.9330127239227295 0.25
vt 1 0.5
vt 0.5 0.5
vt 0.5 0.5
vt 0.5 0.5
vt 0.5 0.5
vt 0.5 0.5
vt 0.5 0.5
vt 0.5 0.5
vt 0.5 0.5
vt 0.5 0.5
vt 0.5 0.5
vt 0.5 0.5
vt 0.5 0.5
vt 1 0.5
vt 0.9330127239227295 0.25
vt 0.75 0.0669872984290123
vt 0.5 0
vt 0.25 0.0669872984290123
vt 0.0669872984290123 0.25
vt 0 0.5
vt 0.0669872984290123 0.75
vt 0.25 0.9330127239227295
vt 0.5 1
vt 0.75 0.9330127239227295
vt 0.9330127239227295 0.75
vt 1 0.5
vn 0 0 1
vn 0.5000000067305869 0 0.8660253998985324
vn 0.8660253998985324 0 0.5000000067305869
vn 1 0 6.123234262925839e-17
vn 0.8660253998985324 0 -0.5000000067305869
vn 0.5000000067305869 0 -0.8660253998985324
vn 1.2246468525851679e-16 0 -1
vn -0.5000000067305869 0 -0.8660253998985324
vn -0.8660253998985324 0 -0.5000000067305869
vn -1 0 -1.8369701465288538e-16
vn -0.8660253998985324 0 0.5000000067305869
vn -0.5000000067305869 0 0.8660253998985324
vn -2.4492937051703357e-16 0 1
vn 0 0 1
vn 0.5000000067305869 0 0.8660253998985324
vn 0.8660253998985324 0 0.5000000067305869
vn 1 0 6.123234262925839e-17
vn 0.8660253998985324 0 -0.5000000067305869
vn 0.5000000067305869 0 -0.8660253998985324
vn 1.2246468525851679e-16 0 -1
vn -0.5000000067305869 0 -0.8660253998985324
vn -0.8660253998985324 0 -0.5000000067305869
vn -1 0 -1.8369701465288538e-16
vn -0.8660253998985324 0 0.5000000067305869
vn -0.5000000067305869 0 0.8660253998985324
vn -2.4492937051703357e-16 0 1
vn 0 1 0
vn 0 1 0
vn 0 1 0
vn 0 1 0
vn 0 1 0
vn 0 1 0
vn 0 1 0
vn 0 1 0
vn 0 1 0
vn 0 1 0
vn 0 1 0
vn 0 1 0
vn 0 1 0
vn 0 1 0
vn 0 1 0
vn 0 1 0
vn 0 1 0
vn 0 1 0
vn 0 1 0
vn 0 1 0
vn 0 1 0
vn 0 1 0
vn 0 1 0
vn 0 1 0
vn 0 1 0
vn 0 -1 0
vn 0 -1 0
vn 0 -1 0
vn 0 -1 0
vn 0 -1 0
vn 0 -1 0
vn 0 -1 0
vn 0 -1 0
vn 0 -1 0
vn 0 -1 0
vn 0 -1 0
vn 0 -1 0
vn 0 -1 0
vn 0 -1 0
vn 0 -1 0
vn 0 -1 0
vn 0 -1 0
vn 0 -1 0
vn 0 -1 0
vn 0 -1 0
vn 0 -1 0
vn 0 -1 0
vn 0 -1 0
vn 0 -1 0
vn 0 -1 0
f 4017/4017/4017 4030/4030/4030 4018/4018/4018
f 4030/4030/4030 4031/4031/4031 4018/4018/4018
f 4018/4018/4018 4031/4031/4031 4019/4019/4019
f 4031/4031/4031 4032/4032/4032 4019/4019/4019
f 4019/4019/4019 4032/4032/4032 4020/4020/4020
f 4032/4032/4032 4033/4033/4033 4020/4020/4020
f 4020/4020/4020 4033/4033/4033 4021/4021/4021
f 4033/4033/4033 4034/4034/4034 4021/4021/4021
f 4021/4021/4021 4034/4034/4034 4022/4022/4022
f 4034/4034/4034 4035/4035/4035 4022/4022/4022
f 4022/4022/4022 4035/4035/4035 4023/4023/4023
f 4035/4035/4035 4036/4036/4036 4023/4023/4023
f 4023/4023/4023 4036/4036/4036 4024/4024/4024
f 4036/4036/4036 4037/4037/4037 4024/4024/4024
f 4024/4024/4024 4037/4037/4037 4025/4025/4025
f 4037/4037/4037 4038/4038/4038 4025/4025/4025
f 4025/4025/4025 4038/4038/4038 4026/4026/4026
f 4038/4038/4038 4039/4039/4039 4026/4026/4026
f 4026/4026/4026 4039/4039/4039 4027/4027/4027
f 4039/4039/4039 4040/4040/4040 4027/4027/4027
f 4027/4027/4027 4040/4040/4040 4028/4028/4028
f 4040/4040/4040 4041/4041/4041 4028/4028/4028
f 4028/4028/4028 4041/4041/4041 4029/4029/4029
f 4041/4041/4041 4042/4042/4042 4029/4029/4029
f 4055/4055/4055 4056/4056/4056 4043/4043/4043
f 4056/4056/4056 4057/4057/4057 4044/4044/4044
f 4057/4057/4057 4058/4058/4058 4045/4045/4045
f 4058/4058/4058 4059/4059/4059 4046/4046/4046
f 4059/4059/4059 4060/4060/4060 4047/4047/4047
f 4060/4060/4060 4061/4061/4061 4048/4048/4048
f 4061/4061/4061 4062/4062/4062 4049/4049/4049
f 4062/4062/4062 4063/4063/4063 4050/4050/4050
f 4063/4063/4063 4064/4064/4064 4051/4051/4051
f 4064/4064/4064 4065/4065/4065 4052/4052/4052
f 4065/4065/4065 4066/4066/4066 4053/4053/4053
f 4066/4066/4066 4067/4067/4067 4054/4054/4054
f 4081/4081/4081 4080/4080/4080 4068/4068/4068
f 4082/4082/4082 4081/4081/4081 4069/4069/4069
f 4083/4083/4083 4082/4082/4082 4070/4070/4070
f 4084/4084/4084 4083/4083/4083 4071/4071/4071
f 4085/4085/4085 4084/4084/4084 4072/4072/4072
f 4086/4086/4086 4085/4085/4085 4073/4073/4073
f 4087/4087/4087 4086/4086/4086 4074/4074/4074
f 4088/4088/4088 4087/4087/4087 4075/4075/4075
f 4089/4089/4089 4088/4088/4088 4076/4076/4076
f 4090/4090/4090 4089/4089/4089 4077/4077/4077
f 4091/4091/4091 4090/4090/4090 4078/4078/4078
f 4092/4092/4092 4091/4091/4091 4079/4079/4079
o crate_b_cap_6
usemtl enamel
v -1.8 0.6499999996647239 1.8520000015199185
v -1.7839999992400408 0.6499999996647239 1.8477128126472235
v -1.7722871873527766 0.6499999996647239 1.8360000007599593
v -1.7679999984800816 0.6499999996647239 1.82
v -1.7722871873527766 0.6499999996647239 1.8039999992400408
v -1.7839999992400408 0.6499999996647239 1.7922871873527766
v -1.8 0.6499999996647239 1.7879999984800816
v -1.8160000007599593 0.6499999996647239 1.7922871873527766
v -1.8277128126472235 0.6499999996647239 1.8039999992400408
v -1.8320000015199185 0.6499999996647239 1.82
v -1.8277128126472235 0.6499999996647239 1.8360000007599593
v -1.8160000007599593 0.6499999996647239 1.8477128126472235
v -1.8 0.6499999996647239 1.8520000015199185
v -1.8 0.6200000003352761 1.8520000015199185
v -1.7839999992400408 0.6200000003352761 1.8477128126472235
v -1.7722871873527766 0.6200000003352761 1.8360000007599593
v -1.7679999984800816 0.6200000003352761 1.82
v -1.7722871873527766 0.6200000003352761 1.8039999992400408
v -1.7839999992400408 0.6200000003352761 1.7922871873527766
v -1.8 0.6200000003352761 1.7879999984800816
v -1.8160000007599593 0.6200000003352761 1.7922871873527766
v -1.8277128126472235 0.6200000003352761 1.8039999992400408
v -1.8320000015199185 0.6200000003352761 1.82
v -1.8277128126472235 0.6200000003352761 1.8360000007599593
v -1.8160000007599593 0.6200000003352761 1.8477128126472235
v -1.8 0.6200000003352761 1.8520000015199185
v -1.8 0.6499999996647239 1.82
v -1.8 0.6499999996647239 1.82
v -1.8 0.6499999996647239 1.82
v -1.8 0.6499999996647239 1.82
v -1.8 0.6499999996647239 1.82
v -1.8 0.6499999996647239 1.82
v -1.8 0.6499999996647239 1.82
v -1.8 0.6499999996647239 1.82
v -1.8 0.6499999996647239 1.82
v -1.8 0.6499999996647239 1.82
v -1.8 0.6499999996647239 1.82
v -1.8 0.6499999996647239 1.82
v -1.8 0.6499999996647239 1.8520000015199185
v -1.7839999992400408 0.6499999996647239 1.8477128126472235
v -1.7722871873527766 0.6499999996647239 1.8360000007599593
v -1.7679999984800816 0.6499999996647239 1.82
v -1.7722871873527766 0.6499999996647239 1.8039999992400408
v -1.7839999992400408 0.6499999996647239 1.7922871873527766
v -1.8 0.6499999996647239 1.7879999984800816
v -1.8160000007599593 0.6499999996647239 1.7922871873527766
v -1.8277128126472235 0.6499999996647239 1.8039999992400408
v -1.8320000015199185 0.6499999996647239 1.82
v -1.8277128126472235 0.6499999996647239 1.8360000007599593
v -1.8160000007599593 0.6499999996647239 1.8477128126472235
v -1.8 0.6499999996647239 1.8520000015199185
v -1.8 0.6200000003352761 1.82
v -1.8 0.6200000003352761 1.82
v -1.8 0.6200000003352761 1.82
v -1.8 0.6200000003352761 1.82
v -1.8 0.6200000003352761 1.82
v -1.8 0.6200000003352761 1.82
v -1.8 0.6200000003352761 1.82
v -1.8 0.6200000003352761 1.82
v -1.8 0.6200000003352761 1.82
v -1.8 0.6200000003352761 1.82
v -1.8 0.6200000003352761 1.82
v -1.8 0.6200000003352761 1.82
v -1.8 0.6200000003352761 1.8520000015199185
v -1.7839999992400408 0.6200000003352761 1.8477128126472235
v -1.7722871873527766 0.6200000003352761 1.8360000007599593
v -1.7679999984800816 0.6200000003352761 1.82
v -1.7722871873527766 0.6200000003352761 1.8039999992400408
v -1.7839999992400408 0.6200000003352761 1.7922871873527766
v -1.8 0.6200000003352761 1.7879999984800816
v -1.8160000007599593 0.6200000003352761 1.7922871873527766
v -1.8277128126472235 0.6200000003352761 1.8039999992400408
v -1.8320000015199185 0.6200000003352761 1.82
v -1.8277128126472235 0.6200000003352761 1.8360000007599593
v -1.8160000007599593 0.6200000003352761 1.8477128126472235
v -1.8 0.6200000003352761 1.8520000015199185
vt 0 1
vt 0.0833333358168602 1
vt 0.1666666716337204 1
vt 0.25 1
vt 0.3333333432674408 1
vt 0.4166666567325592 1
vt 0.5 1
vt 0.5833333134651184 1
vt 0.6666666865348816 1
vt 0.75 1
vt 0.8333333134651184 1
vt 0.9166666865348816 1
vt 1 1
vt 0 0
vt 0.0833333358168602 0
vt 0.1666666716337204 0
vt 0.25 0
vt 0.3333333432674408 0
vt 0.4166666567325592 0
vt 0.5 0
vt 0.5833333134651184 0
vt 0.6666666865348816 0
vt 0.75 0
vt 0.8333333134651184 0
vt 0.9166666865348816 0
vt 1 0
vt 0.5 0.5
vt 0.5 0.5
vt 0.5 0.5
vt 0.5 0.5
vt 0.5 0.5
vt 0.5 0.5
vt 0.5 0.5
vt 0.5 0.5
vt 0.5 0.5
vt 0.5 0.5
vt 0.5 0.5
vt 0.5 0.5
vt 1 0.5
vt 0.9330127239227295 0.75
vt 0.75 0.9330127239227295
vt 0.5 1
vt 0.25 0.9330127239227295
vt 0.0669872984290123 0.75
vt 0 0.5
vt 0.0669872984290123 0.25
vt 0.25 0.0669872984290123
vt 0.5 0
vt 0.75 0.0669872984290123
vt 0.9330127239227295 0.25
vt 1 0.5
vt 0.5 0.5
vt 0.5 0.5
vt 0.5 0.5
vt 0.5 0.5
vt 0.5 0.5
vt 0.5 0.5
vt 0.5 0.5
vt 0.5 0.5
vt 0.5 0.5
vt 0.5 0.5
vt 0.5 0.5
vt 0.5 0.5
vt 1 0.5
vt 0.9330127239227295 0.25
vt 0.75 0.0669872984290123
vt 0.5 0
vt 0.25 0.0669872984290123
vt 0.0669872984290123 0.25
vt 0 0.5
vt 0.0669872984290123 0.75
vt 0.25 0.9330127239227295
vt 0.5 1
vt 0.75 0.9330127239227295
vt 0.9330127239227295 0.75
vt 1 0.5
vn 0 0 1
vn 0.5000000067305869 0 0.8660253998985324
vn 0.8660253998985324 0 0.5000000067305869
vn 1 0 6.123234262925839e-17
vn 0.8660253998985324 0 -0.5000000067305869
vn 0.5000000067305869 0 -0.8660253998985324
vn 1.2246468525851679e-16 0 -1
vn -0.5000000067305869 0 -0.8660253998985324
vn -0.8660253998985324 0 -0.5000000067305869
vn -1 0 -1.8369701465288538e-16
vn -0.8660253998985324 0 0.5000000067305869
vn -0.5000000067305869 0 0.8660253998985324
vn -2.4492937051703357e-16 0 1
vn 0 0 1
vn 0.5000000067305869 0 0.8660253998985324
vn 0.8660253998985324 0 0.5000000067305869
vn 1 0 6.123234262925839e-17
vn 0.8660253998985324 0 -0.5000000067305869
vn 0.5000000067305869 0 -0.8660253998985324
vn 1.2246468525851679e-16 0 -1
vn -0.5000000067305869 0 -0.8660253998985324
vn -0.8660253998985324 0 -0.5000000067305869
vn -1 0 -1.8369701465288538e-16
vn -0.8660253998985324 0 0.5000000067305869
vn -0.5000000067305869 0 0.8660253998985324
vn -2.4492937051703357e-16 0 1
vn 0 1 0
vn 0 1 0
vn 0 1 0
vn 0 1 0
vn 0 1 0
vn 0 1 0
vn 0 1 0
vn 0 1 0
vn 0 1 0
vn 0 1 0
vn 0 1 0
vn 0 1 0
vn 0 1 0
vn 0 1 0
vn 0 1 0
vn 0 1 0
vn 0 1 0
vn 0 1 0
vn 0 1 0
vn 0 1 0
vn 0 1 0
vn 0 1 0
vn 0 1 0
vn 0 1 0
vn 0 1 0
vn 0 -1 0
vn 0 -1 0
vn 0 -1 0
vn 0 -1 0
vn 0 -1 0
vn 0 -1 0
vn 0 -1 0
vn 0 -1 0
vn 0 -1 0
vn 0 -1 0
vn 0 -1 0
vn 0 -1 0
vn 0 -1 0
vn 0 -1 0
vn 0 -1 0
vn 0 -1 0
vn 0 -1 0
vn 0 -1 0
vn 0 -1 0
vn 0 -1 0
vn 0 -1 0
vn 0 -1 0
vn 0 -1 0
vn 0 -1 0
vn 0 -1 0
f 4093/4093/4093 4106/4106/4106 4094/4094/4094
f 4106/4106/4106 4107/4107/4107 4094/4094/4094
f 4094/4094/4094 4107/4107/4107 4095/4095/4095
f 4107/4107/4107 4108/4108/4108 4095/4095/4095
f 4095/4095/4095 4108/4108/4108 4096/4096/4096
f 4108/4108/4108 4109/4109/4109 4096/4096/4096
f 4096/4096/4096 4109/4109/4109 4097/4097/4097
f 4109/4109/4109 4110/4110/4110 4097/4097/4097
f 4097/4097/4097 4110/4110/4110 4098/4098/4098
f 4110/4110/4110 4111/4111/4111 4098/4098/4098
f 4098/4098/4098 4111/4111/4111 4099/4099/4099
f 4111/4111/4111 4112/4112/4112 4099/4099/4099
f 4099/4099/4099 4112/4112/4112 4100/4100/4100
f 4112/4112/4112 4113/4113/4113 4100/4100/4100
f 4100/4100/4100 4113/4113/4113 4101/4101/4101
f 4113/4113/4113 4114/4114/4114 4101/4101/4101
f 4101/4101/4101 4114/4114/4114 4102/4102/4102
f 4114/4114/4114 4115/4115/4115 4102/4102/4102
f 4102/4102/4102 4115/4115/4115 4103/4103/4103
f 4115/4115/4115 4116/4116/4116 4103/4103/4103
f 4103/4103/4103 4116/4116/4116 4104/4104/4104
f 4116/4116/4116 4117/4117/4117 4104/4104/4104
f 4104/4104/4104 4117/4117/4117 4105/4105/4105
f 4117/4117/4117 4118/4118/4118 4105/4105/4105
f 4131/4131/4131 4132/4132/4132 4119/4119/4119
f 4132/4132/4132 4133/4133/4133 4120/4120/4120
f 4133/4133/4133 4134/4134/4134 4121/4121/4121
f 4134/4134/4134 4135/4135/4135 4122/4122/4122
f 4135/4135/4135 4136/4136/4136 4123/4123/4123
f 4136/4136/4136 4137/4137/4137 4124/4124/4124
f 4137/4137/4137 4138/4138/4138 4125/4125/4125
f 4138/4138/4138 4139/4139/4139 4126/4126/4126
f 4139/4139/4139 4140/4140/4140 4127/4127/4127
f 4140/4140/4140 4141/4141/4141 4128/4128/4128
f 4141/4141/4141 4142/4142/4142 4129/4129/4129
f 4142/4142/4142 4143/4143/4143 4130/4130/4130
f 4157/4157/4157 4156/4156/4156 4144/4144/4144
f 4158/4158/4158 4157/4157/4157 4145/4145/4145
f 4159/4159/4159 4158/4158/4158 4146/4146/4146
f 4160/4160/4160 4159/4159/4159 4147/4147/4147
f 4161/4161/4161 4160/4160/4160 4148/4148/4148
f 4162/4162/4162 4161/4161/4161 4149/4149/4149
f 4163/4163/4163 4162/4162/4162 4150/4150/4150
f 4164/4164/4164 4163/4163/4163 4151/4151/4151
f 4165/4165/4165 4164/4164/4164 4152/4152/4152
f 4166/4166/4166 4165/4165/4165 4153/4153/4153
f 4167/4167/4167 4166/4166/4166 4154/4154/4154
f 4168/4168/4168 4167/4167/4167 4155/4155/4155
o crate_b_cap_7
usemtl enamel
v -1.7 0.6499999996647239 1.8520000015199185
v -1.6839999992400407 0.6499999996647239 1.8477128126472235
v -1.6722871873527765 0.6499999996647239 1.8360000007599593
v -1.6679999984800815 0.6499999996647239 1.82
v -1.6722871873527765 0.6499999996647239 1.8039999992400408
v -1.6839999992400407 0.6499999996647239 1.7922871873527766
v -1.7 0.6499999996647239 1.7879999984800816
v -1.7160000007599592 0.6499999996647239 1.7922871873527766
v -1.7277128126472234 0.6499999996647239 1.8039999992400408
v -1.7320000015199184 0.6499999996647239 1.82
v -1.7277128126472234 0.6499999996647239 1.8360000007599593
v -1.7160000007599592 0.6499999996647239 1.8477128126472235
v -1.7 0.6499999996647239 1.8520000015199185
v -1.7 0.6200000003352761 1.8520000015199185
v -1.6839999992400407 0.6200000003352761 1.8477128126472235
v -1.6722871873527765 0.6200000003352761 1.8360000007599593
v -1.6679999984800815 0.6200000003352761 1.82
v -1.6722871873527765 0.6200000003352761 1.8039999992400408
v -1.6839999992400407 0.6200000003352761 1.7922871873527766
v -1.7 0.6200000003352761 1.7879999984800816
v -1.7160000007599592 0.6200000003352761 1.7922871873527766
v -1.7277128126472234 0.6200000003352761 1.8039999992400408
v -1.7320000015199184 0.6200000003352761 1.82
v -1.7277128126472234 0.6200000003352761 1.8360000007599593
v -1.7160000007599592 0.6200000003352761 1.8477128126472235
v -1.7 0.6200000003352761 1.8520000015199185
v -1.7 0.6499999996647239 1.82
v -1.7 0.6499999996647239 1.82
v -1.7 0.6499999996647239 1.82
v -1.7 0.6499999996647239 1.82
v -1.7 0.6499999996647239 1.82
v -1.7 0.6499999996647239 1.82
v -1.7 0.6499999996647239 1.82
v -1.7 0.6499999996647239 1.82
v -1.7 0.6499999996647239 1.82
v -1.7 0.6499999996647239 1.82
v -1.7 0.6499999996647239 1.82
v -1.7 0.6499999996647239 1.82
v -1.7 0.6499999996647239 1.8520000015199185
v -1.6839999992400407 0.6499999996647239 1.8477128126472235
v -1.6722871873527765 0.6499999996647239 1.8360000007599593
v -1.6679999984800815 0.6499999996647239 1.82
v -1.6722871873527765 0.6499999996647239 1.8039999992400408
v -1.6839999992400407 0.6499999996647239 1.7922871873527766
v -1.7 0.6499999996647239 1.7879999984800816
v -1.7160000007599592 0.6499999996647239 1.7922871873527766
v -1.7277128126472234 0.6499999996647239 1.8039999992400408
v -1.7320000015199184 0.6499999996647239 1.82
v -1.7277128126472234 0.6499999996647239 1.8360000007599593
v -1.7160000007599592 0.6499999996647239 1.8477128126472235
v -1.7 0.6499999996647239 1.8520000015199185
v -1.7 0.6200000003352761 1.82
v -1.7 0.6200000003352761 1.82
v -1.7 0.6200000003352761 1.82
v -1.7 0.6200000003352761 1.82
v -1.7 0.6200000003352761 1.82
v -1.7 0.6200000003352761 1.82
v -1.7 0.6200000003352761 1.82
v -1.7 0.6200000003352761 1.82
v -1.7 0.6200000003352761 1.82
v -1.7 0.6200000003352761 1.82
v -1.7 0.6200000003352761 1.82
v -1.7 0.6200000003352761 1.82
v -1.7 0.6200000003352761 1.8520000015199185
v -1.6839999992400407 0.6200000003352761 1.8477128126472235
v -1.6722871873527765 0.6200000003352761 1.8360000007599593
v -1.6679999984800815 0.6200000003352761 1.82
v -1.6722871873527765 0.6200000003352761 1.8039999992400408
v -1.6839999992400407 0.6200000003352761 1.7922871873527766
v -1.7 0.6200000003352761 1.7879999984800816
v -1.7160000007599592 0.6200000003352761 1.7922871873527766
v -1.7277128126472234 0.6200000003352761 1.8039999992400408
v -1.7320000015199184 0.6200000003352761 1.82
v -1.7277128126472234 0.6200000003352761 1.8360000007599593
v -1.7160000007599592 0.6200000003352761 1.8477128126472235
v -1.7 0.6200000003352761 1.8520000015199185
vt 0 1
vt 0.0833333358168602 1
vt 0.1666666716337204 1
vt 0.25 1
vt 0.3333333432674408 1
vt 0.4166666567325592 1
vt 0.5 1
vt 0.5833333134651184 1
vt 0.6666666865348816 1
vt 0.75 1
vt 0.8333333134651184 1
vt 0.9166666865348816 1
vt 1 1
vt 0 0
vt 0.0833333358168602 0
vt 0.1666666716337204 0
vt 0.25 0
vt 0.3333333432674408 0
vt 0.4166666567325592 0
vt 0.5 0
vt 0.5833333134651184 0
vt 0.6666666865348816 0
vt 0.75 0
vt 0.8333333134651184 0
vt 0.9166666865348816 0
vt 1 0
vt 0.5 0.5
vt 0.5 0.5
vt 0.5 0.5
vt 0.5 0.5
vt 0.5 0.5
vt 0.5 0.5
vt 0.5 0.5
vt 0.5 0.5
vt 0.5 0.5
vt 0.5 0.5
vt 0.5 0.5
vt 0.5 0.5
vt 1 0.5
vt 0.9330127239227295 0.75
vt 0.75 0.9330127239227295
vt 0.5 1
vt 0.25 0.9330127239227295
vt 0.0669872984290123 0.75
vt 0 0.5
vt 0.0669872984290123 0.25
vt 0.25 0.0669872984290123
vt 0.5 0
vt 0.75 0.0669872984290123
vt 0.9330127239227295 0.25
vt 1 0.5
vt 0.5 0.5
vt 0.5 0.5
vt 0.5 0.5
vt 0.5 0.5
vt 0.5 0.5
vt 0.5 0.5
vt 0.5 0.5
vt 0.5 0.5
vt 0.5 0.5
vt 0.5 0.5
vt 0.5 0.5
vt 0.5 0.5
vt 1 0.5
vt 0.9330127239227295 0.25
vt 0.75 0.0669872984290123
vt 0.5 0
vt 0.25 0.0669872984290123
vt 0.0669872984290123 0.25
vt 0 0.5
vt 0.0669872984290123 0.75
vt 0.25 0.9330127239227295
vt 0.5 1
vt 0.75 0.9330127239227295
vt 0.9330127239227295 0.75
vt 1 0.5
vn 0 0 1
vn 0.5000000067305869 0 0.8660253998985324
vn 0.8660253998985324 0 0.5000000067305869
vn 1 0 6.123234262925839e-17
vn 0.8660253998985324 0 -0.5000000067305869
vn 0.5000000067305869 0 -0.8660253998985324
vn 1.2246468525851679e-16 0 -1
vn -0.5000000067305869 0 -0.8660253998985324
vn -0.8660253998985324 0 -0.5000000067305869
vn -1 0 -1.8369701465288538e-16
vn -0.8660253998985324 0 0.5000000067305869
vn -0.5000000067305869 0 0.8660253998985324
vn -2.4492937051703357e-16 0 1
vn 0 0 1
vn 0.5000000067305869 0 0.8660253998985324
vn 0.8660253998985324 0 0.5000000067305869
vn 1 0 6.123234262925839e-17
vn 0.8660253998985324 0 -0.5000000067305869
vn 0.5000000067305869 0 -0.8660253998985324
vn 1.2246468525851679e-16 0 -1
vn -0.5000000067305869 0 -0.8660253998985324
vn -0.8660253998985324 0 -0.5000000067305869
vn -1 0 -1.8369701465288538e-16
vn -0.8660253998985324 0 0.5000000067305869
vn -0.5000000067305869 0 0.8660253998985324
vn -2.4492937051703357e-16 0 1
vn 0 1 0
vn 0 1 0
vn 0 1 0
vn 0 1 0
vn 0 1 0
vn 0 1 0
vn 0 1 0
vn 0 1 0
vn 0 1 0
vn 0 1 0
vn 0 1 0
vn 0 1 0
vn 0 1 0
vn 0 1 0
vn 0 1 0
vn 0 1 0
vn 0 1 0
vn 0 1 0
vn 0 1 0
vn 0 1 0
vn 0 1 0
vn 0 1 0
vn 0 1 0
vn 0 1 0
vn 0 1 0
vn 0 -1 0
vn 0 -1 0
vn 0 -1 0
vn 0 -1 0
vn 0 -1 0
vn 0 -1 0
vn 0 -1 0
vn 0 -1 0
vn 0 -1 0
vn 0 -1 0
vn 0 -1 0
vn 0 -1 0
vn 0 -1 0
vn 0 -1 0
vn 0 -1 0
vn 0 -1 0
vn 0 -1 0
vn 0 -1 0
vn 0 -1 0
vn 0 -1 0
vn 0 -1 0
vn 0 -1 0
vn 0 -1 0
vn 0 -1 0
vn 0 -1 0
f 4169/4169/4169 4182/4182/4182 4170/4170/4170
f 4182/4182/4182 4183/4183/4183 4170/4170/4170
f 4170/4170/4170 4183/4183/4183 4171/4171/4171
f 4183/4183/4183 4184/4184/4184 4171/4171/4171
f 4171/4171/4171 4184/4184/4184 4172/4172/4172
f 4184/4184/4184 4185/4185/4185 4172/4172/4172
f 4172/4172/4172 4185/4185/4185 4173/4173/4173
f 4185/4185/4185 4186/4186/4186 4173/4173/4173
f 4173/4173/4173 4186/4186/4186 4174/4174/4174
f 4186/4186/4186 4187/4187/4187 4174/4174/4174
f 4174/4174/4174 4187/4187/4187 4175/4175/4175
f 4187/4187/4187 4188/4188/4188 4175/4175/4175
f 4175/4175/4175 4188/4188/4188 4176/4176/4176
f 4188/4188/4188 4189/4189/4189 4176/4176/4176
f 4176/4176/4176 4189/4189/4189 4177/4177/4177
f 4189/4189/4189 4190/4190/4190 4177/4177/4177
f 4177/4177/4177 4190/4190/4190 4178/4178/4178
f 4190/4190/4190 4191/4191/4191 4178/4178/4178
f 4178/4178/4178 4191/4191/4191 4179/4179/4179
f 4191/4191/4191 4192/4192/4192 4179/4179/4179
f 4179/4179/4179 4192/4192/4192 4180/4180/4180
f 4192/4192/4192 4193/4193/4193 4180/4180/4180
f 4180/4180/4180 4193/4193/4193 4181/4181/4181
f 4193/4193/4193 4194/4194/4194 4181/4181/4181
f 4207/4207/4207 4208/4208/4208 4195/4195/4195
f 4208/4208/4208 4209/4209/4209 4196/4196/4196
f 4209/4209/4209 4210/4210/4210 4197/4197/4197
f 4210/4210/4210 4211/4211/4211 4198/4198/4198
f 4211/4211/4211 4212/4212/4212 4199/4199/4199
f 4212/4212/4212 4213/4213/4213 4200/4200/4200
f 4213/4213/4213 4214/4214/4214 4201/4201/4201
f 4214/4214/4214 4215/4215/4215 4202/4202/4202
f 4215/4215/4215 4216/4216/4216 4203/4203/4203
f 4216/4216/4216 4217/4217/4217 4204/4204/4204
f 4217/4217/4217 4218/4218/4218 4205/4205/4205
f 4218/4218/4218 4219/4219/4219 4206/4206/4206
f 4233/4233/4233 4232/4232/4232 4220/4220/4220
f 4234/4234/4234 4233/4233/4233 4221/4221/4221
f 4235/4235/4235 4234/4234/4234 4222/4222/4222
f 4236/4236/4236 4235/4235/4235 4223/4223/4223
f 4237/4237/4237 4236/4236/4236 4224/4224/4224
f 4238/4238/4238 4237/4237/4237 4225/4225/4225
f 4239/4239/4239 4238/4238/4238 4226/4226/4226
f 4240/4240/4240 4239/4239/4239 4227/4227/4227
f 4241/4241/4241 4240/4240/4240 4228/4228/4228
f 4242/4242/4242 4241/4241/4241 4229/4229/4229
f 4243/4243/4243 4242/4242/4242 4230/4230/4230
f 4244/4244/4244 4243/4243/4243 4231/4231/4231
o crate_b_cap_8
usemtl enamel
v -1.5999999999999999 0.6499999996647239 1.8520000015199185
v -1.5839999992400406 0.6499999996647239 1.8477128126472235
v -1.5722871873527764 0.6499999996647239 1.8360000007599593
v -1.5679999984800814 0.6499999996647239 1.82
v -1.5722871873527764 0.6499999996647239 1.8039999992400408
v -1.5839999992400406 0.6499999996647239 1.7922871873527766
v -1.5999999999999999 0.6499999996647239 1.7879999984800816
v -1.616000000759959 0.6499999996647239 1.7922871873527766
v -1.6277128126472233 0.6499999996647239 1.8039999992400408
v -1.6320000015199183 0.6499999996647239 1.82
v -1.6277128126472233 0.6499999996647239 1.8360000007599593
v -1.616000000759959 0.6499999996647239 1.8477128126472235
v -1.5999999999999999 0.6499999996647239 1.8520000015199185
v -1.5999999999999999 0.6200000003352761 1.8520000015199185
v -1.5839999992400406 0.6200000003352761 1.8477128126472235
v -1.5722871873527764 0.6200000003352761 1.8360000007599593
v -1.5679999984800814 0.6200000003352761 1.82
v -1.5722871873527764 0.6200000003352761 1.8039999992400408
v -1.5839999992400406 0.6200000003352761 1.7922871873527766
v -1.5999999999999999 0.6200000003352761 1.7879999984800816
v -1.616000000759959 0.6200000003352761 1.7922871873527766
v -1.6277128126472233 0.6200000003352761 1.8039999992400408
v -1.6320000015199183 0.6200000003352761 1.82
v -1.6277128126472233 0.6200000003352761 1.8360000007599593
v -1.616000000759959 0.6200000003352761 1.8477128126472235
v -1.5999999999999999 0.6200000003352761 1.8520000015199185
v -1.5999999999999999 0.6499999996647239 1.82
v -1.5999999999999999 0.6499999996647239 1.82
v -1.5999999999999999 0.6499999996647239 1.82
v -1.5999999999999999 0.6499999996647239 1.82
v -1.5999999999999999 0.6499999996647239 1.82
v -1.5999999999999999 0.6499999996647239 1.82
v -1.5999999999999999 0.6499999996647239 1.82
v -1.5999999999999999 0.6499999996647239 1.82
v -1.5999999999999999 0.6499999996647239 1.82
v -1.5999999999999999 0.6499999996647239 1.82
v -1.5999999999999999 0.6499999996647239 1.82
v -1.5999999999999999 0.6499999996647239 1.82
v -1.5999999999999999 0.6499999996647239 1.8520000015199185
v -1.5839999992400406 0.6499999996647239 1.8477128126472235
v -1.5722871873527764 0.6499999996647239 1.8360000007599593
v -1.5679999984800814 0.6499999996647239 1.82
v -1.5722871873527764 0.6499999996647239 1.8039999992400408
v -1.5839999992400406 0.6499999996647239 1.7922871873527766
v -1.5999999999999999 0.6499999996647239 1.7879999984800816
v -1.616000000759959 0.6499999996647239 1.7922871873527766
v -1.6277128126472233 0.6499999996647239 1.8039999992400408
v -1.6320000015199183 0.6499999996647239 1.82
v -1.6277128126472233 0.6499999996647239 1.8360000007599593
v -1.616000000759959 0.6499999996647239 1.8477128126472235
v -1.5999999999999999 0.6499999996647239 1.8520000015199185
v -1.5999999999999999 0.6200000003352761 1.82
v -1.5999999999999999 0.6200000003352761 1.82
v -1.5999999999999999 0.6200000003352761 1.82
v -1.5999999999999999 0.6200000003352761 1.82
v -1.5999999999999999 0.6200000003352761 1.82
v -1.5999999999999999 0.6200000003352761 1.82
v -1.5999999999999999 0.6200000003352761 1.82
v -1.5999999999999999 0.6200000003352761 1.82
v -1.5999999999999999 0.6200000003352761 1.82
v -1.5999999999999999 0.6200000003352761 1.82
v -1.5999999999999999 0.6200000003352761 1.82
v -1.5999999999999999 0.6200000003352761 1.82
v -1.5999999999999999 0.6200000003352761 1.8520000015199185
v -1.5839999992400406 0.6200000003352761 1.8477128126472235
v -1.5722871873527764 0.6200000003352761 1.8360000007599593
v -1.5679999984800814 0.6200000003352761 1.82
v -1.5722871873527764 0.6200000003352761 1.8039999992400408
v -1.5839999992400406 0.6200000003352761 1.7922871873527766
v -1.5999999999999999 0.6200000003352761 1.7879999984800816
v -1.616000000759959 0.6200000003352761 1.7922871873527766
v -1.6277128126472233 0.6200000003352761 1.8039999992400408
v -1.6320000015199183 0.6200000003352761 1.82
v -1.6277128126472233 0.6200000003352761 1.8360000007599593
v -1.616000000759959 0.6200000003352761 1.8477128126472235
v -1.5999999999999999 0.6200000003352761 1.8520000015199185
vt 0 1
vt 0.0833333358168602 1
vt 0.1666666716337204 1
vt 0.25 1
vt 0.3333333432674408 1
vt 0.4166666567325592 1
vt 0.5 1
vt 0.5833333134651184 1
vt 0.6666666865348816 1
vt 0.75 1
vt 0.8333333134651184 1
vt 0.9166666865348816 1
vt 1 1
vt 0 0
vt 0.0833333358168602 0
vt 0.1666666716337204 0
vt 0.25 0
vt 0.3333333432674408 0
vt 0.4166666567325592 0
vt 0.5 0
vt 0.5833333134651184 0
vt 0.6666666865348816 0
vt 0.75 0
vt 0.8333333134651184 0
vt 0.9166666865348816 0
vt 1 0
vt 0.5 0.5
vt 0.5 0.5
vt 0.5 0.5
vt 0.5 0.5
vt 0.5 0.5
vt 0.5 0.5
vt 0.5 0.5
vt 0.5 0.5
vt 0.5 0.5
vt 0.5 0.5
vt 0.5 0.5
vt 0.5 0.5
vt 1 0.5
vt 0.9330127239227295 0.75
vt 0.75 0.9330127239227295
vt 0.5 1
vt 0.25 0.9330127239227295
vt 0.0669872984290123 0.75
vt 0 0.5
vt 0.0669872984290123 0.25
vt 0.25 0.0669872984290123
vt 0.5 0
vt 0.75 0.0669872984290123
vt 0.9330127239227295 0.25
vt 1 0.5
vt 0.5 0.5
vt 0.5 0.5
vt 0.5 0.5
vt 0.5 0.5
vt 0.5 0.5
vt 0.5 0.5
vt 0.5 0.5
vt 0.5 0.5
vt 0.5 0.5
vt 0.5 0.5
vt 0.5 0.5
vt 0.5 0.5
vt 1 0.5
vt 0.9330127239227295 0.25
vt 0.75 0.0669872984290123
vt 0.5 0
vt 0.25 0.0669872984290123
vt 0.0669872984290123 0.25
vt 0 0.5
vt 0.0669872984290123 0.75
vt 0.25 0.9330127239227295
vt 0.5 1
vt 0.75 0.9330127239227295
vt 0.9330127239227295 0.75
vt 1 0.5
vn 0 0 1
vn 0.5000000067305869 0 0.8660253998985324
vn 0.8660253998985324 0 0.5000000067305869
vn 1 0 6.123234262925839e-17
vn 0.8660253998985324 0 -0.5000000067305869
vn 0.5000000067305869 0 -0.8660253998985324
vn 1.2246468525851679e-16 0 -1
vn -0.5000000067305869 0 -0.8660253998985324
vn -0.8660253998985324 0 -0.5000000067305869
vn -1 0 -1.8369701465288538e-16
vn -0.8660253998985324 0 0.5000000067305869
vn -0.5000000067305869 0 0.8660253998985324
vn -2.4492937051703357e-16 0 1
vn 0 0 1
vn 0.5000000067305869 0 0.8660253998985324
vn 0.8660253998985324 0 0.5000000067305869
vn 1 0 6.123234262925839e-17
vn 0.8660253998985324 0 -0.5000000067305869
vn 0.5000000067305869 0 -0.8660253998985324
vn 1.2246468525851679e-16 0 -1
vn -0.5000000067305869 0 -0.8660253998985324
vn -0.8660253998985324 0 -0.5000000067305869
vn -1 0 -1.8369701465288538e-16
vn -0.8660253998985324 0 0.5000000067305869
vn -0.5000000067305869 0 0.8660253998985324
vn -2.4492937051703357e-16 0 1
vn 0 1 0
vn 0 1 0
vn 0 1 0
vn 0 1 0
vn 0 1 0
vn 0 1 0
vn 0 1 0
vn 0 1 0
vn 0 1 0
vn 0 1 0
vn 0 1 0
vn 0 1 0
vn 0 1 0
vn 0 1 0
vn 0 1 0
vn 0 1 0
vn 0 1 0
vn 0 1 0
vn 0 1 0
vn 0 1 0
vn 0 1 0
vn 0 1 0
vn 0 1 0
vn 0 1 0
vn 0 1 0
vn 0 -1 0
vn 0 -1 0
vn 0 -1 0
vn 0 -1 0
vn 0 -1 0
vn 0 -1 0
vn 0 -1 0
vn 0 -1 0
vn 0 -1 0
vn 0 -1 0
vn 0 -1 0
vn 0 -1 0
vn 0 -1 0
vn 0 -1 0
vn 0 -1 0
vn 0 -1 0
vn 0 -1 0
vn 0 -1 0
vn 0 -1 0
vn 0 -1 0
vn 0 -1 0
vn 0 -1 0
vn 0 -1 0
vn 0 -1 0
vn 0 -1 0
f 4245/4245/4245 4258/4258/4258 4246/4246/4246
f 4258/4258/4258 4259/4259/4259 4246/4246/4246
f 4246/4246/4246 4259/4259/4259 4247/4247/4247
f 4259/4259/4259 4260/4260/4260 4247/4247/4247
f 4247/4247/4247 4260/4260/4260 4248/4248/4248
f 4260/4260/4260 4261/4261/4261 4248/4248/4248
f 4248/4248/4248 4261/4261/4261 4249/4249/4249
f 4261/4261/4261 4262/4262/4262 4249/4249/4249
f 4249/4249/4249 4262/4262/4262 4250/4250/4250
f 4262/4262/4262 4263/4263/4263 4250/4250/4250
f 4250/4250/4250 4263/4263/4263 4251/4251/4251
f 4263/4263/4263 4264/4264/4264 4251/4251/4251
f 4251/4251/4251 4264/4264/4264 4252/4252/4252
f 4264/4264/4264 4265/4265/4265 4252/4252/4252
f 4252/4252/4252 4265/4265/4265 4253/4253/4253
f 4265/4265/4265 4266/4266/4266 4253/4253/4253
f 4253/4253/4253 4266/4266/4266 4254/4254/4254
f 4266/4266/4266 4267/4267/4267 4254/4254/4254
f 4254/4254/4254 4267/4267/4267 4255/4255/4255
f 4267/4267/4267 4268/4268/4268 4255/4255/4255
f 4255/4255/4255 4268/4268/4268 4256/4256/4256
f 4268/4268/4268 4269/4269/4269 4256/4256/4256
f 4256/4256/4256 4269/4269/4269 4257/4257/4257
f 4269/4269/4269 4270/4270/4270 4257/4257/4257
f 4283/4283/4283 4284/4284/4284 4271/4271/4271
f 4284/4284/4284 4285/4285/4285 4272/4272/4272
f 4285/4285/4285 4286/4286/4286 4273/4273/4273
f 4286/4286/4286 4287/4287/4287 4274/4274/4274
f 4287/4287/4287 4288/4288/4288 4275/4275/4275
f 4288/4288/4288 4289/4289/4289 4276/4276/4276
f 4289/4289/4289 4290/4290/4290 4277/4277/4277
f 4290/4290/4290 4291/4291/4291 4278/4278/4278
f 4291/4291/4291 4292/4292/4292 4279/4279/4279
f 4292/4292/4292 4293/4293/4293 4280/4280/4280
f 4293/4293/4293 4294/4294/4294 4281/4281/4281
f 4294/4294/4294 4295/4295/4295 4282/4282/4282
f 4309/4309/4309 4308/4308/4308 4296/4296/4296
f 4310/4310/4310 4309/4309/4309 4297/4297/4297
f 4311/4311/4311 4310/4310/4310 4298/4298/4298
f 4312/4312/4312 4311/4311/4311 4299/4299/4299
f 4313/4313/4313 4312/4312/4312 4300/4300/4300
f 4314/4314/4314 4313/4313/4313 4301/4301/4301
f 4315/4315/4315 4314/4314/4314 4302/4302/4302
f 4316/4316/4316 4315/4315/4315 4303/4303/4303
f 4317/4317/4317 4316/4316/4316 4304/4304/4304
f 4318/4318/4318 4317/4317/4317 4305/4305/4305
f 4319/4319/4319 4318/4318/4318 4306/4306/4306
f 4320/4320/4320 4319/4319/4319 4307/4307/4307
o crate_c_body
usemtl paint_red
v -1.0000000011920929 0.32500000536441803 1.9999999964237212
v -1.0000000011920929 0.32500000536441803 1.6800000035762785
v -1.0000000011920929 0.05499999463558197 1.9999999964237212
v -1.0000000011920929 0.05499999463558197 1.6800000035762785
v -1.439999998807907 0.32500000536441803 1.6800000035762785
v -1.439999998807907 0.32500000536441803 1.9999999964237212
v -1.439999998807907 0.05499999463558197 1.6800000035762785
v -1.439999998807907 0.05499999463558197 1.9999999964237212
v -1.439999998807907 0.32500000536441803 1.6800000035762785
v -1.0000000011920929 0.32500000536441803 1.6800000035762785
v -1.439999998807907 0.32500000536441803 1.9999999964237212
v -1.0000000011920929 0.32500000536441803 1.9999999964237212
v -1.439999998807907 0.05499999463558197 1.9999999964237212
v -1.0000000011920929 0.05499999463558197 1.9999999964237212
v -1.439999998807907 0.05499999463558197 1.6800000035762785
v -1.0000000011920929 0.05499999463558197 1.6800000035762785
v -1.439999998807907 0.32500000536441803 1.9999999964237212
v -1.0000000011920929 0.32500000536441803 1.9999999964237212
v -1.439999998807907 0.05499999463558197 1.9999999964237212
v -1.0000000011920929 0.05499999463558197 1.9999999964237212
v -1.0000000011920929 0.32500000536441803 1.6800000035762785
v -1.439999998807907 0.32500000536441803 1.6800000035762785
v -1.0000000011920929 0.05499999463558197 1.6800000035762785
v -1.439999998807907 0.05499999463558197 1.6800000035762785
vt 0 1
vt 1 1
vt 0 0
vt 1 0
vt 0 1
vt 1 1
vt 0 0
vt 1 0
vt 0 1
vt 1 1
vt 0 0
vt 1 0
vt 0 1
vt 1 1
vt 0 0
vt 1 0
vt 0 1
vt 1 1
vt 0 0
vt 1 0
vt 0 1
vt 1 1
vt 0 0
vt 1 0
vn 1 0 0
vn 1 0 0
vn 1 0 0
vn 1 0 0
vn -1 0 0
vn -1 0 0
vn -1 0 0
vn -1 0 0
vn 0 1 0
vn 0 1 0
vn 0 1 0
vn 0 1 0
vn 0 -1 0
vn 0 -1 0
vn 0 -1 0
vn 0 -1 0
vn 0 0 1
vn 0 0 1
vn 0 0 1
vn 0 0 1
vn 0 0 -1
vn 0 0 -1
vn 0 0 -1
vn 0 0 -1
f 4321/4321/4321 4323/4323/4323 4322/4322/4322
f 4323/4323/4323 4324/4324/4324 4322/4322/4322
f 4325/4325/4325 4327/4327/4327 4326/4326/4326
f 4327/4327/4327 4328/4328/4328 4326/4326/4326
f 4329/4329/4329 4331/4331/4331 4330/4330/4330
f 4331/4331/4331 4332/4332/4332 4330/4330/4330
f 4333/4333/4333 4335/4335/4335 4334/4334/4334
f 4335/4335/4335 4336/4336/4336 4334/4334/4334
f 4337/4337/4337 4339/4339/4339 4338/4338/4338
f 4339/4339/4339 4340/4340/4340 4338/4338/4338
f 4341/4341/4341 4343/4343/4343 4342/4342/4342
f 4343/4343/4343 4344/4344/4344 4342/4342/4342
o crate_c_rim
usemtl paint_red
v -0.9899999958276748 0.34500000037252904 2.010000001788139
v -0.9899999958276748 0.34500000037252904 1.6699999982118605
v -0.9899999958276748 0.294999999627471 2.010000001788139
v -0.9899999958276748 0.294999999627471 1.6699999982118605
v -1.450000004172325 0.34500000037252904 1.6699999982118605
v -1.450000004172325 0.34500000037252904 2.010000001788139
v -1.450000004172325 0.294999999627471 1.6699999982118605
v -1.450000004172325 0.294999999627471 2.010000001788139
v -1.450000004172325 0.34500000037252904 1.6699999982118605
v -0.9899999958276748 0.34500000037252904 1.6699999982118605
v -1.450000004172325 0.34500000037252904 2.010000001788139
v -0.9899999958276748 0.34500000037252904 2.010000001788139
v -1.450000004172325 0.294999999627471 2.010000001788139
v -0.9899999958276748 0.294999999627471 2.010000001788139
v -1.450000004172325 0.294999999627471 1.6699999982118605
v -0.9899999958276748 0.294999999627471 1.6699999982118605
v -1.450000004172325 0.34500000037252904 2.010000001788139
v -0.9899999958276748 0.34500000037252904 2.010000001788139
v -1.450000004172325 0.294999999627471 2.010000001788139
v -0.9899999958276748 0.294999999627471 2.010000001788139
v -0.9899999958276748 0.34500000037252904 1.6699999982118605
v -1.450000004172325 0.34500000037252904 1.6699999982118605
v -0.9899999958276748 0.294999999627471 1.6699999982118605
v -1.450000004172325 0.294999999627471 1.6699999982118605
vt 0 1
vt 1 1
vt 0 0
vt 1 0
vt 0 1
vt 1 1
vt 0 0
vt 1 0
vt 0 1
vt 1 1
vt 0 0
vt 1 0
vt 0 1
vt 1 1
vt 0 0
vt 1 0
vt 0 1
vt 1 1
vt 0 0
vt 1 0
vt 0 1
vt 1 1
vt 0 0
vt 1 0
vn 1 0 0
vn 1 0 0
vn 1 0 0
vn 1 0 0
vn -1 0 0
vn -1 0 0
vn -1 0 0
vn -1 0 0
vn 0 1 0
vn 0 1 0
vn 0 1 0
vn 0 1 0
vn 0 -1 0
vn 0 -1 0
vn 0 -1 0
vn 0 -1 0
vn 0 0 1
vn 0 0 1
vn 0 0 1
vn 0 0 1
vn 0 0 -1
vn 0 0 -1
vn 0 0 -1
vn 0 0 -1
f 4345/4345/4345 4347/4347/4347 4346/4346/4346
f 4347/4347/4347 4348/4348/4348 4346/4346/4346
f 4349/4349/4349 4351/4351/4351 4350/4350/4350
f 4351/4351/4351 4352/4352/4352 4350/4350/4350
f 4353/4353/4353 4355/4355/4355 4354/4354/4354
f 4355/4355/4355 4356/4356/4356 4354/4354/4354
f 4357/4357/4357 4359/4359/4359 4358/4358/4358
f 4359/4359/4359 4360/4360/4360 4358/4358/4358
f 4361/4361/4361 4363/4363/4363 4362/4362/4362
f 4363/4363/4363 4364/4364/4364 4362/4362/4362
f 4365/4365/4365 4367/4367/4367 4366/4366/4366
f 4367/4367/4367 4368/4368/4368 4366/4366/4366
o crate_c_cap_1
usemtl enamel
v -1.3699999999999999 0.34999999966472384 1.8020000015199182
v -1.3539999992400407 0.34999999966472384 1.7977128126472233
v -1.3422871873527764 0.34999999966472384 1.786000000759959
v -1.3379999984800814 0.34999999966472384 1.7699999999999998
v -1.3422871873527764 0.34999999966472384 1.7539999992400406
v -1.3539999992400407 0.34999999966472384 1.7422871873527763
v -1.3699999999999999 0.34999999966472384 1.7379999984800814
v -1.386000000759959 0.34999999966472384 1.7422871873527763
v -1.3977128126472234 0.34999999966472384 1.7539999992400406
v -1.4020000015199183 0.34999999966472384 1.7699999999999998
v -1.3977128126472234 0.34999999966472384 1.786000000759959
v -1.386000000759959 0.34999999966472384 1.7977128126472233
v -1.3699999999999999 0.34999999966472384 1.8020000015199182
v -1.3699999999999999 0.3200000003352761 1.8020000015199182
v -1.3539999992400407 0.3200000003352761 1.7977128126472233
v -1.3422871873527764 0.3200000003352761 1.786000000759959
v -1.3379999984800814 0.3200000003352761 1.7699999999999998
v -1.3422871873527764 0.3200000003352761 1.7539999992400406
v -1.3539999992400407 0.3200000003352761 1.7422871873527763
v -1.3699999999999999 0.3200000003352761 1.7379999984800814
v -1.386000000759959 0.3200000003352761 1.7422871873527763
v -1.3977128126472234 0.3200000003352761 1.7539999992400406
v -1.4020000015199183 0.3200000003352761 1.7699999999999998
v -1.3977128126472234 0.3200000003352761 1.786000000759959
v -1.386000000759959 0.3200000003352761 1.7977128126472233
v -1.3699999999999999 0.3200000003352761 1.8020000015199182
v -1.3699999999999999 0.34999999966472384 1.7699999999999998
v -1.3699999999999999 0.34999999966472384 1.7699999999999998
v -1.3699999999999999 0.34999999966472384 1.7699999999999998
v -1.3699999999999999 0.34999999966472384 1.7699999999999998
v -1.3699999999999999 0.34999999966472384 1.7699999999999998
v -1.3699999999999999 0.34999999966472384 1.7699999999999998
v -1.3699999999999999 0.34999999966472384 1.7699999999999998
v -1.3699999999999999 0.34999999966472384 1.7699999999999998
v -1.3699999999999999 0.34999999966472384 1.7699999999999998
v -1.3699999999999999 0.34999999966472384 1.7699999999999998
v -1.3699999999999999 0.34999999966472384 1.7699999999999998
v -1.3699999999999999 0.34999999966472384 1.7699999999999998
v -1.3699999999999999 0.34999999966472384 1.8020000015199182
v -1.3539999992400407 0.34999999966472384 1.7977128126472233
v -1.3422871873527764 0.34999999966472384 1.786000000759959
v -1.3379999984800814 0.34999999966472384 1.7699999999999998
v -1.3422871873527764 0.34999999966472384 1.7539999992400406
v -1.3539999992400407 0.34999999966472384 1.7422871873527763
v -1.3699999999999999 0.34999999966472384 1.7379999984800814
v -1.386000000759959 0.34999999966472384 1.7422871873527763
v -1.3977128126472234 0.34999999966472384 1.7539999992400406
v -1.4020000015199183 0.34999999966472384 1.7699999999999998
v -1.3977128126472234 0.34999999966472384 1.786000000759959
v -1.386000000759959 0.34999999966472384 1.7977128126472233
v -1.3699999999999999 0.34999999966472384 1.8020000015199182
v -1.3699999999999999 0.3200000003352761 1.7699999999999998
v -1.3699999999999999 0.3200000003352761 1.7699999999999998
v -1.3699999999999999 0.3200000003352761 1.7699999999999998
v -1.3699999999999999 0.3200000003352761 1.7699999999999998
v -1.3699999999999999 0.3200000003352761 1.7699999999999998
v -1.3699999999999999 0.3200000003352761 1.7699999999999998
v -1.3699999999999999 0.3200000003352761 1.7699999999999998
v -1.3699999999999999 0.3200000003352761 1.7699999999999998
v -1.3699999999999999 0.3200000003352761 1.7699999999999998
v -1.3699999999999999 0.3200000003352761 1.7699999999999998
v -1.3699999999999999 0.3200000003352761 1.7699999999999998
v -1.3699999999999999 0.3200000003352761 1.7699999999999998
v -1.3699999999999999 0.3200000003352761 1.8020000015199182
v -1.3539999992400407 0.3200000003352761 1.7977128126472233
v -1.3422871873527764 0.3200000003352761 1.786000000759959
v -1.3379999984800814 0.3200000003352761 1.7699999999999998
v -1.3422871873527764 0.3200000003352761 1.7539999992400406
v -1.3539999992400407 0.3200000003352761 1.7422871873527763
v -1.3699999999999999 0.3200000003352761 1.7379999984800814
v -1.386000000759959 0.3200000003352761 1.7422871873527763
v -1.3977128126472234 0.3200000003352761 1.7539999992400406
v -1.4020000015199183 0.3200000003352761 1.7699999999999998
v -1.3977128126472234 0.3200000003352761 1.786000000759959
v -1.386000000759959 0.3200000003352761 1.7977128126472233
v -1.3699999999999999 0.3200000003352761 1.8020000015199182
vt 0 1
vt 0.0833333358168602 1
vt 0.1666666716337204 1
vt 0.25 1
vt 0.3333333432674408 1
vt 0.4166666567325592 1
vt 0.5 1
vt 0.5833333134651184 1
vt 0.6666666865348816 1
vt 0.75 1
vt 0.8333333134651184 1
vt 0.9166666865348816 1
vt 1 1
vt 0 0
vt 0.0833333358168602 0
vt 0.1666666716337204 0
vt 0.25 0
vt 0.3333333432674408 0
vt 0.4166666567325592 0
vt 0.5 0
vt 0.5833333134651184 0
vt 0.6666666865348816 0
vt 0.75 0
vt 0.8333333134651184 0
vt 0.9166666865348816 0
vt 1 0
vt 0.5 0.5
vt 0.5 0.5
vt 0.5 0.5
vt 0.5 0.5
vt 0.5 0.5
vt 0.5 0.5
vt 0.5 0.5
vt 0.5 0.5
vt 0.5 0.5
vt 0.5 0.5
vt 0.5 0.5
vt 0.5 0.5
vt 1 0.5
vt 0.9330127239227295 0.75
vt 0.75 0.9330127239227295
vt 0.5 1
vt 0.25 0.9330127239227295
vt 0.0669872984290123 0.75
vt 0 0.5
vt 0.0669872984290123 0.25
vt 0.25 0.0669872984290123
vt 0.5 0
vt 0.75 0.0669872984290123
vt 0.9330127239227295 0.25
vt 1 0.5
vt 0.5 0.5
vt 0.5 0.5
vt 0.5 0.5
vt 0.5 0.5
vt 0.5 0.5
vt 0.5 0.5
vt 0.5 0.5
vt 0.5 0.5
vt 0.5 0.5
vt 0.5 0.5
vt 0.5 0.5
vt 0.5 0.5
vt 1 0.5
vt 0.9330127239227295 0.25
vt 0.75 0.0669872984290123
vt 0.5 0
vt 0.25 0.0669872984290123
vt 0.0669872984290123 0.25
vt 0 0.5
vt 0.0669872984290123 0.75
vt 0.25 0.9330127239227295
vt 0.5 1
vt 0.75 0.9330127239227295
vt 0.9330127239227295 0.75
vt 1 0.5
vn 0 0 1
vn 0.5000000067305869 0 0.8660253998985324
vn 0.8660253998985324 0 0.5000000067305869
vn 1 0 6.123234262925839e-17
vn 0.8660253998985324 0 -0.5000000067305869
vn 0.5000000067305869 0 -0.8660253998985324
vn 1.2246468525851679e-16 0 -1
vn -0.5000000067305869 0 -0.8660253998985324
vn -0.8660253998985324 0 -0.5000000067305869
vn -1 0 -1.8369701465288538e-16
vn -0.8660253998985324 0 0.5000000067305869
vn -0.5000000067305869 0 0.8660253998985324
vn -2.4492937051703357e-16 0 1
vn 0 0 1
vn 0.5000000067305869 0 0.8660253998985324
vn 0.8660253998985324 0 0.5000000067305869
vn 1 0 6.123234262925839e-17
vn 0.8660253998985324 0 -0.5000000067305869
vn 0.5000000067305869 0 -0.8660253998985324
vn 1.2246468525851679e-16 0 -1
vn -0.5000000067305869 0 -0.8660253998985324
vn -0.8660253998985324 0 -0.5000000067305869
vn -1 0 -1.8369701465288538e-16
vn -0.8660253998985324 0 0.5000000067305869
vn -0.5000000067305869 0 0.8660253998985324
vn -2.4492937051703357e-16 0 1
vn 0 1 0
vn 0 1 0
vn 0 1 0
vn 0 1 0
vn 0 1 0
vn 0 1 0
vn 0 1 0
vn 0 1 0
vn 0 1 0
vn 0 1 0
vn 0 1 0
vn 0 1 0
vn 0 1 0
vn 0 1 0
vn 0 1 0
vn 0 1 0
vn 0 1 0
vn 0 1 0
vn 0 1 0
vn 0 1 0
vn 0 1 0
vn 0 1 0
vn 0 1 0
vn 0 1 0
vn 0 1 0
vn 0 -1 0
vn 0 -1 0
vn 0 -1 0
vn 0 -1 0
vn 0 -1 0
vn 0 -1 0
vn 0 -1 0
vn 0 -1 0
vn 0 -1 0
vn 0 -1 0
vn 0 -1 0
vn 0 -1 0
vn 0 -1 0
vn 0 -1 0
vn 0 -1 0
vn 0 -1 0
vn 0 -1 0
vn 0 -1 0
vn 0 -1 0
vn 0 -1 0
vn 0 -1 0
vn 0 -1 0
vn 0 -1 0
vn 0 -1 0
vn 0 -1 0
f 4369/4369/4369 4382/4382/4382 4370/4370/4370
f 4382/4382/4382 4383/4383/4383 4370/4370/4370
f 4370/4370/4370 4383/4383/4383 4371/4371/4371
f 4383/4383/4383 4384/4384/4384 4371/4371/4371
f 4371/4371/4371 4384/4384/4384 4372/4372/4372
f 4384/4384/4384 4385/4385/4385 4372/4372/4372
f 4372/4372/4372 4385/4385/4385 4373/4373/4373
f 4385/4385/4385 4386/4386/4386 4373/4373/4373
f 4373/4373/4373 4386/4386/4386 4374/4374/4374
f 4386/4386/4386 4387/4387/4387 4374/4374/4374
f 4374/4374/4374 4387/4387/4387 4375/4375/4375
f 4387/4387/4387 4388/4388/4388 4375/4375/4375
f 4375/4375/4375 4388/4388/4388 4376/4376/4376
f 4388/4388/4388 4389/4389/4389 4376/4376/4376
f 4376/4376/4376 4389/4389/4389 4377/4377/4377
f 4389/4389/4389 4390/4390/4390 4377/4377/4377
f 4377/4377/4377 4390/4390/4390 4378/4378/4378
f 4390/4390/4390 4391/4391/4391 4378/4378/4378
f 4378/4378/4378 4391/4391/4391 4379/4379/4379
f 4391/4391/4391 4392/4392/4392 4379/4379/4379
f 4379/4379/4379 4392/4392/4392 4380/4380/4380
f 4392/4392/4392 4393/4393/4393 4380/4380/4380
f 4380/4380/4380 4393/4393/4393 4381/4381/4381
f 4393/4393/4393 4394/4394/4394 4381/4381/4381
f 4407/4407/4407 4408/4408/4408 4395/4395/4395
f 4408/4408/4408 4409/4409/4409 4396/4396/4396
f 4409/4409/4409 4410/4410/4410 4397/4397/4397
f 4410/4410/4410 4411/4411/4411 4398/4398/4398
f 4411/4411/4411 4412/4412/4412 4399/4399/4399
f 4412/4412/4412 4413/4413/4413 4400/4400/4400
f 4413/4413/4413 4414/4414/4414 4401/4401/4401
f 4414/4414/4414 4415/4415/4415 4402/4402/4402
f 4415/4415/4415 4416/4416/4416 4403/4403/4403
f 4416/4416/4416 4417/4417/4417 4404/4404/4404
f 4417/4417/4417 4418/4418/4418 4405/4405/4405
f 4418/4418/4418 4419/4419/4419 4406/4406/4406
f 4433/4433/4433 4432/4432/4432 4420/4420/4420
f 4434/4434/4434 4433/4433/4433 4421/4421/4421
f 4435/4435/4435 4434/4434/4434 4422/4422/4422
f 4436/4436/4436 4435/4435/4435 4423/4423/4423
f 4437/4437/4437 4436/4436/4436 4424/4424/4424
f 4438/4438/4438 4437/4437/4437 4425/4425/4425
f 4439/4439/4439 4438/4438/4438 4426/4426/4426
f 4440/4440/4440 4439/4439/4439 4427/4427/4427
f 4441/4441/4441 4440/4440/4440 4428/4428/4428
f 4442/4442/4442 4441/4441/4441 4429/4429/4429
f 4443/4443/4443 4442/4442/4442 4430/4430/4430
f 4444/4444/4444 4443/4443/4443 4431/4431/4431
o crate_c_cap_2
usemtl enamel
v -1.27 0.34999999966472384 1.8020000015199182
v -1.2539999992400408 0.34999999966472384 1.7977128126472233
v -1.2422871873527765 0.34999999966472384 1.786000000759959
v -1.2379999984800816 0.34999999966472384 1.7699999999999998
v -1.2422871873527765 0.34999999966472384 1.7539999992400406
v -1.2539999992400408 0.34999999966472384 1.7422871873527763
v -1.27 0.34999999966472384 1.7379999984800814
v -1.2860000007599592 0.34999999966472384 1.7422871873527763
v -1.2977128126472235 0.34999999966472384 1.7539999992400406
v -1.3020000015199185 0.34999999966472384 1.7699999999999998
v -1.2977128126472235 0.34999999966472384 1.786000000759959
v -1.2860000007599592 0.34999999966472384 1.7977128126472233
v -1.27 0.34999999966472384 1.8020000015199182
v -1.27 0.3200000003352761 1.8020000015199182
v -1.2539999992400408 0.3200000003352761 1.7977128126472233
v -1.2422871873527765 0.3200000003352761 1.786000000759959
v -1.2379999984800816 0.3200000003352761 1.7699999999999998
v -1.2422871873527765 0.3200000003352761 1.7539999992400406
v -1.2539999992400408 0.3200000003352761 1.7422871873527763
v -1.27 0.3200000003352761 1.7379999984800814
v -1.2860000007599592 0.3200000003352761 1.7422871873527763
v -1.2977128126472235 0.3200000003352761 1.7539999992400406
v -1.3020000015199185 0.3200000003352761 1.7699999999999998
v -1.2977128126472235 0.3200000003352761 1.786000000759959
v -1.2860000007599592 0.3200000003352761 1.7977128126472233
v -1.27 0.3200000003352761 1.8020000015199182
v -1.27 0.34999999966472384 1.7699999999999998
v -1.27 0.34999999966472384 1.7699999999999998
v -1.27 0.34999999966472384 1.7699999999999998
v -1.27 0.34999999966472384 1.7699999999999998
v -1.27 0.34999999966472384 1.7699999999999998
v -1.27 0.34999999966472384 1.7699999999999998
v -1.27 0.34999999966472384 1.7699999999999998
v -1.27 0.34999999966472384 1.7699999999999998
v -1.27 0.34999999966472384 1.7699999999999998
v -1.27 0.34999999966472384 1.7699999999999998
v -1.27 0.34999999966472384 1.7699999999999998
v -1.27 0.34999999966472384 1.7699999999999998
v -1.27 0.34999999966472384 1.8020000015199182
v -1.2539999992400408 0.34999999966472384 1.7977128126472233
v -1.2422871873527765 0.34999999966472384 1.786000000759959
v -1.2379999984800816 0.34999999966472384 1.7699999999999998
v -1.2422871873527765 0.34999999966472384 1.7539999992400406
v -1.2539999992400408 0.34999999966472384 1.7422871873527763
v -1.27 0.34999999966472384 1.7379999984800814
v -1.2860000007599592 0.34999999966472384 1.7422871873527763
v -1.2977128126472235 0.34999999966472384 1.7539999992400406
v -1.3020000015199185 0.34999999966472384 1.7699999999999998
v -1.2977128126472235 0.34999999966472384 1.786000000759959
v -1.2860000007599592 0.34999999966472384 1.7977128126472233
v -1.27 0.34999999966472384 1.8020000015199182
v -1.27 0.3200000003352761 1.7699999999999998
v -1.27 0.3200000003352761 1.7699999999999998
v -1.27 0.3200000003352761 1.7699999999999998
v -1.27 0.3200000003352761 1.7699999999999998
v -1.27 0.3200000003352761 1.7699999999999998
v -1.27 0.3200000003352761 1.7699999999999998
v -1.27 0.3200000003352761 1.7699999999999998
v -1.27 0.3200000003352761 1.7699999999999998
v -1.27 0.3200000003352761 1.7699999999999998
v -1.27 0.3200000003352761 1.7699999999999998
v -1.27 0.3200000003352761 1.7699999999999998
v -1.27 0.3200000003352761 1.7699999999999998
v -1.27 0.3200000003352761 1.8020000015199182
v -1.2539999992400408 0.3200000003352761 1.7977128126472233
v -1.2422871873527765 0.3200000003352761 1.786000000759959
v -1.2379999984800816 0.3200000003352761 1.7699999999999998
v -1.2422871873527765 0.3200000003352761 1.7539999992400406
v -1.2539999992400408 0.3200000003352761 1.7422871873527763
v -1.27 0.3200000003352761 1.7379999984800814
v -1.2860000007599592 0.3200000003352761 1.7422871873527763
v -1.2977128126472235 0.3200000003352761 1.7539999992400406
v -1.3020000015199185 0.3200000003352761 1.7699999999999998
v -1.2977128126472235 0.3200000003352761 1.786000000759959
v -1.2860000007599592 0.3200000003352761 1.7977128126472233
v -1.27 0.3200000003352761 1.8020000015199182
vt 0 1
vt 0.0833333358168602 1
vt 0.1666666716337204 1
vt 0.25 1
vt 0.3333333432674408 1
vt 0.4166666567325592 1
vt 0.5 1
vt 0.5833333134651184 1
vt 0.6666666865348816 1
vt 0.75 1
vt 0.8333333134651184 1
vt 0.9166666865348816 1
vt 1 1
vt 0 0
vt 0.0833333358168602 0
vt 0.1666666716337204 0
vt 0.25 0
vt 0.3333333432674408 0
vt 0.4166666567325592 0
vt 0.5 0
vt 0.5833333134651184 0
vt 0.6666666865348816 0
vt 0.75 0
vt 0.8333333134651184 0
vt 0.9166666865348816 0
vt 1 0
vt 0.5 0.5
vt 0.5 0.5
vt 0.5 0.5
vt 0.5 0.5
vt 0.5 0.5
vt 0.5 0.5
vt 0.5 0.5
vt 0.5 0.5
vt 0.5 0.5
vt 0.5 0.5
vt 0.5 0.5
vt 0.5 0.5
vt 1 0.5
vt 0.9330127239227295 0.75
vt 0.75 0.9330127239227295
vt 0.5 1
vt 0.25 0.9330127239227295
vt 0.0669872984290123 0.75
vt 0 0.5
vt 0.0669872984290123 0.25
vt 0.25 0.0669872984290123
vt 0.5 0
vt 0.75 0.0669872984290123
vt 0.9330127239227295 0.25
vt 1 0.5
vt 0.5 0.5
vt 0.5 0.5
vt 0.5 0.5
vt 0.5 0.5
vt 0.5 0.5
vt 0.5 0.5
vt 0.5 0.5
vt 0.5 0.5
vt 0.5 0.5
vt 0.5 0.5
vt 0.5 0.5
vt 0.5 0.5
vt 1 0.5
vt 0.9330127239227295 0.25
vt 0.75 0.0669872984290123
vt 0.5 0
vt 0.25 0.0669872984290123
vt 0.0669872984290123 0.25
vt 0 0.5
vt 0.0669872984290123 0.75
vt 0.25 0.9330127239227295
vt 0.5 1
vt 0.75 0.9330127239227295
vt 0.9330127239227295 0.75
vt 1 0.5
vn 0 0 1
vn 0.5000000067305869 0 0.8660253998985324
vn 0.8660253998985324 0 0.5000000067305869
vn 1 0 6.123234262925839e-17
vn 0.8660253998985324 0 -0.5000000067305869
vn 0.5000000067305869 0 -0.8660253998985324
vn 1.2246468525851679e-16 0 -1
vn -0.5000000067305869 0 -0.8660253998985324
vn -0.8660253998985324 0 -0.5000000067305869
vn -1 0 -1.8369701465288538e-16
vn -0.8660253998985324 0 0.5000000067305869
vn -0.5000000067305869 0 0.8660253998985324
vn -2.4492937051703357e-16 0 1
vn 0 0 1
vn 0.5000000067305869 0 0.8660253998985324
vn 0.8660253998985324 0 0.5000000067305869
vn 1 0 6.123234262925839e-17
vn 0.8660253998985324 0 -0.5000000067305869
vn 0.5000000067305869 0 -0.8660253998985324
vn 1.2246468525851679e-16 0 -1
vn -0.5000000067305869 0 -0.8660253998985324
vn -0.8660253998985324 0 -0.5000000067305869
vn -1 0 -1.8369701465288538e-16
vn -0.8660253998985324 0 0.5000000067305869
vn -0.5000000067305869 0 0.8660253998985324
vn -2.4492937051703357e-16 0 1
vn 0 1 0
vn 0 1 0
vn 0 1 0
vn 0 1 0
vn 0 1 0
vn 0 1 0
vn 0 1 0
vn 0 1 0
vn 0 1 0
vn 0 1 0
vn 0 1 0
vn 0 1 0
vn 0 1 0
vn 0 1 0
vn 0 1 0
vn 0 1 0
vn 0 1 0
vn 0 1 0
vn 0 1 0
vn 0 1 0
vn 0 1 0
vn 0 1 0
vn 0 1 0
vn 0 1 0
vn 0 1 0
vn 0 -1 0
vn 0 -1 0
vn 0 -1 0
vn 0 -1 0
vn 0 -1 0
vn 0 -1 0
vn 0 -1 0
vn 0 -1 0
vn 0 -1 0
vn 0 -1 0
vn 0 -1 0
vn 0 -1 0
vn 0 -1 0
vn 0 -1 0
vn 0 -1 0
vn 0 -1 0
vn 0 -1 0
vn 0 -1 0
vn 0 -1 0
vn 0 -1 0
vn 0 -1 0
vn 0 -1 0
vn 0 -1 0
vn 0 -1 0
vn 0 -1 0
f 4445/4445/4445 4458/4458/4458 4446/4446/4446
f 4458/4458/4458 4459/4459/4459 4446/4446/4446
f 4446/4446/4446 4459/4459/4459 4447/4447/4447
f 4459/4459/4459 4460/4460/4460 4447/4447/4447
f 4447/4447/4447 4460/4460/4460 4448/4448/4448
f 4460/4460/4460 4461/4461/4461 4448/4448/4448
f 4448/4448/4448 4461/4461/4461 4449/4449/4449
f 4461/4461/4461 4462/4462/4462 4449/4449/4449
f 4449/4449/4449 4462/4462/4462 4450/4450/4450
f 4462/4462/4462 4463/4463/4463 4450/4450/4450
f 4450/4450/4450 4463/4463/4463 4451/4451/4451
f 4463/4463/4463 4464/4464/4464 4451/4451/4451
f 4451/4451/4451 4464/4464/4464 4452/4452/4452
f 4464/4464/4464 4465/4465/4465 4452/4452/4452
f 4452/4452/4452 4465/4465/4465 4453/4453/4453
f 4465/4465/4465 4466/4466/4466 4453/4453/4453
f 4453/4453/4453 4466/4466/4466 4454/4454/4454
f 4466/4466/4466 4467/4467/4467 4454/4454/4454
f 4454/4454/4454 4467/4467/4467 4455/4455/4455
f 4467/4467/4467 4468/4468/4468 4455/4455/4455
f 4455/4455/4455 4468/4468/4468 4456/4456/4456
f 4468/4468/4468 4469/4469/4469 4456/4456/4456
f 4456/4456/4456 4469/4469/4469 4457/4457/4457
f 4469/4469/4469 4470/4470/4470 4457/4457/4457
f 4483/4483/4483 4484/4484/4484 4471/4471/4471
f 4484/4484/4484 4485/4485/4485 4472/4472/4472
f 4485/4485/4485 4486/4486/4486 4473/4473/4473
f 4486/4486/4486 4487/4487/4487 4474/4474/4474
f 4487/4487/4487 4488/4488/4488 4475/4475/4475
f 4488/4488/4488 4489/4489/4489 4476/4476/4476
f 4489/4489/4489 4490/4490/4490 4477/4477/4477
f 4490/4490/4490 4491/4491/4491 4478/4478/4478
f 4491/4491/4491 4492/4492/4492 4479/4479/4479
f 4492/4492/4492 4493/4493/4493 4480/4480/4480
f 4493/4493/4493 4494/4494/4494 4481/4481/4481
f 4494/4494/4494 4495/4495/4495 4482/4482/4482
f 4509/4509/4509 4508/4508/4508 4496/4496/4496
f 4510/4510/4510 4509/4509/4509 4497/4497/4497
f 4511/4511/4511 4510/4510/4510 4498/4498/4498
f 4512/4512/4512 4511/4511/4511 4499/4499/4499
f 4513/4513/4513 4512/4512/4512 4500/4500/4500
f 4514/4514/4514 4513/4513/4513 4501/4501/4501
f 4515/4515/4515 4514/4514/4514 4502/4502/4502
f 4516/4516/4516 4515/4515/4515 4503/4503/4503
f 4517/4517/4517 4516/4516/4516 4504/4504/4504
f 4518/4518/4518 4517/4517/4517 4505/4505/4505
f 4519/4519/4519 4518/4518/4518 4506/4506/4506
f 4520/4520/4520 4519/4519/4519 4507/4507/4507
o crate_c_cap_3
usemtl enamel
v -1.17 0.34999999966472384 1.8020000015199182
v -1.1539999992400407 0.34999999966472384 1.7977128126472233
v -1.1422871873527765 0.34999999966472384 1.786000000759959
v -1.1379999984800815 0.34999999966472384 1.7699999999999998
v -1.1422871873527765 0.34999999966472384 1.7539999992400406
v -1.1539999992400407 0.34999999966472384 1.7422871873527763
v -1.17 0.34999999966472384 1.7379999984800814
v -1.1860000007599591 0.34999999966472384 1.7422871873527763
v -1.1977128126472234 0.34999999966472384 1.7539999992400406
v -1.2020000015199184 0.34999999966472384 1.7699999999999998
v -1.1977128126472234 0.34999999966472384 1.786000000759959
v -1.1860000007599591 0.34999999966472384 1.7977128126472233
v -1.17 0.34999999966472384 1.8020000015199182
v -1.17 0.3200000003352761 1.8020000015199182
v -1.1539999992400407 0.3200000003352761 1.7977128126472233
v -1.1422871873527765 0.3200000003352761 1.786000000759959
v -1.1379999984800815 0.3200000003352761 1.7699999999999998
v -1.1422871873527765 0.3200000003352761 1.7539999992400406
v -1.1539999992400407 0.3200000003352761 1.7422871873527763
v -1.17 0.3200000003352761 1.7379999984800814
v -1.1860000007599591 0.3200000003352761 1.7422871873527763
v -1.1977128126472234 0.3200000003352761 1.7539999992400406
v -1.2020000015199184 0.3200000003352761 1.7699999999999998
v -1.1977128126472234 0.3200000003352761 1.786000000759959
v -1.1860000007599591 0.3200000003352761 1.7977128126472233
v -1.17 0.3200000003352761 1.8020000015199182
v -1.17 0.34999999966472384 1.7699999999999998
v -1.17 0.34999999966472384 1.7699999999999998
v -1.17 0.34999999966472384 1.7699999999999998
v -1.17 0.34999999966472384 1.7699999999999998
v -1.17 0.34999999966472384 1.7699999999999998
v -1.17 0.34999999966472384 1.7699999999999998
v -1.17 0.34999999966472384 1.7699999999999998
v -1.17 0.34999999966472384 1.7699999999999998
v -1.17 0.34999999966472384 1.7699999999999998
v -1.17 0.34999999966472384 1.7699999999999998
v -1.17 0.34999999966472384 1.7699999999999998
v -1.17 0.34999999966472384 1.7699999999999998
v -1.17 0.34999999966472384 1.8020000015199182
v -1.1539999992400407 0.34999999966472384 1.7977128126472233
v -1.1422871873527765 0.34999999966472384 1.786000000759959
v -1.1379999984800815 0.34999999966472384 1.7699999999999998
v -1.1422871873527765 0.34999999966472384 1.7539999992400406
v -1.1539999992400407 0.34999999966472384 1.7422871873527763
v -1.17 0.34999999966472384 1.7379999984800814
v -1.1860000007599591 0.34999999966472384 1.7422871873527763
v -1.1977128126472234 0.34999999966472384 1.7539999992400406
v -1.2020000015199184 0.34999999966472384 1.7699999999999998
v -1.1977128126472234 0.34999999966472384 1.786000000759959
v -1.1860000007599591 0.34999999966472384 1.7977128126472233
v -1.17 0.34999999966472384 1.8020000015199182
v -1.17 0.3200000003352761 1.7699999999999998
v -1.17 0.3200000003352761 1.7699999999999998
v -1.17 0.3200000003352761 1.7699999999999998
v -1.17 0.3200000003352761 1.7699999999999998
v -1.17 0.3200000003352761 1.7699999999999998
v -1.17 0.3200000003352761 1.7699999999999998
v -1.17 0.3200000003352761 1.7699999999999998
v -1.17 0.3200000003352761 1.7699999999999998
v -1.17 0.3200000003352761 1.7699999999999998
v -1.17 0.3200000003352761 1.7699999999999998
v -1.17 0.3200000003352761 1.7699999999999998
v -1.17 0.3200000003352761 1.7699999999999998
v -1.17 0.3200000003352761 1.8020000015199182
v -1.1539999992400407 0.3200000003352761 1.7977128126472233
v -1.1422871873527765 0.3200000003352761 1.786000000759959
v -1.1379999984800815 0.3200000003352761 1.7699999999999998
v -1.1422871873527765 0.3200000003352761 1.7539999992400406
v -1.1539999992400407 0.3200000003352761 1.7422871873527763
v -1.17 0.3200000003352761 1.7379999984800814
v -1.1860000007599591 0.3200000003352761 1.7422871873527763
v -1.1977128126472234 0.3200000003352761 1.7539999992400406
v -1.2020000015199184 0.3200000003352761 1.7699999999999998
v -1.1977128126472234 0.3200000003352761 1.786000000759959
v -1.1860000007599591 0.3200000003352761 1.7977128126472233
v -1.17 0.3200000003352761 1.8020000015199182
vt 0 1
vt 0.0833333358168602 1
vt 0.1666666716337204 1
vt 0.25 1
vt 0.3333333432674408 1
vt 0.4166666567325592 1
vt 0.5 1
vt 0.5833333134651184 1
vt 0.6666666865348816 1
vt 0.75 1
vt 0.8333333134651184 1
vt 0.9166666865348816 1
vt 1 1
vt 0 0
vt 0.0833333358168602 0
vt 0.1666666716337204 0
vt 0.25 0
vt 0.3333333432674408 0
vt 0.4166666567325592 0
vt 0.5 0
vt 0.5833333134651184 0
vt 0.6666666865348816 0
vt 0.75 0
vt 0.8333333134651184 0
vt 0.9166666865348816 0
vt 1 0
vt 0.5 0.5
vt 0.5 0.5
vt 0.5 0.5
vt 0.5 0.5
vt 0.5 0.5
vt 0.5 0.5
vt 0.5 0.5
vt 0.5 0.5
vt 0.5 0.5
vt 0.5 0.5
vt 0.5 0.5
vt 0.5 0.5
vt 1 0.5
vt 0.9330127239227295 0.75
vt 0.75 0.9330127239227295
vt 0.5 1
vt 0.25 0.9330127239227295
vt 0.0669872984290123 0.75
vt 0 0.5
vt 0.0669872984290123 0.25
vt 0.25 0.0669872984290123
vt 0.5 0
vt 0.75 0.0669872984290123
vt 0.9330127239227295 0.25
vt 1 0.5
vt 0.5 0.5
vt 0.5 0.5
vt 0.5 0.5
vt 0.5 0.5
vt 0.5 0.5
vt 0.5 0.5
vt 0.5 0.5
vt 0.5 0.5
vt 0.5 0.5
vt 0.5 0.5
vt 0.5 0.5
vt 0.5 0.5
vt 1 0.5
vt 0.9330127239227295 0.25
vt 0.75 0.0669872984290123
vt 0.5 0
vt 0.25 0.0669872984290123
vt 0.0669872984290123 0.25
vt 0 0.5
vt 0.0669872984290123 0.75
vt 0.25 0.9330127239227295
vt 0.5 1
vt 0.75 0.9330127239227295
vt 0.9330127239227295 0.75
vt 1 0.5
vn 0 0 1
vn 0.5000000067305869 0 0.8660253998985324
vn 0.8660253998985324 0 0.5000000067305869
vn 1 0 6.123234262925839e-17
vn 0.8660253998985324 0 -0.5000000067305869
vn 0.5000000067305869 0 -0.8660253998985324
vn 1.2246468525851679e-16 0 -1
vn -0.5000000067305869 0 -0.8660253998985324
vn -0.8660253998985324 0 -0.5000000067305869
vn -1 0 -1.8369701465288538e-16
vn -0.8660253998985324 0 0.5000000067305869
vn -0.5000000067305869 0 0.8660253998985324
vn -2.4492937051703357e-16 0 1
vn 0 0 1
vn 0.5000000067305869 0 0.8660253998985324
vn 0.8660253998985324 0 0.5000000067305869
vn 1 0 6.123234262925839e-17
vn 0.8660253998985324 0 -0.5000000067305869
vn 0.5000000067305869 0 -0.8660253998985324
vn 1.2246468525851679e-16 0 -1
vn -0.5000000067305869 0 -0.8660253998985324
vn -0.8660253998985324 0 -0.5000000067305869
vn -1 0 -1.8369701465288538e-16
vn -0.8660253998985324 0 0.5000000067305869
vn -0.5000000067305869 0 0.8660253998985324
vn -2.4492937051703357e-16 0 1
vn 0 1 0
vn 0 1 0
vn 0 1 0
vn 0 1 0
vn 0 1 0
vn 0 1 0
vn 0 1 0
vn 0 1 0
vn 0 1 0
vn 0 1 0
vn 0 1 0
vn 0 1 0
vn 0 1 0
vn 0 1 0
vn 0 1 0
vn 0 1 0
vn 0 1 0
vn 0 1 0
vn 0 1 0
vn 0 1 0
vn 0 1 0
vn 0 1 0
vn 0 1 0
vn 0 1 0
vn 0 1 0
vn 0 -1 0
vn 0 -1 0
vn 0 -1 0
vn 0 -1 0
vn 0 -1 0
vn 0 -1 0
vn 0 -1 0
vn 0 -1 0
vn 0 -1 0
vn 0 -1 0
vn 0 -1 0
vn 0 -1 0
vn 0 -1 0
vn 0 -1 0
vn 0 -1 0
vn 0 -1 0
vn 0 -1 0
vn 0 -1 0
vn 0 -1 0
vn 0 -1 0
vn 0 -1 0
vn 0 -1 0
vn 0 -1 0
vn 0 -1 0
vn 0 -1 0
f 4521/4521/4521 4534/4534/4534 4522/4522/4522
f 4534/4534/4534 4535/4535/4535 4522/4522/4522
f 4522/4522/4522 4535/4535/4535 4523/4523/4523
f 4535/4535/4535 4536/4536/4536 4523/4523/4523
f 4523/4523/4523 4536/4536/4536 4524/4524/4524
f 4536/4536/4536 4537/4537/4537 4524/4524/4524
f 4524/4524/4524 4537/4537/4537 4525/4525/4525
f 4537/4537/4537 4538/4538/4538 4525/4525/4525
f 4525/4525/4525 4538/4538/4538 4526/4526/4526
f 4538/4538/4538 4539/4539/4539 4526/4526/4526
f 4526/4526/4526 4539/4539/4539 4527/4527/4527
f 4539/4539/4539 4540/4540/4540 4527/4527/4527
f 4527/4527/4527 4540/4540/4540 4528/4528/4528
f 4540/4540/4540 4541/4541/4541 4528/4528/4528
f 4528/4528/4528 4541/4541/4541 4529/4529/4529
f 4541/4541/4541 4542/4542/4542 4529/4529/4529
f 4529/4529/4529 4542/4542/4542 4530/4530/4530
f 4542/4542/4542 4543/4543/4543 4530/4530/4530
f 4530/4530/4530 4543/4543/4543 4531/4531/4531
f 4543/4543/4543 4544/4544/4544 4531/4531/4531
f 4531/4531/4531 4544/4544/4544 4532/4532/4532
f 4544/4544/4544 4545/4545/4545 4532/4532/4532
f 4532/4532/4532 4545/4545/4545 4533/4533/4533
f 4545/4545/4545 4546/4546/4546 4533/4533/4533
f 4559/4559/4559 4560/4560/4560 4547/4547/4547
f 4560/4560/4560 4561/4561/4561 4548/4548/4548
f 4561/4561/4561 4562/4562/4562 4549/4549/4549
f 4562/4562/4562 4563/4563/4563 4550/4550/4550
f 4563/4563/4563 4564/4564/4564 4551/4551/4551
f 4564/4564/4564 4565/4565/4565 4552/4552/4552
f 4565/4565/4565 4566/4566/4566 4553/4553/4553
f 4566/4566/4566 4567/4567/4567 4554/4554/4554
f 4567/4567/4567 4568/4568/4568 4555/4555/4555
f 4568/4568/4568 4569/4569/4569 4556/4556/4556
f 4569/4569/4569 4570/4570/4570 4557/4557/4557
f 4570/4570/4570 4571/4571/4571 4558/4558/4558
f 4585/4585/4585 4584/4584/4584 4572/4572/4572
f 4586/4586/4586 4585/4585/4585 4573/4573/4573
f 4587/4587/4587 4586/4586/4586 4574/4574/4574
f 4588/4588/4588 4587/4587/4587 4575/4575/4575
f 4589/4589/4589 4588/4588/4588 4576/4576/4576
f 4590/4590/4590 4589/4589/4589 4577/4577/4577
f 4591/4591/4591 4590/4590/4590 4578/4578/4578
f 4592/4592/4592 4591/4591/4591 4579/4579/4579
f 4593/4593/4593 4592/4592/4592 4580/4580/4580
f 4594/4594/4594 4593/4593/4593 4581/4581/4581
f 4595/4595/4595 4594/4594/4594 4582/4582/4582
f 4596/4596/4596 4595/4595/4595 4583/4583/4583
o crate_c_cap_4
usemtl enamel
v -1.0699999999999998 0.34999999966472384 1.8020000015199182
v -1.0539999992400406 0.34999999966472384 1.7977128126472233
v -1.0422871873527764 0.34999999966472384 1.786000000759959
v -1.0379999984800814 0.34999999966472384 1.7699999999999998
v -1.0422871873527764 0.34999999966472384 1.7539999992400406
v -1.0539999992400406 0.34999999966472384 1.7422871873527763
v -1.0699999999999998 0.34999999966472384 1.7379999984800814
v -1.086000000759959 0.34999999966472384 1.7422871873527763
v -1.0977128126472233 0.34999999966472384 1.7539999992400406
v -1.1020000015199183 0.34999999966472384 1.7699999999999998
v -1.0977128126472233 0.34999999966472384 1.786000000759959
v -1.086000000759959 0.34999999966472384 1.7977128126472233
v -1.0699999999999998 0.34999999966472384 1.8020000015199182
v -1.0699999999999998 0.3200000003352761 1.8020000015199182
v -1.0539999992400406 0.3200000003352761 1.7977128126472233
v -1.0422871873527764 0.3200000003352761 1.786000000759959
v -1.0379999984800814 0.3200000003352761 1.7699999999999998
v -1.0422871873527764 0.3200000003352761 1.7539999992400406
v -1.0539999992400406 0.3200000003352761 1.7422871873527763
v -1.0699999999999998 0.3200000003352761 1.7379999984800814
v -1.086000000759959 0.3200000003352761 1.7422871873527763
v -1.0977128126472233 0.3200000003352761 1.7539999992400406
v -1.1020000015199183 0.3200000003352761 1.7699999999999998
v -1.0977128126472233 0.3200000003352761 1.786000000759959
v -1.086000000759959 0.3200000003352761 1.7977128126472233
v -1.0699999999999998 0.3200000003352761 1.8020000015199182
v -1.0699999999999998 0.34999999966472384 1.7699999999999998
v -1.0699999999999998 0.34999999966472384 1.7699999999999998
v -1.0699999999999998 0.34999999966472384 1.7699999999999998
v -1.0699999999999998 0.34999999966472384 1.7699999999999998
v -1.0699999999999998 0.34999999966472384 1.7699999999999998
v -1.0699999999999998 0.34999999966472384 1.7699999999999998
v -1.0699999999999998 0.34999999966472384 1.7699999999999998
v -1.0699999999999998 0.34999999966472384 1.7699999999999998
v -1.0699999999999998 0.34999999966472384 1.7699999999999998
v -1.0699999999999998 0.34999999966472384 1.7699999999999998
v -1.0699999999999998 0.34999999966472384 1.7699999999999998
v -1.0699999999999998 0.34999999966472384 1.7699999999999998
v -1.0699999999999998 0.34999999966472384 1.8020000015199182
v -1.0539999992400406 0.34999999966472384 1.7977128126472233
v -1.0422871873527764 0.34999999966472384 1.786000000759959
v -1.0379999984800814 0.34999999966472384 1.7699999999999998
v -1.0422871873527764 0.34999999966472384 1.7539999992400406
v -1.0539999992400406 0.34999999966472384 1.7422871873527763
v -1.0699999999999998 0.34999999966472384 1.7379999984800814
v -1.086000000759959 0.34999999966472384 1.7422871873527763
v -1.0977128126472233 0.34999999966472384 1.7539999992400406
v -1.1020000015199183 0.34999999966472384 1.7699999999999998
v -1.0977128126472233 0.34999999966472384 1.786000000759959
v -1.086000000759959 0.34999999966472384 1.7977128126472233
v -1.0699999999999998 0.34999999966472384 1.8020000015199182
v -1.0699999999999998 0.3200000003352761 1.7699999999999998
v -1.0699999999999998 0.3200000003352761 1.7699999999999998
v -1.0699999999999998 0.3200000003352761 1.7699999999999998
v -1.0699999999999998 0.3200000003352761 1.7699999999999998
v -1.0699999999999998 0.3200000003352761 1.7699999999999998
v -1.0699999999999998 0.3200000003352761 1.7699999999999998
v -1.0699999999999998 0.3200000003352761 1.7699999999999998
v -1.0699999999999998 0.3200000003352761 1.7699999999999998
v -1.0699999999999998 0.3200000003352761 1.7699999999999998
v -1.0699999999999998 0.3200000003352761 1.7699999999999998
v -1.0699999999999998 0.3200000003352761 1.7699999999999998
v -1.0699999999999998 0.3200000003352761 1.7699999999999998
v -1.0699999999999998 0.3200000003352761 1.8020000015199182
v -1.0539999992400406 0.3200000003352761 1.7977128126472233
v -1.0422871873527764 0.3200000003352761 1.786000000759959
v -1.0379999984800814 0.3200000003352761 1.7699999999999998
v -1.0422871873527764 0.3200000003352761 1.7539999992400406
v -1.0539999992400406 0.3200000003352761 1.7422871873527763
v -1.0699999999999998 0.3200000003352761 1.7379999984800814
v -1.086000000759959 0.3200000003352761 1.7422871873527763
v -1.0977128126472233 0.3200000003352761 1.7539999992400406
v -1.1020000015199183 0.3200000003352761 1.7699999999999998
v -1.0977128126472233 0.3200000003352761 1.786000000759959
v -1.086000000759959 0.3200000003352761 1.7977128126472233
v -1.0699999999999998 0.3200000003352761 1.8020000015199182
vt 0 1
vt 0.0833333358168602 1
vt 0.1666666716337204 1
vt 0.25 1
vt 0.3333333432674408 1
vt 0.4166666567325592 1
vt 0.5 1
vt 0.5833333134651184 1
vt 0.6666666865348816 1
vt 0.75 1
vt 0.8333333134651184 1
vt 0.9166666865348816 1
vt 1 1
vt 0 0
vt 0.0833333358168602 0
vt 0.1666666716337204 0
vt 0.25 0
vt 0.3333333432674408 0
vt 0.4166666567325592 0
vt 0.5 0
vt 0.5833333134651184 0
vt 0.6666666865348816 0
vt 0.75 0
vt 0.8333333134651184 0
vt 0.9166666865348816 0
vt 1 0
vt 0.5 0.5
vt 0.5 0.5
vt 0.5 0.5
vt 0.5 0.5
vt 0.5 0.5
vt 0.5 0.5
vt 0.5 0.5
vt 0.5 0.5
vt 0.5 0.5
vt 0.5 0.5
vt 0.5 0.5
vt 0.5 0.5
vt 1 0.5
vt 0.9330127239227295 0.75
vt 0.75 0.9330127239227295
vt 0.5 1
vt 0.25 0.9330127239227295
vt 0.0669872984290123 0.75
vt 0 0.5
vt 0.0669872984290123 0.25
vt 0.25 0.0669872984290123
vt 0.5 0
vt 0.75 0.0669872984290123
vt 0.9330127239227295 0.25
vt 1 0.5
vt 0.5 0.5
vt 0.5 0.5
vt 0.5 0.5
vt 0.5 0.5
vt 0.5 0.5
vt 0.5 0.5
vt 0.5 0.5
vt 0.5 0.5
vt 0.5 0.5
vt 0.5 0.5
vt 0.5 0.5
vt 0.5 0.5
vt 1 0.5
vt 0.9330127239227295 0.25
vt 0.75 0.0669872984290123
vt 0.5 0
vt 0.25 0.0669872984290123
vt 0.0669872984290123 0.25
vt 0 0.5
vt 0.0669872984290123 0.75
vt 0.25 0.9330127239227295
vt 0.5 1
vt 0.75 0.9330127239227295
vt 0.9330127239227295 0.75
vt 1 0.5
vn 0 0 1
vn 0.5000000067305869 0 0.8660253998985324
vn 0.8660253998985324 0 0.5000000067305869
vn 1 0 6.123234262925839e-17
vn 0.8660253998985324 0 -0.5000000067305869
vn 0.5000000067305869 0 -0.8660253998985324
vn 1.2246468525851679e-16 0 -1
vn -0.5000000067305869 0 -0.8660253998985324
vn -0.8660253998985324 0 -0.5000000067305869
vn -1 0 -1.8369701465288538e-16
vn -0.8660253998985324 0 0.5000000067305869
vn -0.5000000067305869 0 0.8660253998985324
vn -2.4492937051703357e-16 0 1
vn 0 0 1
vn 0.5000000067305869 0 0.8660253998985324
vn 0.8660253998985324 0 0.5000000067305869
vn 1 0 6.123234262925839e-17
vn 0.8660253998985324 0 -0.5000000067305869
vn 0.5000000067305869 0 -0.8660253998985324
vn 1.2246468525851679e-16 0 -1
vn -0.5000000067305869 0 -0.8660253998985324
vn -0.8660253998985324 0 -0.5000000067305869
vn -1 0 -1.8369701465288538e-16
vn -0.8660253998985324 0 0.5000000067305869
vn -0.5000000067305869 0 0.8660253998985324
vn -2.4492937051703357e-16 0 1
vn 0 1 0
vn 0 1 0
vn 0 1 0
vn 0 1 0
vn 0 1 0
vn 0 1 0
vn 0 1 0
vn 0 1 0
vn 0 1 0
vn 0 1 0
vn 0 1 0
vn 0 1 0
vn 0 1 0
vn 0 1 0
vn 0 1 0
vn 0 1 0
vn 0 1 0
vn 0 1 0
vn 0 1 0
vn 0 1 0
vn 0 1 0
vn 0 1 0
vn 0 1 0
vn 0 1 0
vn 0 1 0
vn 0 -1 0
vn 0 -1 0
vn 0 -1 0
vn 0 -1 0
vn 0 -1 0
vn 0 -1 0
vn 0 -1 0
vn 0 -1 0
vn 0 -1 0
vn 0 -1 0
vn 0 -1 0
vn 0 -1 0
vn 0 -1 0
vn 0 -1 0
vn 0 -1 0
vn 0 -1 0
vn 0 -1 0
vn 0 -1 0
vn 0 -1 0
vn 0 -1 0
vn 0 -1 0
vn 0 -1 0
vn 0 -1 0
vn 0 -1 0
vn 0 -1 0
f 4597/4597/4597 4610/4610/4610 4598/4598/4598
f 4610/4610/4610 4611/4611/4611 4598/4598/4598
f 4598/4598/4598 4611/4611/4611 4599/4599/4599
f 4611/4611/4611 4612/4612/4612 4599/4599/4599
f 4599/4599/4599 4612/4612/4612 4600/4600/4600
f 4612/4612/4612 4613/4613/4613 4600/4600/4600
f 4600/4600/4600 4613/4613/4613 4601/4601/4601
f 4613/4613/4613 4614/4614/4614 4601/4601/4601
f 4601/4601/4601 4614/4614/4614 4602/4602/4602
f 4614/4614/4614 4615/4615/4615 4602/4602/4602
f 4602/4602/4602 4615/4615/4615 4603/4603/4603
f 4615/4615/4615 4616/4616/4616 4603/4603/4603
f 4603/4603/4603 4616/4616/4616 4604/4604/4604
f 4616/4616/4616 4617/4617/4617 4604/4604/4604
f 4604/4604/4604 4617/4617/4617 4605/4605/4605
f 4617/4617/4617 4618/4618/4618 4605/4605/4605
f 4605/4605/4605 4618/4618/4618 4606/4606/4606
f 4618/4618/4618 4619/4619/4619 4606/4606/4606
f 4606/4606/4606 4619/4619/4619 4607/4607/4607
f 4619/4619/4619 4620/4620/4620 4607/4607/4607
f 4607/4607/4607 4620/4620/4620 4608/4608/4608
f 4620/4620/4620 4621/4621/4621 4608/4608/4608
f 4608/4608/4608 4621/4621/4621 4609/4609/4609
f 4621/4621/4621 4622/4622/4622 4609/4609/4609
f 4635/4635/4635 4636/4636/4636 4623/4623/4623
f 4636/4636/4636 4637/4637/4637 4624/4624/4624
f 4637/4637/4637 4638/4638/4638 4625/4625/4625
f 4638/4638/4638 4639/4639/4639 4626/4626/4626
f 4639/4639/4639 4640/4640/4640 4627/4627/4627
f 4640/4640/4640 4641/4641/4641 4628/4628/4628
f 4641/4641/4641 4642/4642/4642 4629/4629/4629
f 4642/4642/4642 4643/4643/4643 4630/4630/4630
f 4643/4643/4643 4644/4644/4644 4631/4631/4631
f 4644/4644/4644 4645/4645/4645 4632/4632/4632
f 4645/4645/4645 4646/4646/4646 4633/4633/4633
f 4646/4646/4646 4647/4647/4647 4634/4634/4634
f 4661/4661/4661 4660/4660/4660 4648/4648/4648
f 4662/4662/4662 4661/4661/4661 4649/4649/4649
f 4663/4663/4663 4662/4662/4662 4650/4650/4650
f 4664/4664/4664 4663/4663/4663 4651/4651/4651
f 4665/4665/4665 4664/4664/4664 4652/4652/4652
f 4666/4666/4666 4665/4665/4665 4653/4653/4653
f 4667/4667/4667 4666/4666/4666 4654/4654/4654
f 4668/4668/4668 4667/4667/4667 4655/4655/4655
f 4669/4669/4669 4668/4668/4668 4656/4656/4656
f 4670/4670/4670 4669/4669/4669 4657/4657/4657
f 4671/4671/4671 4670/4670/4670 4658/4658/4658
f 4672/4672/4672 4671/4671/4671 4659/4659/4659
o crate_c_cap_5
usemtl enamel
v -1.3699999999999999 0.34999999966472384 1.9420000015199184
v -1.3539999992400407 0.34999999966472384 1.9377128126472234
v -1.3422871873527764 0.34999999966472384 1.9260000007599591
v -1.3379999984800814 0.34999999966472384 1.91
v -1.3422871873527764 0.34999999966472384 1.8939999992400407
v -1.3539999992400407 0.34999999966472384 1.8822871873527764
v -1.3699999999999999 0.34999999966472384 1.8779999984800815
v -1.386000000759959 0.34999999966472384 1.8822871873527764
v -1.3977128126472234 0.34999999966472384 1.8939999992400407
v -1.4020000015199183 0.34999999966472384 1.91
v -1.3977128126472234 0.34999999966472384 1.9260000007599591
v -1.386000000759959 0.34999999966472384 1.9377128126472234
v -1.3699999999999999 0.34999999966472384 1.9420000015199184
v -1.3699999999999999 0.3200000003352761 1.9420000015199184
v -1.3539999992400407 0.3200000003352761 1.9377128126472234
v -1.3422871873527764 0.3200000003352761 1.9260000007599591
v -1.3379999984800814 0.3200000003352761 1.91
v -1.3422871873527764 0.3200000003352761 1.8939999992400407
v -1.3539999992400407 0.3200000003352761 1.8822871873527764
v -1.3699999999999999 0.3200000003352761 1.8779999984800815
v -1.386000000759959 0.3200000003352761 1.8822871873527764
v -1.3977128126472234 0.3200000003352761 1.8939999992400407
v -1.4020000015199183 0.3200000003352761 1.91
v -1.3977128126472234 0.3200000003352761 1.9260000007599591
v -1.386000000759959 0.3200000003352761 1.9377128126472234
v -1.3699999999999999 0.3200000003352761 1.9420000015199184
v -1.3699999999999999 0.34999999966472384 1.91
v -1.3699999999999999 0.34999999966472384 1.91
v -1.3699999999999999 0.34999999966472384 1.91
v -1.3699999999999999 0.34999999966472384 1.91
v -1.3699999999999999 0.34999999966472384 1.91
v -1.3699999999999999 0.34999999966472384 1.91
v -1.3699999999999999 0.34999999966472384 1.91
v -1.3699999999999999 0.34999999966472384 1.91
v -1.3699999999999999 0.34999999966472384 1.91
v -1.3699999999999999 0.34999999966472384 1.91
v -1.3699999999999999 0.34999999966472384 1.91
v -1.3699999999999999 0.34999999966472384 1.91
v -1.3699999999999999 0.34999999966472384 1.9420000015199184
v -1.3539999992400407 0.34999999966472384 1.9377128126472234
v -1.3422871873527764 0.34999999966472384 1.9260000007599591
v -1.3379999984800814 0.34999999966472384 1.91
v -1.3422871873527764 0.34999999966472384 1.8939999992400407
v -1.3539999992400407 0.34999999966472384 1.8822871873527764
v -1.3699999999999999 0.34999999966472384 1.8779999984800815
v -1.386000000759959 0.34999999966472384 1.8822871873527764
v -1.3977128126472234 0.34999999966472384 1.8939999992400407
v -1.4020000015199183 0.34999999966472384 1.91
v -1.3977128126472234 0.34999999966472384 1.9260000007599591
v -1.386000000759959 0.34999999966472384 1.9377128126472234
v -1.3699999999999999 0.34999999966472384 1.9420000015199184
v -1.3699999999999999 0.3200000003352761 1.91
v -1.3699999999999999 0.3200000003352761 1.91
v -1.3699999999999999 0.3200000003352761 1.91
v -1.3699999999999999 0.3200000003352761 1.91
v -1.3699999999999999 0.3200000003352761 1.91
v -1.3699999999999999 0.3200000003352761 1.91
v -1.3699999999999999 0.3200000003352761 1.91
v -1.3699999999999999 0.3200000003352761 1.91
v -1.3699999999999999 0.3200000003352761 1.91
v -1.3699999999999999 0.3200000003352761 1.91
v -1.3699999999999999 0.3200000003352761 1.91
v -1.3699999999999999 0.3200000003352761 1.91
v -1.3699999999999999 0.3200000003352761 1.9420000015199184
v -1.3539999992400407 0.3200000003352761 1.9377128126472234
v -1.3422871873527764 0.3200000003352761 1.9260000007599591
v -1.3379999984800814 0.3200000003352761 1.91
v -1.3422871873527764 0.3200000003352761 1.8939999992400407
v -1.3539999992400407 0.3200000003352761 1.8822871873527764
v -1.3699999999999999 0.3200000003352761 1.8779999984800815
v -1.386000000759959 0.3200000003352761 1.8822871873527764
v -1.3977128126472234 0.3200000003352761 1.8939999992400407
v -1.4020000015199183 0.3200000003352761 1.91
v -1.3977128126472234 0.3200000003352761 1.9260000007599591
v -1.386000000759959 0.3200000003352761 1.9377128126472234
v -1.3699999999999999 0.3200000003352761 1.9420000015199184
vt 0 1
vt 0.0833333358168602 1
vt 0.1666666716337204 1
vt 0.25 1
vt 0.3333333432674408 1
vt 0.4166666567325592 1
vt 0.5 1
vt 0.5833333134651184 1
vt 0.6666666865348816 1
vt 0.75 1
vt 0.8333333134651184 1
vt 0.9166666865348816 1
vt 1 1
vt 0 0
vt 0.0833333358168602 0
vt 0.1666666716337204 0
vt 0.25 0
vt 0.3333333432674408 0
vt 0.4166666567325592 0
vt 0.5 0
vt 0.5833333134651184 0
vt 0.6666666865348816 0
vt 0.75 0
vt 0.8333333134651184 0
vt 0.9166666865348816 0
vt 1 0
vt 0.5 0.5
vt 0.5 0.5
vt 0.5 0.5
vt 0.5 0.5
vt 0.5 0.5
vt 0.5 0.5
vt 0.5 0.5
vt 0.5 0.5
vt 0.5 0.5
vt 0.5 0.5
vt 0.5 0.5
vt 0.5 0.5
vt 1 0.5
vt 0.9330127239227295 0.75
vt 0.75 0.9330127239227295
vt 0.5 1
vt 0.25 0.9330127239227295
vt 0.0669872984290123 0.75
vt 0 0.5
vt 0.0669872984290123 0.25
vt 0.25 0.0669872984290123
vt 0.5 0
vt 0.75 0.0669872984290123
vt 0.9330127239227295 0.25
vt 1 0.5
vt 0.5 0.5
vt 0.5 0.5
vt 0.5 0.5
vt 0.5 0.5
vt 0.5 0.5
vt 0.5 0.5
vt 0.5 0.5
vt 0.5 0.5
vt 0.5 0.5
vt 0.5 0.5
vt 0.5 0.5
vt 0.5 0.5
vt 1 0.5
vt 0.9330127239227295 0.25
vt 0.75 0.0669872984290123
vt 0.5 0
vt 0.25 0.0669872984290123
vt 0.0669872984290123 0.25
vt 0 0.5
vt 0.0669872984290123 0.75
vt 0.25 0.9330127239227295
vt 0.5 1
vt 0.75 0.9330127239227295
vt 0.9330127239227295 0.75
vt 1 0.5
vn 0 0 1
vn 0.5000000067305869 0 0.8660253998985324
vn 0.8660253998985324 0 0.5000000067305869
vn 1 0 6.123234262925839e-17
vn 0.8660253998985324 0 -0.5000000067305869
vn 0.5000000067305869 0 -0.8660253998985324
vn 1.2246468525851679e-16 0 -1
vn -0.5000000067305869 0 -0.8660253998985324
vn -0.8660253998985324 0 -0.5000000067305869
vn -1 0 -1.8369701465288538e-16
vn -0.8660253998985324 0 0.5000000067305869
vn -0.5000000067305869 0 0.8660253998985324
vn -2.4492937051703357e-16 0 1
vn 0 0 1
vn 0.5000000067305869 0 0.8660253998985324
vn 0.8660253998985324 0 0.5000000067305869
vn 1 0 6.123234262925839e-17
vn 0.8660253998985324 0 -0.5000000067305869
vn 0.5000000067305869 0 -0.8660253998985324
vn 1.2246468525851679e-16 0 -1
vn -0.5000000067305869 0 -0.8660253998985324
vn -0.8660253998985324 0 -0.5000000067305869
vn -1 0 -1.8369701465288538e-16
vn -0.8660253998985324 0 0.5000000067305869
vn -0.5000000067305869 0 0.8660253998985324
vn -2.4492937051703357e-16 0 1
vn 0 1 0
vn 0 1 0
vn 0 1 0
vn 0 1 0
vn 0 1 0
vn 0 1 0
vn 0 1 0
vn 0 1 0
vn 0 1 0
vn 0 1 0
vn 0 1 0
vn 0 1 0
vn 0 1 0
vn 0 1 0
vn 0 1 0
vn 0 1 0
vn 0 1 0
vn 0 1 0
vn 0 1 0
vn 0 1 0
vn 0 1 0
vn 0 1 0
vn 0 1 0
vn 0 1 0
vn 0 1 0
vn 0 -1 0
vn 0 -1 0
vn 0 -1 0
vn 0 -1 0
vn 0 -1 0
vn 0 -1 0
vn 0 -1 0
vn 0 -1 0
vn 0 -1 0
vn 0 -1 0
vn 0 -1 0
vn 0 -1 0
vn 0 -1 0
vn 0 -1 0
vn 0 -1 0
vn 0 -1 0
vn 0 -1 0
vn 0 -1 0
vn 0 -1 0
vn 0 -1 0
vn 0 -1 0
vn 0 -1 0
vn 0 -1 0
vn 0 -1 0
vn 0 -1 0
f 4673/4673/4673 4686/4686/4686 4674/4674/4674
f 4686/4686/4686 4687/4687/4687 4674/4674/4674
f 4674/4674/4674 4687/4687/4687 4675/4675/4675
f 4687/4687/4687 4688/4688/4688 4675/4675/4675
f 4675/4675/4675 4688/4688/4688 4676/4676/4676
f 4688/4688/4688 4689/4689/4689 4676/4676/4676
f 4676/4676/4676 4689/4689/4689 4677/4677/4677
f 4689/4689/4689 4690/4690/4690 4677/4677/4677
f 4677/4677/4677 4690/4690/4690 4678/4678/4678
f 4690/4690/4690 4691/4691/4691 4678/4678/4678
f 4678/4678/4678 4691/4691/4691 4679/4679/4679
f 4691/4691/4691 4692/4692/4692 4679/4679/4679
f 4679/4679/4679 4692/4692/4692 4680/4680/4680
f 4692/4692/4692 4693/4693/4693 4680/4680/4680
f 4680/4680/4680 4693/4693/4693 4681/4681/4681
f 4693/4693/4693 4694/4694/4694 4681/4681/4681
f 4681/4681/4681 4694/4694/4694 4682/4682/4682
f 4694/4694/4694 4695/4695/4695 4682/4682/4682
f 4682/4682/4682 4695/4695/4695 4683/4683/4683
f 4695/4695/4695 4696/4696/4696 4683/4683/4683
f 4683/4683/4683 4696/4696/4696 4684/4684/4684
f 4696/4696/4696 4697/4697/4697 4684/4684/4684
f 4684/4684/4684 4697/4697/4697 4685/4685/4685
f 4697/4697/4697 4698/4698/4698 4685/4685/4685
f 4711/4711/4711 4712/4712/4712 4699/4699/4699
f 4712/4712/4712 4713/4713/4713 4700/4700/4700
f 4713/4713/4713 4714/4714/4714 4701/4701/4701
f 4714/4714/4714 4715/4715/4715 4702/4702/4702
f 4715/4715/4715 4716/4716/4716 4703/4703/4703
f 4716/4716/4716 4717/4717/4717 4704/4704/4704
f 4717/4717/4717 4718/4718/4718 4705/4705/4705
f 4718/4718/4718 4719/4719/4719 4706/4706/4706
f 4719/4719/4719 4720/4720/4720 4707/4707/4707
f 4720/4720/4720 4721/4721/4721 4708/4708/4708
f 4721/4721/4721 4722/4722/4722 4709/4709/4709
f 4722/4722/4722 4723/4723/4723 4710/4710/4710
f 4737/4737/4737 4736/4736/4736 4724/4724/4724
f 4738/4738/4738 4737/4737/4737 4725/4725/4725
f 4739/4739/4739 4738/4738/4738 4726/4726/4726
f 4740/4740/4740 4739/4739/4739 4727/4727/4727
f 4741/4741/4741 4740/4740/4740 4728/4728/4728
f 4742/4742/4742 4741/4741/4741 4729/4729/4729
f 4743/4743/4743 4742/4742/4742 4730/4730/4730
f 4744/4744/4744 4743/4743/4743 4731/4731/4731
f 4745/4745/4745 4744/4744/4744 4732/4732/4732
f 4746/4746/4746 4745/4745/4745 4733/4733/4733
f 4747/4747/4747 4746/4746/4746 4734/4734/4734
f 4748/4748/4748 4747/4747/4747 4735/4735/4735
o crate_c_cap_6
usemtl enamel
v -1.27 0.34999999966472384 1.9420000015199184
v -1.2539999992400408 0.34999999966472384 1.9377128126472234
v -1.2422871873527765 0.34999999966472384 1.9260000007599591
v -1.2379999984800816 0.34999999966472384 1.91
v -1.2422871873527765 0.34999999966472384 1.8939999992400407
v -1.2539999992400408 0.34999999966472384 1.8822871873527764
v -1.27 0.34999999966472384 1.8779999984800815
v -1.2860000007599592 0.34999999966472384 1.8822871873527764
v -1.2977128126472235 0.34999999966472384 1.8939999992400407
v -1.3020000015199185 0.34999999966472384 1.91
v -1.2977128126472235 0.34999999966472384 1.9260000007599591
v -1.2860000007599592 0.34999999966472384 1.9377128126472234
v -1.27 0.34999999966472384 1.9420000015199184
v -1.27 0.3200000003352761 1.9420000015199184
v -1.2539999992400408 0.3200000003352761 1.9377128126472234
v -1.2422871873527765 0.3200000003352761 1.9260000007599591
v -1.2379999984800816 0.3200000003352761 1.91
v -1.2422871873527765 0.3200000003352761 1.8939999992400407
v -1.2539999992400408 0.3200000003352761 1.8822871873527764
v -1.27 0.3200000003352761 1.8779999984800815
v -1.2860000007599592 0.3200000003352761 1.8822871873527764
v -1.2977128126472235 0.3200000003352761 1.8939999992400407
v -1.3020000015199185 0.3200000003352761 1.91
v -1.2977128126472235 0.3200000003352761 1.9260000007599591
v -1.2860000007599592 0.3200000003352761 1.9377128126472234
v -1.27 0.3200000003352761 1.9420000015199184
v -1.27 0.34999999966472384 1.91
v -1.27 0.34999999966472384 1.91
v -1.27 0.34999999966472384 1.91
v -1.27 0.34999999966472384 1.91
v -1.27 0.34999999966472384 1.91
v -1.27 0.34999999966472384 1.91
v -1.27 0.34999999966472384 1.91
v -1.27 0.34999999966472384 1.91
v -1.27 0.34999999966472384 1.91
v -1.27 0.34999999966472384 1.91
v -1.27 0.34999999966472384 1.91
v -1.27 0.34999999966472384 1.91
v -1.27 0.34999999966472384 1.9420000015199184
v -1.2539999992400408 0.34999999966472384 1.9377128126472234
v -1.2422871873527765 0.34999999966472384 1.9260000007599591
v -1.2379999984800816 0.34999999966472384 1.91
v -1.2422871873527765 0.34999999966472384 1.8939999992400407
v -1.2539999992400408 0.34999999966472384 1.8822871873527764
v -1.27 0.34999999966472384 1.8779999984800815
v -1.2860000007599592 0.34999999966472384 1.8822871873527764
v -1.2977128126472235 0.34999999966472384 1.8939999992400407
v -1.3020000015199185 0.34999999966472384 1.91
v -1.2977128126472235 0.34999999966472384 1.9260000007599591
v -1.2860000007599592 0.34999999966472384 1.9377128126472234
v -1.27 0.34999999966472384 1.9420000015199184
v -1.27 0.3200000003352761 1.91
v -1.27 0.3200000003352761 1.91
v -1.27 0.3200000003352761 1.91
v -1.27 0.3200000003352761 1.91
v -1.27 0.3200000003352761 1.91
v -1.27 0.3200000003352761 1.91
v -1.27 0.3200000003352761 1.91
v -1.27 0.3200000003352761 1.91
v -1.27 0.3200000003352761 1.91
v -1.27 0.3200000003352761 1.91
v -1.27 0.3200000003352761 1.91
v -1.27 0.3200000003352761 1.91
v -1.27 0.3200000003352761 1.9420000015199184
v -1.2539999992400408 0.3200000003352761 1.9377128126472234
v -1.2422871873527765 0.3200000003352761 1.9260000007599591
v -1.2379999984800816 0.3200000003352761 1.91
v -1.2422871873527765 0.3200000003352761 1.8939999992400407
v -1.2539999992400408 0.3200000003352761 1.8822871873527764
v -1.27 0.3200000003352761 1.8779999984800815
v -1.2860000007599592 0.3200000003352761 1.8822871873527764
v -1.2977128126472235 0.3200000003352761 1.8939999992400407
v -1.3020000015199185 0.3200000003352761 1.91
v -1.2977128126472235 0.3200000003352761 1.9260000007599591
v -1.2860000007599592 0.3200000003352761 1.9377128126472234
v -1.27 0.3200000003352761 1.9420000015199184
vt 0 1
vt 0.0833333358168602 1
vt 0.1666666716337204 1
vt 0.25 1
vt 0.3333333432674408 1
vt 0.4166666567325592 1
vt 0.5 1
vt 0.5833333134651184 1
vt 0.6666666865348816 1
vt 0.75 1
vt 0.8333333134651184 1
vt 0.9166666865348816 1
vt 1 1
vt 0 0
vt 0.0833333358168602 0
vt 0.1666666716337204 0
vt 0.25 0
vt 0.3333333432674408 0
vt 0.4166666567325592 0
vt 0.5 0
vt 0.5833333134651184 0
vt 0.6666666865348816 0
vt 0.75 0
vt 0.8333333134651184 0
vt 0.9166666865348816 0
vt 1 0
vt 0.5 0.5
vt 0.5 0.5
vt 0.5 0.5
vt 0.5 0.5
vt 0.5 0.5
vt 0.5 0.5
vt 0.5 0.5
vt 0.5 0.5
vt 0.5 0.5
vt 0.5 0.5
vt 0.5 0.5
vt 0.5 0.5
vt 1 0.5
vt 0.9330127239227295 0.75
vt 0.75 0.9330127239227295
vt 0.5 1
vt 0.25 0.9330127239227295
vt 0.0669872984290123 0.75
vt 0 0.5
vt 0.0669872984290123 0.25
vt 0.25 0.0669872984290123
vt 0.5 0
vt 0.75 0.0669872984290123
vt 0.9330127239227295 0.25
vt 1 0.5
vt 0.5 0.5
vt 0.5 0.5
vt 0.5 0.5
vt 0.5 0.5
vt 0.5 0.5
vt 0.5 0.5
vt 0.5 0.5
vt 0.5 0.5
vt 0.5 0.5
vt 0.5 0.5
vt 0.5 0.5
vt 0.5 0.5
vt 1 0.5
vt 0.9330127239227295 0.25
vt 0.75 0.0669872984290123
vt 0.5 0
vt 0.25 0.0669872984290123
vt 0.0669872984290123 0.25
vt 0 0.5
vt 0.0669872984290123 0.75
vt 0.25 0.9330127239227295
vt 0.5 1
vt 0.75 0.9330127239227295
vt 0.9330127239227295 0.75
vt 1 0.5
vn 0 0 1
vn 0.5000000067305869 0 0.8660253998985324
vn 0.8660253998985324 0 0.5000000067305869
vn 1 0 6.123234262925839e-17
vn 0.8660253998985324 0 -0.5000000067305869
vn 0.5000000067305869 0 -0.8660253998985324
vn 1.2246468525851679e-16 0 -1
vn -0.5000000067305869 0 -0.8660253998985324
vn -0.8660253998985324 0 -0.5000000067305869
vn -1 0 -1.8369701465288538e-16
vn -0.8660253998985324 0 0.5000000067305869
vn -0.5000000067305869 0 0.8660253998985324
vn -2.4492937051703357e-16 0 1
vn 0 0 1
vn 0.5000000067305869 0 0.8660253998985324
vn 0.8660253998985324 0 0.5000000067305869
vn 1 0 6.123234262925839e-17
vn 0.8660253998985324 0 -0.5000000067305869
vn 0.5000000067305869 0 -0.8660253998985324
vn 1.2246468525851679e-16 0 -1
vn -0.5000000067305869 0 -0.8660253998985324
vn -0.8660253998985324 0 -0.5000000067305869
vn -1 0 -1.8369701465288538e-16
vn -0.8660253998985324 0 0.5000000067305869
vn -0.5000000067305869 0 0.8660253998985324
vn -2.4492937051703357e-16 0 1
vn 0 1 0
vn 0 1 0
vn 0 1 0
vn 0 1 0
vn 0 1 0
vn 0 1 0
vn 0 1 0
vn 0 1 0
vn 0 1 0
vn 0 1 0
vn 0 1 0
vn 0 1 0
vn 0 1 0
vn 0 1 0
vn 0 1 0
vn 0 1 0
vn 0 1 0
vn 0 1 0
vn 0 1 0
vn 0 1 0
vn 0 1 0
vn 0 1 0
vn 0 1 0
vn 0 1 0
vn 0 1 0
vn 0 -1 0
vn 0 -1 0
vn 0 -1 0
vn 0 -1 0
vn 0 -1 0
vn 0 -1 0
vn 0 -1 0
vn 0 -1 0
vn 0 -1 0
vn 0 -1 0
vn 0 -1 0
vn 0 -1 0
vn 0 -1 0
vn 0 -1 0
vn 0 -1 0
vn 0 -1 0
vn 0 -1 0
vn 0 -1 0
vn 0 -1 0
vn 0 -1 0
vn 0 -1 0
vn 0 -1 0
vn 0 -1 0
vn 0 -1 0
vn 0 -1 0
f 4749/4749/4749 4762/4762/4762 4750/4750/4750
f 4762/4762/4762 4763/4763/4763 4750/4750/4750
f 4750/4750/4750 4763/4763/4763 4751/4751/4751
f 4763/4763/4763 4764/4764/4764 4751/4751/4751
f 4751/4751/4751 4764/4764/4764 4752/4752/4752
f 4764/4764/4764 4765/4765/4765 4752/4752/4752
f 4752/4752/4752 4765/4765/4765 4753/4753/4753
f 4765/4765/4765 4766/4766/4766 4753/4753/4753
f 4753/4753/4753 4766/4766/4766 4754/4754/4754
f 4766/4766/4766 4767/4767/4767 4754/4754/4754
f 4754/4754/4754 4767/4767/4767 4755/4755/4755
f 4767/4767/4767 4768/4768/4768 4755/4755/4755
f 4755/4755/4755 4768/4768/4768 4756/4756/4756
f 4768/4768/4768 4769/4769/4769 4756/4756/4756
f 4756/4756/4756 4769/4769/4769 4757/4757/4757
f 4769/4769/4769 4770/4770/4770 4757/4757/4757
f 4757/4757/4757 4770/4770/4770 4758/4758/4758
f 4770/4770/4770 4771/4771/4771 4758/4758/4758
f 4758/4758/4758 4771/4771/4771 4759/4759/4759
f 4771/4771/4771 4772/4772/4772 4759/4759/4759
f 4759/4759/4759 4772/4772/4772 4760/4760/4760
f 4772/4772/4772 4773/4773/4773 4760/4760/4760
f 4760/4760/4760 4773/4773/4773 4761/4761/4761
f 4773/4773/4773 4774/4774/4774 4761/4761/4761
f 4787/4787/4787 4788/4788/4788 4775/4775/4775
f 4788/4788/4788 4789/4789/4789 4776/4776/4776
f 4789/4789/4789 4790/4790/4790 4777/4777/4777
f 4790/4790/4790 4791/4791/4791 4778/4778/4778
f 4791/4791/4791 4792/4792/4792 4779/4779/4779
f 4792/4792/4792 4793/4793/4793 4780/4780/4780
f 4793/4793/4793 4794/4794/4794 4781/4781/4781
f 4794/4794/4794 4795/4795/4795 4782/4782/4782
f 4795/4795/4795 4796/4796/4796 4783/4783/4783
f 4796/4796/4796 4797/4797/4797 4784/4784/4784
f 4797/4797/4797 4798/4798/4798 4785/4785/4785
f 4798/4798/4798 4799/4799/4799 4786/4786/4786
f 4813/4813/4813 4812/4812/4812 4800/4800/4800
f 4814/4814/4814 4813/4813/4813 4801/4801/4801
f 4815/4815/4815 4814/4814/4814 4802/4802/4802
f 4816/4816/4816 4815/4815/4815 4803/4803/4803
f 4817/4817/4817 4816/4816/4816 4804/4804/4804
f 4818/4818/4818 4817/4817/4817 4805/4805/4805
f 4819/4819/4819 4818/4818/4818 4806/4806/4806
f 4820/4820/4820 4819/4819/4819 4807/4807/4807
f 4821/4821/4821 4820/4820/4820 4808/4808/4808
f 4822/4822/4822 4821/4821/4821 4809/4809/4809
f 4823/4823/4823 4822/4822/4822 4810/4810/4810
f 4824/4824/4824 4823/4823/4823 4811/4811/4811
o crate_c_cap_7
usemtl enamel
v -1.17 0.34999999966472384 1.9420000015199184
v -1.1539999992400407 0.34999999966472384 1.9377128126472234
v -1.1422871873527765 0.34999999966472384 1.9260000007599591
v -1.1379999984800815 0.34999999966472384 1.91
v -1.1422871873527765 0.34999999966472384 1.8939999992400407
v -1.1539999992400407 0.34999999966472384 1.8822871873527764
v -1.17 0.34999999966472384 1.8779999984800815
v -1.1860000007599591 0.34999999966472384 1.8822871873527764
v -1.1977128126472234 0.34999999966472384 1.8939999992400407
v -1.2020000015199184 0.34999999966472384 1.91
v -1.1977128126472234 0.34999999966472384 1.9260000007599591
v -1.1860000007599591 0.34999999966472384 1.9377128126472234
v -1.17 0.34999999966472384 1.9420000015199184
v -1.17 0.3200000003352761 1.9420000015199184
v -1.1539999992400407 0.3200000003352761 1.9377128126472234
v -1.1422871873527765 0.3200000003352761 1.9260000007599591
v -1.1379999984800815 0.3200000003352761 1.91
v -1.1422871873527765 0.3200000003352761 1.8939999992400407
v -1.1539999992400407 0.3200000003352761 1.8822871873527764
v -1.17 0.3200000003352761 1.8779999984800815
v -1.1860000007599591 0.3200000003352761 1.8822871873527764
v -1.1977128126472234 0.3200000003352761 1.8939999992400407
v -1.2020000015199184 0.3200000003352761 1.91
v -1.1977128126472234 0.3200000003352761 1.9260000007599591
v -1.1860000007599591 0.3200000003352761 1.9377128126472234
v -1.17 0.3200000003352761 1.9420000015199184
v -1.17 0.34999999966472384 1.91
v -1.17 0.34999999966472384 1.91
v -1.17 0.34999999966472384 1.91
v -1.17 0.34999999966472384 1.91
v -1.17 0.34999999966472384 1.91
v -1.17 0.34999999966472384 1.91
v -1.17 0.34999999966472384 1.91
v -1.17 0.34999999966472384 1.91
v -1.17 0.34999999966472384 1.91
v -1.17 0.34999999966472384 1.91
v -1.17 0.34999999966472384 1.91
v -1.17 0.34999999966472384 1.91
v -1.17 0.34999999966472384 1.9420000015199184
v -1.1539999992400407 0.34999999966472384 1.9377128126472234
v -1.1422871873527765 0.34999999966472384 1.9260000007599591
v -1.1379999984800815 0.34999999966472384 1.91
v -1.1422871873527765 0.34999999966472384 1.8939999992400407
v -1.1539999992400407 0.34999999966472384 1.8822871873527764
v -1.17 0.34999999966472384 1.8779999984800815
v -1.1860000007599591 0.34999999966472384 1.8822871873527764
v -1.1977128126472234 0.34999999966472384 1.8939999992400407
v -1.2020000015199184 0.34999999966472384 1.91
v -1.1977128126472234 0.34999999966472384 1.9260000007599591
v -1.1860000007599591 0.34999999966472384 1.9377128126472234
v -1.17 0.34999999966472384 1.9420000015199184
v -1.17 0.3200000003352761 1.91
v -1.17 0.3200000003352761 1.91
v -1.17 0.3200000003352761 1.91
v -1.17 0.3200000003352761 1.91
v -1.17 0.3200000003352761 1.91
v -1.17 0.3200000003352761 1.91
v -1.17 0.3200000003352761 1.91
v -1.17 0.3200000003352761 1.91
v -1.17 0.3200000003352761 1.91
v -1.17 0.3200000003352761 1.91
v -1.17 0.3200000003352761 1.91
v -1.17 0.3200000003352761 1.91
v -1.17 0.3200000003352761 1.9420000015199184
v -1.1539999992400407 0.3200000003352761 1.9377128126472234
v -1.1422871873527765 0.3200000003352761 1.9260000007599591
v -1.1379999984800815 0.3200000003352761 1.91
v -1.1422871873527765 0.3200000003352761 1.8939999992400407
v -1.1539999992400407 0.3200000003352761 1.8822871873527764
v -1.17 0.3200000003352761 1.8779999984800815
v -1.1860000007599591 0.3200000003352761 1.8822871873527764
v -1.1977128126472234 0.3200000003352761 1.8939999992400407
v -1.2020000015199184 0.3200000003352761 1.91
v -1.1977128126472234 0.3200000003352761 1.9260000007599591
v -1.1860000007599591 0.3200000003352761 1.9377128126472234
v -1.17 0.3200000003352761 1.9420000015199184
vt 0 1
vt 0.0833333358168602 1
vt 0.1666666716337204 1
vt 0.25 1
vt 0.3333333432674408 1
vt 0.4166666567325592 1
vt 0.5 1
vt 0.5833333134651184 1
vt 0.6666666865348816 1
vt 0.75 1
vt 0.8333333134651184 1
vt 0.9166666865348816 1
vt 1 1
vt 0 0
vt 0.0833333358168602 0
vt 0.1666666716337204 0
vt 0.25 0
vt 0.3333333432674408 0
vt 0.4166666567325592 0
vt 0.5 0
vt 0.5833333134651184 0
vt 0.6666666865348816 0
vt 0.75 0
vt 0.8333333134651184 0
vt 0.9166666865348816 0
vt 1 0
vt 0.5 0.5
vt 0.5 0.5
vt 0.5 0.5
vt 0.5 0.5
vt 0.5 0.5
vt 0.5 0.5
vt 0.5 0.5
vt 0.5 0.5
vt 0.5 0.5
vt 0.5 0.5
vt 0.5 0.5
vt 0.5 0.5
vt 1 0.5
vt 0.9330127239227295 0.75
vt 0.75 0.9330127239227295
vt 0.5 1
vt 0.25 0.9330127239227295
vt 0.0669872984290123 0.75
vt 0 0.5
vt 0.0669872984290123 0.25
vt 0.25 0.0669872984290123
vt 0.5 0
vt 0.75 0.0669872984290123
vt 0.9330127239227295 0.25
vt 1 0.5
vt 0.5 0.5
vt 0.5 0.5
vt 0.5 0.5
vt 0.5 0.5
vt 0.5 0.5
vt 0.5 0.5
vt 0.5 0.5
vt 0.5 0.5
vt 0.5 0.5
vt 0.5 0.5
vt 0.5 0.5
vt 0.5 0.5
vt 1 0.5
vt 0.9330127239227295 0.25
vt 0.75 0.0669872984290123
vt 0.5 0
vt 0.25 0.0669872984290123
vt 0.0669872984290123 0.25
vt 0 0.5
vt 0.0669872984290123 0.75
vt 0.25 0.9330127239227295
vt 0.5 1
vt 0.75 0.9330127239227295
vt 0.9330127239227295 0.75
vt 1 0.5
vn 0 0 1
vn 0.5000000067305869 0 0.8660253998985324
vn 0.8660253998985324 0 0.5000000067305869
vn 1 0 6.123234262925839e-17
vn 0.8660253998985324 0 -0.5000000067305869
vn 0.5000000067305869 0 -0.8660253998985324
vn 1.2246468525851679e-16 0 -1
vn -0.5000000067305869 0 -0.8660253998985324
vn -0.8660253998985324 0 -0.5000000067305869
vn -1 0 -1.8369701465288538e-16
vn -0.8660253998985324 0 0.5000000067305869
vn -0.5000000067305869 0 0.8660253998985324
vn -2.4492937051703357e-16 0 1
vn 0 0 1
vn 0.5000000067305869 0 0.8660253998985324
vn 0.8660253998985324 0 0.5000000067305869
vn 1 0 6.123234262925839e-17
vn 0.8660253998985324 0 -0.5000000067305869
vn 0.5000000067305869 0 -0.8660253998985324
vn 1.2246468525851679e-16 0 -1
vn -0.5000000067305869 0 -0.8660253998985324
vn -0.8660253998985324 0 -0.5000000067305869
vn -1 0 -1.8369701465288538e-16
vn -0.8660253998985324 0 0.5000000067305869
vn -0.5000000067305869 0 0.8660253998985324
vn -2.4492937051703357e-16 0 1
vn 0 1 0
vn 0 1 0
vn 0 1 0
vn 0 1 0
vn 0 1 0
vn 0 1 0
vn 0 1 0
vn 0 1 0
vn 0 1 0
vn 0 1 0
vn 0 1 0
vn 0 1 0
vn 0 1 0
vn 0 1 0
vn 0 1 0
vn 0 1 0
vn 0 1 0
vn 0 1 0
vn 0 1 0
vn 0 1 0
vn 0 1 0
vn 0 1 0
vn 0 1 0
vn 0 1 0
vn 0 1 0
vn 0 -1 0
vn 0 -1 0
vn 0 -1 0
vn 0 -1 0
vn 0 -1 0
vn 0 -1 0
vn 0 -1 0
vn 0 -1 0
vn 0 -1 0
vn 0 -1 0
vn 0 -1 0
vn 0 -1 0
vn 0 -1 0
vn 0 -1 0
vn 0 -1 0
vn 0 -1 0
vn 0 -1 0
vn 0 -1 0
vn 0 -1 0
vn 0 -1 0
vn 0 -1 0
vn 0 -1 0
vn 0 -1 0
vn 0 -1 0
vn 0 -1 0
f 4825/4825/4825 4838/4838/4838 4826/4826/4826
f 4838/4838/4838 4839/4839/4839 4826/4826/4826
f 4826/4826/4826 4839/4839/4839 4827/4827/4827
f 4839/4839/4839 4840/4840/4840 4827/4827/4827
f 4827/4827/4827 4840/4840/4840 4828/4828/4828
f 4840/4840/4840 4841/4841/4841 4828/4828/4828
f 4828/4828/4828 4841/4841/4841 4829/4829/4829
f 4841/4841/4841 4842/4842/4842 4829/4829/4829
f 4829/4829/4829 4842/4842/4842 4830/4830/4830
f 4842/4842/4842 4843/4843/4843 4830/4830/4830
f 4830/4830/4830 4843/4843/4843 4831/4831/4831
f 4843/4843/4843 4844/4844/4844 4831/4831/4831
f 4831/4831/4831 4844/4844/4844 4832/4832/4832
f 4844/4844/4844 4845/4845/4845 4832/4832/4832
f 4832/4832/4832 4845/4845/4845 4833/4833/4833
f 4845/4845/4845 4846/4846/4846 4833/4833/4833
f 4833/4833/4833 4846/4846/4846 4834/4834/4834
f 4846/4846/4846 4847/4847/4847 4834/4834/4834
f 4834/4834/4834 4847/4847/4847 4835/4835/4835
f 4847/4847/4847 4848/4848/4848 4835/4835/4835
f 4835/4835/4835 4848/4848/4848 4836/4836/4836
f 4848/4848/4848 4849/4849/4849 4836/4836/4836
f 4836/4836/4836 4849/4849/4849 4837/4837/4837
f 4849/4849/4849 4850/4850/4850 4837/4837/4837
f 4863/4863/4863 4864/4864/4864 4851/4851/4851
f 4864/4864/4864 4865/4865/4865 4852/4852/4852
f 4865/4865/4865 4866/4866/4866 4853/4853/4853
f 4866/4866/4866 4867/4867/4867 4854/4854/4854
f 4867/4867/4867 4868/4868/4868 4855/4855/4855
f 4868/4868/4868 4869/4869/4869 4856/4856/4856
f 4869/4869/4869 4870/4870/4870 4857/4857/4857
f 4870/4870/4870 4871/4871/4871 4858/4858/4858
f 4871/4871/4871 4872/4872/4872 4859/4859/4859
f 4872/4872/4872 4873/4873/4873 4860/4860/4860
f 4873/4873/4873 4874/4874/4874 4861/4861/4861
f 4874/4874/4874 4875/4875/4875 4862/4862/4862
f 4889/4889/4889 4888/4888/4888 4876/4876/4876
f 4890/4890/4890 4889/4889/4889 4877/4877/4877
f 4891/4891/4891 4890/4890/4890 4878/4878/4878
f 4892/4892/4892 4891/4891/4891 4879/4879/4879
f 4893/4893/4893 4892/4892/4892 4880/4880/4880
f 4894/4894/4894 4893/4893/4893 4881/4881/4881
f 4895/4895/4895 4894/4894/4894 4882/4882/4882
f 4896/4896/4896 4895/4895/4895 4883/4883/4883
f 4897/4897/4897 4896/4896/4896 4884/4884/4884
f 4898/4898/4898 4897/4897/4897 4885/4885/4885
f 4899/4899/4899 4898/4898/4898 4886/4886/4886
f 4900/4900/4900 4899/4899/4899 4887/4887/4887
o crate_c_cap_8
usemtl enamel
v -1.0699999999999998 0.34999999966472384 1.9420000015199184
v -1.0539999992400406 0.34999999966472384 1.9377128126472234
v -1.0422871873527764 0.34999999966472384 1.9260000007599591
v -1.0379999984800814 0.34999999966472384 1.91
v -1.0422871873527764 0.34999999966472384 1.8939999992400407
v -1.0539999992400406 0.34999999966472384 1.8822871873527764
v -1.0699999999999998 0.34999999966472384 1.8779999984800815
v -1.086000000759959 0.34999999966472384 1.8822871873527764
v -1.0977128126472233 0.34999999966472384 1.8939999992400407
v -1.1020000015199183 0.34999999966472384 1.91
v -1.0977128126472233 0.34999999966472384 1.9260000007599591
v -1.086000000759959 0.34999999966472384 1.9377128126472234
v -1.0699999999999998 0.34999999966472384 1.9420000015199184
v -1.0699999999999998 0.3200000003352761 1.9420000015199184
v -1.0539999992400406 0.3200000003352761 1.9377128126472234
v -1.0422871873527764 0.3200000003352761 1.9260000007599591
v -1.0379999984800814 0.3200000003352761 1.91
v -1.0422871873527764 0.3200000003352761 1.8939999992400407
v -1.0539999992400406 0.3200000003352761 1.8822871873527764
v -1.0699999999999998 0.3200000003352761 1.8779999984800815
v -1.086000000759959 0.3200000003352761 1.8822871873527764
v -1.0977128126472233 0.3200000003352761 1.8939999992400407
v -1.1020000015199183 0.3200000003352761 1.91
v -1.0977128126472233 0.3200000003352761 1.9260000007599591
v -1.086000000759959 0.3200000003352761 1.9377128126472234
v -1.0699999999999998 0.3200000003352761 1.9420000015199184
v -1.0699999999999998 0.34999999966472384 1.91
v -1.0699999999999998 0.34999999966472384 1.91
v -1.0699999999999998 0.34999999966472384 1.91
v -1.0699999999999998 0.34999999966472384 1.91
v -1.0699999999999998 0.34999999966472384 1.91
v -1.0699999999999998 0.34999999966472384 1.91
v -1.0699999999999998 0.34999999966472384 1.91
v -1.0699999999999998 0.34999999966472384 1.91
v -1.0699999999999998 0.34999999966472384 1.91
v -1.0699999999999998 0.34999999966472384 1.91
v -1.0699999999999998 0.34999999966472384 1.91
v -1.0699999999999998 0.34999999966472384 1.91
v -1.0699999999999998 0.34999999966472384 1.9420000015199184
v -1.0539999992400406 0.34999999966472384 1.9377128126472234
v -1.0422871873527764 0.34999999966472384 1.9260000007599591
v -1.0379999984800814 0.34999999966472384 1.91
v -1.0422871873527764 0.34999999966472384 1.8939999992400407
v -1.0539999992400406 0.34999999966472384 1.8822871873527764
v -1.0699999999999998 0.34999999966472384 1.8779999984800815
v -1.086000000759959 0.34999999966472384 1.8822871873527764
v -1.0977128126472233 0.34999999966472384 1.8939999992400407
v -1.1020000015199183 0.34999999966472384 1.91
v -1.0977128126472233 0.34999999966472384 1.9260000007599591
v -1.086000000759959 0.34999999966472384 1.9377128126472234
v -1.0699999999999998 0.34999999966472384 1.9420000015199184
v -1.0699999999999998 0.3200000003352761 1.91
v -1.0699999999999998 0.3200000003352761 1.91
v -1.0699999999999998 0.3200000003352761 1.91
v -1.0699999999999998 0.3200000003352761 1.91
v -1.0699999999999998 0.3200000003352761 1.91
v -1.0699999999999998 0.3200000003352761 1.91
v -1.0699999999999998 0.3200000003352761 1.91
v -1.0699999999999998 0.3200000003352761 1.91
v -1.0699999999999998 0.3200000003352761 1.91
v -1.0699999999999998 0.3200000003352761 1.91
v -1.0699999999999998 0.3200000003352761 1.91
v -1.0699999999999998 0.3200000003352761 1.91
v -1.0699999999999998 0.3200000003352761 1.9420000015199184
v -1.0539999992400406 0.3200000003352761 1.9377128126472234
v -1.0422871873527764 0.3200000003352761 1.9260000007599591
v -1.0379999984800814 0.3200000003352761 1.91
v -1.0422871873527764 0.3200000003352761 1.8939999992400407
v -1.0539999992400406 0.3200000003352761 1.8822871873527764
v -1.0699999999999998 0.3200000003352761 1.8779999984800815
v -1.086000000759959 0.3200000003352761 1.8822871873527764
v -1.0977128126472233 0.3200000003352761 1.8939999992400407
v -1.1020000015199183 0.3200000003352761 1.91
v -1.0977128126472233 0.3200000003352761 1.9260000007599591
v -1.086000000759959 0.3200000003352761 1.9377128126472234
v -1.0699999999999998 0.3200000003352761 1.9420000015199184
vt 0 1
vt 0.0833333358168602 1
vt 0.1666666716337204 1
vt 0.25 1
vt 0.3333333432674408 1
vt 0.4166666567325592 1
vt 0.5 1
vt 0.5833333134651184 1
vt 0.6666666865348816 1
vt 0.75 1
vt 0.8333333134651184 1
vt 0.9166666865348816 1
vt 1 1
vt 0 0
vt 0.0833333358168602 0
vt 0.1666666716337204 0
vt 0.25 0
vt 0.3333333432674408 0
vt 0.4166666567325592 0
vt 0.5 0
vt 0.5833333134651184 0
vt 0.6666666865348816 0
vt 0.75 0
vt 0.8333333134651184 0
vt 0.9166666865348816 0
vt 1 0
vt 0.5 0.5
vt 0.5 0.5
vt 0.5 0.5
vt 0.5 0.5
vt 0.5 0.5
vt 0.5 0.5
vt 0.5 0.5
vt 0.5 0.5
vt 0.5 0.5
vt 0.5 0.5
vt 0.5 0.5
vt 0.5 0.5
vt 1 0.5
vt 0.9330127239227295 0.75
vt 0.75 0.9330127239227295
vt 0.5 1
vt 0.25 0.9330127239227295
vt 0.0669872984290123 0.75
vt 0 0.5
vt 0.0669872984290123 0.25
vt 0.25 0.0669872984290123
vt 0.5 0
vt 0.75 0.0669872984290123
vt 0.9330127239227295 0.25
vt 1 0.5
vt 0.5 0.5
vt 0.5 0.5
vt 0.5 0.5
vt 0.5 0.5
vt 0.5 0.5
vt 0.5 0.5
vt 0.5 0.5
vt 0.5 0.5
vt 0.5 0.5
vt 0.5 0.5
vt 0.5 0.5
vt 0.5 0.5
vt 1 0.5
vt 0.9330127239227295 0.25
vt 0.75 0.0669872984290123
vt 0.5 0
vt 0.25 0.0669872984290123
vt 0.0669872984290123 0.25
vt 0 0.5
vt 0.0669872984290123 0.75
vt 0.25 0.9330127239227295
vt 0.5 1
vt 0.75 0.9330127239227295
vt 0.9330127239227295 0.75
vt 1 0.5
vn 0 0 1
vn 0.5000000067305869 0 0.8660253998985324
vn 0.8660253998985324 0 0.5000000067305869
vn 1 0 6.123234262925839e-17
vn 0.8660253998985324 0 -0.5000000067305869
vn 0.5000000067305869 0 -0.8660253998985324
vn 1.2246468525851679e-16 0 -1
vn -0.5000000067305869 0 -0.8660253998985324
vn -0.8660253998985324 0 -0.5000000067305869
vn -1 0 -1.8369701465288538e-16
vn -0.8660253998985324 0 0.5000000067305869
vn -0.5000000067305869 0 0.8660253998985324
vn -2.4492937051703357e-16 0 1
vn 0 0 1
vn 0.5000000067305869 0 0.8660253998985324
vn 0.8660253998985324 0 0.5000000067305869
vn 1 0 6.123234262925839e-17
vn 0.8660253998985324 0 -0.5000000067305869
vn 0.5000000067305869 0 -0.8660253998985324
vn 1.2246468525851679e-16 0 -1
vn -0.5000000067305869 0 -0.8660253998985324
vn -0.8660253998985324 0 -0.5000000067305869
vn -1 0 -1.8369701465288538e-16
vn -0.8660253998985324 0 0.5000000067305869
vn -0.5000000067305869 0 0.8660253998985324
vn -2.4492937051703357e-16 0 1
vn 0 1 0
vn 0 1 0
vn 0 1 0
vn 0 1 0
vn 0 1 0
vn 0 1 0
vn 0 1 0
vn 0 1 0
vn 0 1 0
vn 0 1 0
vn 0 1 0
vn 0 1 0
vn 0 1 0
vn 0 1 0
vn 0 1 0
vn 0 1 0
vn 0 1 0
vn 0 1 0
vn 0 1 0
vn 0 1 0
vn 0 1 0
vn 0 1 0
vn 0 1 0
vn 0 1 0
vn 0 1 0
vn 0 -1 0
vn 0 -1 0
vn 0 -1 0
vn 0 -1 0
vn 0 -1 0
vn 0 -1 0
vn 0 -1 0
vn 0 -1 0
vn 0 -1 0
vn 0 -1 0
vn 0 -1 0
vn 0 -1 0
vn 0 -1 0
vn 0 -1 0
vn 0 -1 0
vn 0 -1 0
vn 0 -1 0
vn 0 -1 0
vn 0 -1 0
vn 0 -1 0
vn 0 -1 0
vn 0 -1 0
vn 0 -1 0
vn 0 -1 0
vn 0 -1 0
f 4901/4901/4901 4914/4914/4914 4902/4902/4902
f 4914/4914/4914 4915/4915/4915 4902/4902/4902
f 4902/4902/4902 4915/4915/4915 4903/4903/4903
f 4915/4915/4915 4916/4916/4916 4903/4903/4903
f 4903/4903/4903 4916/4916/4916 4904/4904/4904
f 4916/4916/4916 4917/4917/4917 4904/4904/4904
f 4904/4904/4904 4917/4917/4917 4905/4905/4905
f 4917/4917/4917 4918/4918/4918 4905/4905/4905
f 4905/4905/4905 4918/4918/4918 4906/4906/4906
f 4918/4918/4918 4919/4919/4919 4906/4906/4906
f 4906/4906/4906 4919/4919/4919 4907/4907/4907
f 4919/4919/4919 4920/4920/4920 4907/4907/4907
f 4907/4907/4907 4920/4920/4920 4908/4908/4908
f 4920/4920/4920 4921/4921/4921 4908/4908/4908
f 4908/4908/4908 4921/4921/4921 4909/4909/4909
f 4921/4921/4921 4922/4922/4922 4909/4909/4909
f 4909/4909/4909 4922/4922/4922 4910/4910/4910
f 4922/4922/4922 4923/4923/4923 4910/4910/4910
f 4910/4910/4910 4923/4923/4923 4911/4911/4911
f 4923/4923/4923 4924/4924/4924 4911/4911/4911
f 4911/4911/4911 4924/4924/4924 4912/4912/4912
f 4924/4924/4924 4925/4925/4925 4912/4912/4912
f 4912/4912/4912 4925/4925/4925 4913/4913/4913
f 4925/4925/4925 4926/4926/4926 4913/4913/4913
f 4939/4939/4939 4940/4940/4940 4927/4927/4927
f 4940/4940/4940 4941/4941/4941 4928/4928/4928
f 4941/4941/4941 4942/4942/4942 4929/4929/4929
f 4942/4942/4942 4943/4943/4943 4930/4930/4930
f 4943/4943/4943 4944/4944/4944 4931/4931/4931
f 4944/4944/4944 4945/4945/4945 4932/4932/4932
f 4945/4945/4945 4946/4946/4946 4933/4933/4933
f 4946/4946/4946 4947/4947/4947 4934/4934/4934
f 4947/4947/4947 4948/4948/4948 4935/4935/4935
f 4948/4948/4948 4949/4949/4949 4936/4936/4936
f 4949/4949/4949 4950/4950/4950 4937/4937/4937
f 4950/4950/4950 4951/4951/4951 4938/4938/4938
f 4965/4965/4965 4964/4964/4964 4952/4952/4952
f 4966/4966/4966 4965/4965/4965 4953/4953/4953
f 4967/4967/4967 4966/4966/4966 4954/4954/4954
f 4968/4968/4968 4967/4967/4967 4955/4955/4955
f 4969/4969/4969 4968/4968/4968 4956/4956/4956
f 4970/4970/4970 4969/4969/4969 4957/4957/4957
f 4971/4971/4971 4970/4970/4970 4958/4958/4958
f 4972/4972/4972 4971/4971/4971 4959/4959/4959
f 4973/4973/4973 4972/4972/4972 4960/4960/4960
f 4974/4974/4974 4973/4973/4973 4961/4961/4961
f 4975/4975/4975 4974/4974/4974 4962/4962/4962
f 4976/4976/4976 4975/4975/4975 4963/4963/4963
o cooler_body
usemtl paint_red
v 2.144999976158142 0.7800000143051147 2.160000011920929
v 2.144999976158142 0.7800000143051147 1.559999988079071
v 2.144999976158142 0.05999998569488524 2.160000011920929
v 2.144999976158142 0.05999998569488524 1.559999988079071
v 1.095000023841858 0.7800000143051147 1.559999988079071
v 1.095000023841858 0.7800000143051147 2.160000011920929
v 1.095000023841858 0.05999998569488524 1.559999988079071
v 1.095000023841858 0.05999998569488524 2.160000011920929
v 1.095000023841858 0.7800000143051147 1.559999988079071
v 2.144999976158142 0.7800000143051147 1.559999988079071
v 1.095000023841858 0.7800000143051147 2.160000011920929
v 2.144999976158142 0.7800000143051147 2.160000011920929
v 1.095000023841858 0.05999998569488524 2.160000011920929
v 2.144999976158142 0.05999998569488524 2.160000011920929
v 1.095000023841858 0.05999998569488524 1.559999988079071
v 2.144999976158142 0.05999998569488524 1.559999988079071
v 1.095000023841858 0.7800000143051147 2.160000011920929
v 2.144999976158142 0.7800000143051147 2.160000011920929
v 1.095000023841858 0.05999998569488524 2.160000011920929
v 2.144999976158142 0.05999998569488524 2.160000011920929
v 2.144999976158142 0.7800000143051147 1.559999988079071
v 1.095000023841858 0.7800000143051147 1.559999988079071
v 2.144999976158142 0.05999998569488524 1.559999988079071
v 1.095000023841858 0.05999998569488524 1.559999988079071
vt 0 1
vt 1 1
vt 0 0
vt 1 0
vt 0 1
vt 1 1
vt 0 0
vt 1 0
vt 0 1
vt 1 1
vt 0 0
vt 1 0
vt 0 1
vt 1 1
vt 0 0
vt 1 0
vt 0 1
vt 1 1
vt 0 0
vt 1 0
vt 0 1
vt 1 1
vt 0 0
vt 1 0
vn 1 0 0
vn 1 0 0
vn 1 0 0
vn 1 0 0
vn -1 0 0
vn -1 0 0
vn -1 0 0
vn -1 0 0
vn 0 1 0
vn 0 1 0
vn 0 1 0
vn 0 1 0
vn 0 -1 0
vn 0 -1 0
vn 0 -1 0
vn 0 -1 0
vn 0 0 1
vn 0 0 1
vn 0 0 1
vn 0 0 1
vn 0 0 -1
vn 0 0 -1
vn 0 0 -1
vn 0 0 -1
f 4977/4977/4977 4979/4979/4979 4978/4978/4978
f 4979/4979/4979 4980/4980/4980 4978/4978/4978
f 4981/4981/4981 4983/4983/4983 4982/4982/4982
f 4983/4983/4983 4984/4984/4984 4982/4982/4982
f 4985/4985/4985 4987/4987/4987 4986/4986/4986
f 4987/4987/4987 4988/4988/4988 4986/4986/4986
f 4989/4989/4989 4991/4991/4991 4990/4990/4990
f 4991/4991/4991 4992/4992/4992 4990/4990/4990
f 4993/4993/4993 4995/4995/4995 4994/4994/4994
f 4995/4995/4995 4996/4996/4996 4994/4994/4994
f 4997/4997/4997 4999/4999/4999 4998/4998/4998
f 4999/4999/4999 5000/5000/5000 4998/4998/4998
o cooler_lid
usemtl enamel
v 2.1650000166893006 0.8500000001490116 2.1799999928474425
v 2.1650000166893006 0.8500000001490116 1.5400000071525572
v 2.1650000166893006 0.7799999998509883 2.1799999928474425
v 2.1650000166893006 0.7799999998509883 1.5400000071525572
v 1.0749999833106996 0.8500000001490116 1.5400000071525572
v 1.0749999833106996 0.8500000001490116 2.1799999928474425
v 1.0749999833106996 0.7799999998509883 1.5400000071525572
v 1.0749999833106996 0.7799999998509883 2.1799999928474425
v 1.0749999833106996 0.8500000001490116 1.5400000071525572
v 2.1650000166893006 0.8500000001490116 1.5400000071525572
v 1.0749999833106996 0.8500000001490116 2.1799999928474425
v 2.1650000166893006 0.8500000001490116 2.1799999928474425
v 1.0749999833106996 0.7799999998509883 2.1799999928474425
v 2.1650000166893006 0.7799999998509883 2.1799999928474425
v 1.0749999833106996 0.7799999998509883 1.5400000071525572
v 2.1650000166893006 0.7799999998509883 1.5400000071525572
v 1.0749999833106996 0.8500000001490116 2.1799999928474425
v 2.1650000166893006 0.8500000001490116 2.1799999928474425
v 1.0749999833106996 0.7799999998509883 2.1799999928474425
v 2.1650000166893006 0.7799999998509883 2.1799999928474425
v 2.1650000166893006 0.8500000001490116 1.5400000071525572
v 1.0749999833106996 0.8500000001490116 1.5400000071525572
v 2.1650000166893006 0.7799999998509883 1.5400000071525572
v 1.0749999833106996 0.7799999998509883 1.5400000071525572
vt 0 1
vt 1 1
vt 0 0
vt 1 0
vt 0 1
vt 1 1
vt 0 0
vt 1 0
vt 0 1
vt 1 1
vt 0 0
vt 1 0
vt 0 1
vt 1 1
vt 0 0
vt 1 0
vt 0 1
vt 1 1
vt 0 0
vt 1 0
vt 0 1
vt 1 1
vt 0 0
vt 1 0
vn 1 0 0
vn 1 0 0
vn 1 0 0
vn 1 0 0
vn -1 0 0
vn -1 0 0
vn -1 0 0
vn -1 0 0
vn 0 1 0
vn 0 1 0
vn 0 1 0
vn 0 1 0
vn 0 -1 0
vn 0 -1 0
vn 0 -1 0
vn 0 -1 0
vn 0 0 1
vn 0 0 1
vn 0 0 1
vn 0 0 1
vn 0 0 -1
vn 0 0 -1
vn 0 0 -1
vn 0 0 -1
f 5001/5001/5001 5003/5003/5003 5002/5002/5002
f 5003/5003/5003 5004/5004/5004 5002/5002/5002
f 5005/5005/5005 5007/5007/5007 5006/5006/5006
f 5007/5007/5007 5008/5008/5008 5006/5006/5006
f 5009/5009/5009 5011/5011/5011 5010/5010/5010
f 5011/5011/5011 5012/5012/5012 5010/5010/5010
f 5013/5013/5013 5015/5015/5015 5014/5014/5014
f 5015/5015/5015 5016/5016/5016 5014/5014/5014
f 5017/5017/5017 5019/5019/5019 5018/5018/5018
f 5019/5019/5019 5020/5020/5020 5018/5018/5018
f 5021/5021/5021 5023/5023/5023 5022/5022/5022
f 5023/5023/5023 5024/5024/5024 5022/5022/5022
o cooler_stripe
usemtl enamel
v 2.155000026226044 0.6199999986588955 2.1699999997764823
v 2.155000026226044 0.6199999986588955 2.150000000223517
v 2.155000026226044 0.5000000013411046 2.1699999997764823
v 2.155000026226044 0.5000000013411046 2.150000000223517
v 1.0849999737739564 0.6199999986588955 2.150000000223517
v 1.0849999737739564 0.6199999986588955 2.1699999997764823
v 1.0849999737739564 0.5000000013411046 2.150000000223517
v 1.0849999737739564 0.5000000013411046 2.1699999997764823
v 1.0849999737739564 0.6199999986588955 2.150000000223517
v 2.155000026226044 0.6199999986588955 2.150000000223517
v 1.0849999737739564 0.6199999986588955 2.1699999997764823
v 2.155000026226044 0.6199999986588955 2.1699999997764823
v 1.0849999737739564 0.5000000013411046 2.1699999997764823
v 2.155000026226044 0.5000000013411046 2.1699999997764823
v 1.0849999737739564 0.5000000013411046 2.150000000223517
v 2.155000026226044 0.5000000013411046 2.150000000223517
v 1.0849999737739564 0.6199999986588955 2.1699999997764823
v 2.155000026226044 0.6199999986588955 2.1699999997764823
v 1.0849999737739564 0.5000000013411046 2.1699999997764823
v 2.155000026226044 0.5000000013411046 2.1699999997764823
v 2.155000026226044 0.6199999986588955 2.150000000223517
v 1.0849999737739564 0.6199999986588955 2.150000000223517
v 2.155000026226044 0.5000000013411046 2.150000000223517
v 1.0849999737739564 0.5000000013411046 2.150000000223517
vt 0 1
vt 1 1
vt 0 0
vt 1 0
vt 0 1
vt 1 1
vt 0 0
vt 1 0
vt 0 1
vt 1 1
vt 0 0
vt 1 0
vt 0 1
vt 1 1
vt 0 0
vt 1 0
vt 0 1
vt 1 1
vt 0 0
vt 1 0
vt 0 1
vt 1 1
vt 0 0
vt 1 0
vn 1 0 0
vn 1 0 0
vn 1 0 0
vn 1 0 0
vn -1 0 0
vn -1 0 0
vn -1 0 0
vn -1 0 0
vn 0 1 0
vn 0 1 0
vn 0 1 0
vn 0 1 0
vn 0 -1 0
vn 0 -1 0
vn 0 -1 0
vn 0 -1 0
vn 0 0 1
vn 0 0 1
vn 0 0 1
vn 0 0 1
vn 0 0 -1
vn 0 0 -1
vn 0 0 -1
vn 0 0 -1
f 5025/5025/5025 5027/5027/5027 5026/5026/5026
f 5027/5027/5027 5028/5028/5028 5026/5026/5026
f 5029/5029/5029 5031/5031/5031 5030/5030/5030
f 5031/5031/5031 5032/5032/5032 5030/5030/5030
f 5033/5033/5033 5035/5035/5035 5034/5034/5034
f 5035/5035/5035 5036/5036/5036 5034/5034/5034
f 5037/5037/5037 5039/5039/5039 5038/5038/5038
f 5039/5039/5039 5040/5040/5040 5038/5038/5038
f 5041/5041/5041 5043/5043/5043 5042/5042/5042
f 5043/5043/5043 5044/5044/5044 5042/5042/5042
f 5045/5045/5045 5047/5047/5047 5046/5046/5046
f 5047/5047/5047 5048/5048/5048 5046/5046/5046
o cooler_base
usemtl metal
v 2.12 0.16000000074505805 2.1350000059604644
v 2.12 0.16000000074505805 1.5849999940395354
v 2.12 0.05999999925494194 2.1350000059604644
v 2.12 0.05999999925494194 1.5849999940395354
v 1.12 0.16000000074505805 1.5849999940395354
v 1.12 0.16000000074505805 2.1350000059604644
v 1.12 0.05999999925494194 1.5849999940395354
v 1.12 0.05999999925494194 2.1350000059604644
v 1.12 0.16000000074505805 1.5849999940395354
v 2.12 0.16000000074505805 1.5849999940395354
v 1.12 0.16000000074505805 2.1350000059604644
v 2.12 0.16000000074505805 2.1350000059604644
v 1.12 0.05999999925494194 2.1350000059604644
v 2.12 0.05999999925494194 2.1350000059604644
v 1.12 0.05999999925494194 1.5849999940395354
v 2.12 0.05999999925494194 1.5849999940395354
v 1.12 0.16000000074505805 2.1350000059604644
v 2.12 0.16000000074505805 2.1350000059604644
v 1.12 0.05999999925494194 2.1350000059604644
v 2.12 0.05999999925494194 2.1350000059604644
v 2.12 0.16000000074505805 1.5849999940395354
v 1.12 0.16000000074505805 1.5849999940395354
v 2.12 0.05999999925494194 1.5849999940395354
v 1.12 0.05999999925494194 1.5849999940395354
vt 0 1
vt 1 1
vt 0 0
vt 1 0
vt 0 1
vt 1 1
vt 0 0
vt 1 0
vt 0 1
vt 1 1
vt 0 0
vt 1 0
vt 0 1
vt 1 1
vt 0 0
vt 1 0
vt 0 1
vt 1 1
vt 0 0
vt 1 0
vt 0 1
vt 1 1
vt 0 0
vt 1 0
vn 1 0 0
vn 1 0 0
vn 1 0 0
vn 1 0 0
vn -1 0 0
vn -1 0 0
vn -1 0 0
vn -1 0 0
vn 0 1 0
vn 0 1 0
vn 0 1 0
vn 0 1 0
vn 0 -1 0
vn 0 -1 0
vn 0 -1 0
vn 0 -1 0
vn 0 0 1
vn 0 0 1
vn 0 0 1
vn 0 0 1
vn 0 0 -1
vn 0 0 -1
vn 0 0 -1
vn 0 0 -1
f 5049/5049/5049 5051/5051/5051 5050/5050/5050
f 5051/5051/5051 5052/5052/5052 5050/5050/5050
f 5053/5053/5053 5055/5055/5055 5054/5054/5054
f 5055/5055/5055 5056/5056/5056 5054/5054/5054
f 5057/5057/5057 5059/5059/5059 5058/5058/5058
f 5059/5059/5059 5060/5060/5060 5058/5058/5058
f 5061/5061/5061 5063/5063/5063 5062/5062/5062
f 5063/5063/5063 5064/5064/5064 5062/5062/5062
f 5065/5065/5065 5067/5067/5067 5066/5066/5066
f 5067/5067/5067 5068/5068/5068 5066/5066/5066
f 5069/5069/5069 5071/5071/5071 5070/5070/5070
f 5071/5071/5071 5072/5072/5072 5070/5070/5070
o bottle_a_body
usemtl glass_green
v -1.1 1.2499999982118608 1.2550000001490116
v -1.089184405654669 1.2499999982118608 1.253286977559328
v -1.0794275164604188 1.2499999982118608 1.248315594419837
v -1.071684405580163 1.2499999982118608 1.2405724835395813
v -1.066713022440672 1.2499999982118608 1.2308155943453312
v -1.0649999998509885 1.2499999982118608 1.22
v -1.066713022440672 1.2499999982118608 1.2091844056546688
v -1.071684405580163 1.2499999982118608 1.1994275164604187
v -1.0794275164604188 1.2499999982118608 1.191684405580163
v -1.089184405654669 1.2499999982118608 1.186713022440672
v -1.1 1.2499999982118608 1.1849999998509884
v -1.1108155943453313 1.2499999982118608 1.186713022440672
v -1.1205724835395814 1.2499999982118608 1.191684405580163
v -1.128315594419837 1.2499999982118608 1.1994275164604187
v -1.1332869775593282 1.2499999982118608 1.2091844056546688
v -1.1350000001490117 1.2499999982118608 1.22
v -1.1332869775593282 1.2499999982118608 1.2308155943453312
v -1.128315594419837 1.2499999982118608 1.2405724835395813
v -1.1205724835395814 1.2499999982118608 1.248315594419837
v -1.1108155943453313 1.2499999982118608 1.253286977559328
v -1.1 1.2499999982118608 1.2550000001490116
v -1.1 1.0900000017881395 1.2550000001490116
v -1.089184405654669 1.0900000017881395 1.253286977559328
v -1.0794275164604188 1.0900000017881395 1.248315594419837
v -1.071684405580163 1.0900000017881395 1.2405724835395813
v -1.066713022440672 1.0900000017881395 1.2308155943453312
v -1.0649999998509885 1.0900000017881395 1.22
v -1.066713022440672 1.0900000017881395 1.2091844056546688
v -1.071684405580163 1.0900000017881395 1.1994275164604187
v -1.0794275164604188 1.0900000017881395 1.191684405580163
v -1.089184405654669 1.0900000017881395 1.186713022440672
v -1.1 1.0900000017881395 1.1849999998509884
v -1.1108155943453313 1.0900000017881395 1.186713022440672
v -1.1205724835395814 1.0900000017881395 1.191684405580163
v -1.128315594419837 1.0900000017881395 1.1994275164604187
v -1.1332869775593282 1.0900000017881395 1.2091844056546688
v -1.1350000001490117 1.0900000017881395 1.22
v -1.1332869775593282 1.0900000017881395 1.2308155943453312
v -1.128315594419837 1.0900000017881395 1.2405724835395813
v -1.1205724835395814 1.0900000017881395 1.248315594419837
v -1.1108155943453313 1.0900000017881395 1.253286977559328
v -1.1 1.0900000017881395 1.2550000001490116
v -1.1 1.2499999982118608 1.22
v -1.1 1.2499999982118608 1.22
v -1.1 1.2499999982118608 1.22
v -1.1 1.2499999982118608 1.22
v -1.1 1.2499999982118608 1.22
v -1.1 1.2499999982118608 1.22
v -1.1 1.2499999982118608 1.22
v -1.1 1.2499999982118608 1.22
v -1.1 1.2499999982118608 1.22
v -1.1 1.2499999982118608 1.22
v -1.1 1.2499999982118608 1.22
v -1.1 1.2499999982118608 1.22
v -1.1 1.2499999982118608 1.22
v -1.1 1.2499999982118608 1.22
v -1.1 1.2499999982118608 1.22
v -1.1 1.2499999982118608 1.22
v -1.1 1.2499999982118608 1.22
v -1.1 1.2499999982118608 1.22
v -1.1 1.2499999982118608 1.22
v -1.1 1.2499999982118608 1.22
v -1.1 1.2499999982118608 1.2550000001490116
v -1.089184405654669 1.2499999982118608 1.253286977559328
v -1.0794275164604188 1.2499999982118608 1.248315594419837
v -1.071684405580163 1.2499999982118608 1.2405724835395813
v -1.066713022440672 1.2499999982118608 1.2308155943453312
v -1.0649999998509885 1.2499999982118608 1.22
v -1.066713022440672 1.2499999982118608 1.2091844056546688
v -1.071684405580163 1.2499999982118608 1.1994275164604187
v -1.0794275164604188 1.2499999982118608 1.191684405580163
v -1.089184405654669 1.2499999982118608 1.186713022440672
v -1.1 1.2499999982118608 1.1849999998509884
v -1.1108155943453313 1.2499999982118608 1.186713022440672
v -1.1205724835395814 1.2499999982118608 1.191684405580163
v -1.128315594419837 1.2499999982118608 1.1994275164604187
v -1.1332869775593282 1.2499999982118608 1.2091844056546688
v -1.1350000001490117 1.2499999982118608 1.22
v -1.1332869775593282 1.2499999982118608 1.2308155943453312
v -1.128315594419837 1.2499999982118608 1.2405724835395813
v -1.1205724835395814 1.2499999982118608 1.248315594419837
v -1.1108155943453313 1.2499999982118608 1.253286977559328
v -1.1 1.2499999982118608 1.2550000001490116
v -1.1 1.0900000017881395 1.22
v -1.1 1.0900000017881395 1.22
v -1.1 1.0900000017881395 1.22
v -1.1 1.0900000017881395 1.22
v -1.1 1.0900000017881395 1.22
v -1.1 1.0900000017881395 1.22
v -1.1 1.0900000017881395 1.22
v -1.1 1.0900000017881395 1.22
v -1.1 1.0900000017881395 1.22
v -1.1 1.0900000017881395 1.22
v -1.1 1.0900000017881395 1.22
v -1.1 1.0900000017881395 1.22
v -1.1 1.0900000017881395 1.22
v -1.1 1.0900000017881395 1.22
v -1.1 1.0900000017881395 1.22
v -1.1 1.0900000017881395 1.22
v -1.1 1.0900000017881395 1.22
v -1.1 1.0900000017881395 1.22
v -1.1 1.0900000017881395 1.22
v -1.1 1.0900000017881395 1.22
v -1.1 1.0900000017881395 1.2550000001490116
v -1.089184405654669 1.0900000017881395 1.253286977559328
v -1.0794275164604188 1.0900000017881395 1.248315594419837
v -1.071684405580163 1.0900000017881395 1.2405724835395813
v -1.066713022440672 1.0900000017881395 1.2308155943453312
v -1.0649999998509885 1.0900000017881395 1.22
v -1.066713022440672 1.0900000017881395 1.2091844056546688
v -1.071684405580163 1.0900000017881395 1.1994275164604187
v -1.0794275164604188 1.0900000017881395 1.191684405580163
v -1.089184405654669 1.0900000017881395 1.186713022440672
v -1.1 1.0900000017881395 1.1849999998509884
v -1.1108155943453313 1.0900000017881395 1.186713022440672
v -1.1205724835395814 1.0900000017881395 1.191684405580163
v -1.128315594419837 1.0900000017881395 1.1994275164604187
v -1.1332869775593282 1.0900000017881395 1.2091844056546688
v -1.1350000001490117 1.0900000017881395 1.22
v -1.1332869775593282 1.0900000017881395 1.2308155943453312
v -1.128315594419837 1.0900000017881395 1.2405724835395813
v -1.1205724835395814 1.0900000017881395 1.248315594419837
v -1.1108155943453313 1.0900000017881395 1.253286977559328
v -1.1 1.0900000017881395 1.2550000001490116
vt 0 1
vt 0.05000000074505806 1
vt 0.10000000149011612 1
vt 0.15000000596046448 1
vt 0.20000000298023224 1
vt 0.25 1
vt 0.30000001192092896 1
vt 0.3499999940395355 1
vt 0.4000000059604645 1
vt 0.44999998807907104 1
vt 0.5 1
vt 0.550000011920929 1
vt 0.6000000238418579 1
vt 0.6499999761581421 1
vt 0.699999988079071 1
vt 0.75 1
vt 0.800000011920929 1
vt 0.8500000238418579 1
vt 0.8999999761581421 1
vt 0.949999988079071 1
vt 1 1
vt 0 0
vt 0.05000000074505806 0
vt 0.10000000149011612 0
vt 0.15000000596046448 0
vt 0.20000000298023224 0
vt 0.25 0
vt 0.30000001192092896 0
vt 0.3499999940395355 0
vt 0.4000000059604645 0
vt 0.44999998807907104 0
vt 0.5 0
vt 0.550000011920929 0
vt 0.6000000238418579 0
vt 0.6499999761581421 0
vt 0.699999988079071 0
vt 0.75 0
vt 0.800000011920929 0
vt 0.8500000238418579 0
vt 0.8999999761581421 0
vt 0.949999988079071 0
vt 1 0
vt 0.5 0.5
vt 0.5 0.5
vt 0.5 0.5
vt 0.5 0.5
vt 0.5 0.5
vt 0.5 0.5
vt 0.5 0.5
vt 0.5 0.5
vt 0.5 0.5
vt 0.5 0.5
vt 0.5 0.5
vt 0.5 0.5
vt 0.5 0.5
vt 0.5 0.5
vt 0.5 0.5
vt 0.5 0.5
vt 0.5 0.5
vt 0.5 0.5
vt 0.5 0.5
vt 0.5 0.5
vt 1 0.5
vt 0.9755282402038574 0.6545084714889526
vt 0.9045084714889526 0.7938926219940186
vt 0.7938926219940186 0.9045084714889526
vt 0.6545084714889526 0.9755282402038574
vt 0.5 1
vt 0.345491498708725 0.9755282402038574
vt 0.20610737800598145 0.9045084714889526
vt 0.09549150615930557 0.7938926219940186
vt 0.024471741169691086 0.6545084714889526
vt 0 0.5
vt 0.024471741169691086 0.345491498708725
vt 0.09549150615930557 0.20610737800598145
vt 0.20610737800598145 0.09549150615930557
vt 0.345491498708725 0.024471741169691086
vt 0.5 0
vt 0.6545084714889526 0.024471741169691086
vt 0.7938926219940186 0.09549150615930557
vt 0.9045084714889526 0.20610737800598145
vt 0.9755282402038574 0.345491498708725
vt 1 0.5
vt 0.5 0.5
vt 0.5 0.5
vt 0.5 0.5
vt 0.5 0.5
vt 0.5 0.5
vt 0.5 0.5
vt 0.5 0.5
vt 0.5 0.5
vt 0.5 0.5
vt 0.5 0.5
vt 0.5 0.5
vt 0.5 0.5
vt 0.5 0.5
vt 0.5 0.5
vt 0.5 0.5
vt 0.5 0.5
vt 0.5 0.5
vt 0.5 0.5
vt 0.5 0.5
vt 0.5 0.5
vt 1 0.5
vt 0.9755282402038574 0.345491498708725
vt 0.9045084714889526 0.20610737800598145
vt 0.7938926219940186 0.09549150615930557
vt 0.6545084714889526 0.024471741169691086
vt 0.5 0
vt 0.345491498708725 0.024471741169691086
vt 0.20610737800598145 0.09549150615930557
vt 0.09549150615930557 0.20610737800598145
vt 0.024471741169691086 0.345491498708725
vt 0 0.5
vt 0.024471741169691086 0.6545084714889526
vt 0.09549150615930557 0.7938926219940186
vt 0.20610737800598145 0.9045084714889526
vt 0.345491498708725 0.9755282402038574
vt 0.5 1
vt 0.6545084714889526 0.9755282402038574
vt 0.7938926219940186 0.9045084714889526
vt 0.9045084714889526 0.7938926219940186
vt 0.9755282402038574 0.6545084714889526
vt 1 0.5
vn 0 0 1
vn 0.3090169948284817 0 0.9510565161477913
vn 0.5877852429542022 0 0.8090170011595983
vn 0.8090170011595983 0 0.5877852429542022
vn 0.9510565161477913 0 0.3090169948284817
vn 1 0 6.123234262925839e-17
vn 0.9510565161477913 0 -0.3090169948284817
vn 0.8090170011595983 0 -0.5877852429542022
vn 0.5877852429542022 0 -0.8090170011595983
vn 0.3090169948284817 0 -0.9510565161477913
vn 1.2246468525851679e-16 0 -1
vn -0.3090169948284817 0 -0.9510565161477913
vn -0.5877852429542022 0 -0.8090170011595983
vn -0.8090170011595983 0 -0.5877852429542022
vn -0.9510565161477913 0 -0.3090169948284817
vn -1 0 -1.8369701465288538e-16
vn -0.9510565161477913 0 0.3090169948284817
vn -0.8090170011595983 0 0.5877852429542022
vn -0.5877852429542022 0 0.8090170011595983
vn -0.3090169948284817 0 0.9510565161477913
vn -2.4492937051703357e-16 0 1
vn 0 0 1
vn 0.3090169948284817 0 0.9510565161477913
vn 0.5877852429542022 0 0.8090170011595983
vn 0.8090170011595983 0 0.5877852429542022
vn 0.9510565161477913 0 0.3090169948284817
vn 1 0 6.123234262925839e-17
vn 0.9510565161477913 0 -0.3090169948284817
vn 0.8090170011595983 0 -0.5877852429542022
vn 0.5877852429542022 0 -0.8090170011595983
vn 0.3090169948284817 0 -0.9510565161477913
vn 1.2246468525851679e-16 0 -1
vn -0.3090169948284817 0 -0.9510565161477913
vn -0.5877852429542022 0 -0.8090170011595983
vn -0.8090170011595983 0 -0.5877852429542022
vn -0.9510565161477913 0 -0.3090169948284817
vn -1 0 -1.8369701465288538e-16
vn -0.9510565161477913 0 0.3090169948284817
vn -0.8090170011595983 0 0.5877852429542022
vn -0.5877852429542022 0 0.8090170011595983
vn -0.3090169948284817 0 0.9510565161477913
vn -2.4492937051703357e-16 0 1
vn 0 1 0
vn 0 1 0
vn 0 1 0
vn 0 1 0
vn 0 1 0
vn 0 1 0
vn 0 1 0
vn 0 1 0
vn 0 1 0
vn 0 1 0
vn 0 1 0
vn 0 1 0
vn 0 1 0
vn 0 1 0
vn 0 1 0
vn 0 1 0
vn 0 1 0
vn 0 1 0
vn 0 1 0
vn 0 1 0
vn 0 1 0
vn 0 1 0
vn 0 1 0
vn 0 1 0
vn 0 1 0
vn 0 1 0
vn 0 1 0
vn 0 1 0
vn 0 1 0
vn 0 1 0
vn 0 1 0
vn 0 1 0
vn 0 1 0
vn 0 1 0
vn 0 1 0
vn 0 1 0
vn 0 1 0
vn 0 1 0
vn 0 1 0
vn 0 1 0
vn 0 1 0
vn 0 -1 0
vn 0 -1 0
vn 0 -1 0
vn 0 -1 0
vn 0 -1 0
vn 0 -1 0
vn 0 -1 0
vn 0 -1 0
vn 0 -1 0
vn 0 -1 0
vn 0 -1 0
vn 0 -1 0
vn 0 -1 0
vn 0 -1 0
vn 0 -1 0
vn 0 -1 0
vn 0 -1 0
vn 0 -1 0
vn 0 -1 0
vn 0 -1 0
vn 0 -1 0
vn 0 -1 0
vn 0 -1 0
vn 0 -1 0
vn 0 -1 0
vn 0 -1 0
vn 0 -1 0
vn 0 -1 0
vn 0 -1 0
vn 0 -1 0
vn 0 -1 0
vn 0 -1 0
vn 0 -1 0
vn 0 -1 0
vn 0 -1 0
vn 0 -1 0
vn 0 -1 0
vn 0 -1 0
vn 0 -1 0
vn 0 -1 0
vn 0 -1 0
f 5073/5073/5073 5094/5094/5094 5074/5074/5074
f 5094/5094/5094 5095/5095/5095 5074/5074/5074
f 5074/5074/5074 5095/5095/5095 5075/5075/5075
f 5095/5095/5095 5096/5096/5096 5075/5075/5075
f 5075/5075/5075 5096/5096/5096 5076/5076/5076
f 5096/5096/5096 5097/5097/5097 5076/5076/5076
f 5076/5076/5076 5097/5097/5097 5077/5077/5077
f 5097/5097/5097 5098/5098/5098 5077/5077/5077
f 5077/5077/5077 5098/5098/5098 5078/5078/5078
f 5098/5098/5098 5099/5099/5099 5078/5078/5078
f 5078/5078/5078 5099/5099/5099 5079/5079/5079
f 5099/5099/5099 5100/5100/5100 5079/5079/5079
f 5079/5079/5079 5100/5100/5100 5080/5080/5080
f 5100/5100/5100 5101/5101/5101 5080/5080/5080
f 5080/5080/5080 5101/5101/5101 5081/5081/5081
f 5101/5101/5101 5102/5102/5102 5081/5081/5081
f 5081/5081/5081 5102/5102/5102 5082/5082/5082
f 5102/5102/5102 5103/5103/5103 5082/5082/5082
f 5082/5082/5082 5103/5103/5103 5083/5083/5083
f 5103/5103/5103 5104/5104/5104 5083/5083/5083
f 5083/5083/5083 5104/5104/5104 5084/5084/5084
f 5104/5104/5104 5105/5105/5105 5084/5084/5084
f 5084/5084/5084 5105/5105/5105 5085/5085/5085
f 5105/5105/5105 5106/5106/5106 5085/5085/5085
f 5085/5085/5085 5106/5106/5106 5086/5086/5086
f 5106/5106/5106 5107/5107/5107 5086/5086/5086
f 5086/5086/5086 5107/5107/5107 5087/5087/5087
f 5107/5107/5107 5108/5108/5108 5087/5087/5087
f 5087/5087/5087 5108/5108/5108 5088/5088/5088
f 5108/5108/5108 5109/5109/5109 5088/5088/5088
f 5088/5088/5088 5109/5109/5109 5089/5089/5089
f 5109/5109/5109 5110/5110/5110 5089/5089/5089
f 5089/5089/5089 5110/5110/5110 5090/5090/5090
f 5110/5110/5110 5111/5111/5111 5090/5090/5090
f 5090/5090/5090 5111/5111/5111 5091/5091/5091
f 5111/5111/5111 5112/5112/5112 5091/5091/5091
f 5091/5091/5091 5112/5112/5112 5092/5092/5092
f 5112/5112/5112 5113/5113/5113 5092/5092/5092
f 5092/5092/5092 5113/5113/5113 5093/5093/5093
f 5113/5113/5113 5114/5114/5114 5093/5093/5093
f 5135/5135/5135 5136/5136/5136 5115/5115/5115
f 5136/5136/5136 5137/5137/5137 5116/5116/5116
f 5137/5137/5137 5138/5138/5138 5117/5117/5117
f 5138/5138/5138 5139/5139/5139 5118/5118/5118
f 5139/5139/5139 5140/5140/5140 5119/5119/5119
f 5140/5140/5140 5141/5141/5141 5120/5120/5120
f 5141/5141/5141 5142/5142/5142 5121/5121/5121
f 5142/5142/5142 5143/5143/5143 5122/5122/5122
f 5143/5143/5143 5144/5144/5144 5123/5123/5123
f 5144/5144/5144 5145/5145/5145 5124/5124/5124
f 5145/5145/5145 5146/5146/5146 5125/5125/5125
f 5146/5146/5146 5147/5147/5147 5126/5126/5126
f 5147/5147/5147 5148/5148/5148 5127/5127/5127
f 5148/5148/5148 5149/5149/5149 5128/5128/5128
f 5149/5149/5149 5150/5150/5150 5129/5129/5129
f 5150/5150/5150 5151/5151/5151 5130/5130/5130
f 5151/5151/5151 5152/5152/5152 5131/5131/5131
f 5152/5152/5152 5153/5153/5153 5132/5132/5132
f 5153/5153/5153 5154/5154/5154 5133/5133/5133
f 5154/5154/5154 5155/5155/5155 5134/5134/5134
f 5177/5177/5177 5176/5176/5176 5156/5156/5156
f 5178/5178/5178 5177/5177/5177 5157/5157/5157
f 5179/5179/5179 5178/5178/5178 5158/5158/5158
f 5180/5180/5180 5179/5179/5179 5159/5159/5159
f 5181/5181/5181 5180/5180/5180 5160/5160/5160
f 5182/5182/5182 5181/5181/5181 5161/5161/5161
f 5183/5183/5183 5182/5182/5182 5162/5162/5162
f 5184/5184/5184 5183/5183/5183 5163/5163/5163
f 5185/5185/5185 5184/5184/5184 5164/5164/5164
f 5186/5186/5186 5185/5185/5185 5165/5165/5165
f 5187/5187/5187 5186/5186/5186 5166/5166/5166
f 5188/5188/5188 5187/5187/5187 5167/5167/5167
f 5189/5189/5189 5188/5188/5188 5168/5168/5168
f 5190/5190/5190 5189/5189/5189 5169/5169/5169
f 5191/5191/5191 5190/5190/5190 5170/5170/5170
f 5192/5192/5192 5191/5191/5191 5171/5171/5171
f 5193/5193/5193 5192/5192/5192 5172/5172/5172
f 5194/5194/5194 5193/5193/5193 5173/5173/5173
f 5195/5195/5195 5194/5194/5194 5174/5174/5174
f 5196/5196/5196 5195/5195/5195 5175/5175/5175
o bottle_a_shoulder
usemtl glass_green
v -1.1 1.3099999993294478 1.2379999992251396
v -1.0944376940838993 1.3099999993294478 1.2371190164983272
v -1.089419865421951 1.3099999993294478 1.2345623059943318
v -1.0854376940056683 1.3099999993294478 1.2305801345780492
v -1.0828809835016728 1.3099999993294478 1.2255623059161007
v -1.0820000007748605 1.3099999993294478 1.22
v -1.0828809835016728 1.3099999993294478 1.2144376940838992
v -1.0854376940056683 1.3099999993294478 1.2094198654219508
v -1.089419865421951 1.3099999993294478 1.2054376940056681
v -1.0944376940838993 1.3099999993294478 1.2028809835016727
v -1.1 1.3099999993294478 1.2020000007748604
v -1.1055623059161008 1.3099999993294478 1.2028809835016727
v -1.1105801345780493 1.3099999993294478 1.2054376940056681
v -1.114562305994332 1.3099999993294478 1.2094198654219508
v -1.1171190164983273 1.3099999993294478 1.2144376940838992
v -1.1179999992251397 1.3099999993294478 1.22
v -1.1171190164983273 1.3099999993294478 1.2255623059161007
v -1.114562305994332 1.3099999993294478 1.2305801345780492
v -1.1105801345780493 1.3099999993294478 1.2345623059943318
v -1.1055623059161008 1.3099999993294478 1.2371190164983272
v -1.1 1.3099999993294478 1.2379999992251396
v -1.1 1.2500000006705523 1.2550000001490116
v -1.089184405654669 1.2500000006705523 1.253286977559328
v -1.0794275164604188 1.2500000006705523 1.248315594419837
v -1.071684405580163 1.2500000006705523 1.2405724835395813
v -1.066713022440672 1.2500000006705523 1.2308155943453312
v -1.0649999998509885 1.2500000006705523 1.22
v -1.066713022440672 1.2500000006705523 1.2091844056546688
v -1.071684405580163 1.2500000006705523 1.1994275164604187
v -1.0794275164604188 1.2500000006705523 1.191684405580163
v -1.089184405654669 1.2500000006705523 1.186713022440672
v -1.1 1.2500000006705523 1.1849999998509884
v -1.1108155943453313 1.2500000006705523 1.186713022440672
v -1.1205724835395814 1.2500000006705523 1.191684405580163
v -1.128315594419837 1.2500000006705523 1.1994275164604187
v -1.1332869775593282 1.2500000006705523 1.2091844056546688
v -1.1350000001490117 1.2500000006705523 1.22
v -1.1332869775593282 1.2500000006705523 1.2308155943453312
v -1.128315594419837 1.2500000006705523 1.2405724835395813
v -1.1205724835395814 1.2500000006705523 1.248315594419837
v -1.1108155943453313 1.2500000006705523 1.253286977559328
v -1.1 1.2500000006705523 1.2550000001490116
v -1.1 1.3099999993294478 1.22
v -1.1 1.3099999993294478 1.22
v -1.1 1.3099999993294478 1.22
v -1.1 1.3099999993294478 1.22
v -1.1 1.3099999993294478 1.22
v -1.1 1.3099999993294478 1.22
v -1.1 1.3099999993294478 1.22
v -1.1 1.3099999993294478 1.22
v -1.1 1.3099999993294478 1.22
v -1.1 1.3099999993294478 1.22
v -1.1 1.3099999993294478 1.22
v -1.1 1.3099999993294478 1.22
v -1.1 1.3099999993294478 1.22
v -1.1 1.3099999993294478 1.22
v -1.1 1.3099999993294478 1.22
v -1.1 1.3099999993294478 1.22
v -1.1 1.3099999993294478 1.22
v -1.1 1.3099999993294478 1.22
v -1.1 1.3099999993294478 1.22
v -1.1 1.3099999993294478 1.22
v -1.1 1.3099999993294478 1.2379999992251396
v -1.0944376940838993 1.3099999993294478 1.2371190164983272
v -1.089419865421951 1.3099999993294478 1.2345623059943318
v -1.0854376940056683 1.3099999993294478 1.2305801345780492
v -1.0828809835016728 1.3099999993294478 1.2255623059161007
v -1.0820000007748605 1.3099999993294478 1.22
v -1.0828809835016728 1.3099999993294478 1.2144376940838992
v -1.0854376940056683 1.3099999993294478 1.2094198654219508
v -1.089419865421951 1.3099999993294478 1.2054376940056681
v -1.0944376940838993 1.3099999993294478 1.2028809835016727
v -1.1 1.3099999993294478 1.2020000007748604
v -1.1055623059161008 1.3099999993294478 1.2028809835016727
v -1.1105801345780493 1.3099999993294478 1.2054376940056681
v -1.114562305994332 1.3099999993294478 1.2094198654219508
v -1.1171190164983273 1.3099999993294478 1.2144376940838992
v -1.1179999992251397 1.3099999993294478 1.22
v -1.1171190164983273 1.3099999993294478 1.2255623059161007
v -1.114562305994332 1.3099999993294478 1.2305801345780492
v -1.1105801345780493 1.3099999993294478 1.2345623059943318
v -1.1055623059161008 1.3099999993294478 1.2371190164983272
v -1.1 1.3099999993294478 1.2379999992251396
v -1.1 1.2500000006705523 1.22
v -1.1 1.2500000006705523 1.22
v -1.1 1.2500000006705523 1.22
v -1.1 1.2500000006705523 1.22
v -1.1 1.2500000006705523 1.22
v -1.1 1.2500000006705523 1.22
v -1.1 1.2500000006705523 1.22
v -1.1 1.2500000006705523 1.22
v -1.1 1.2500000006705523 1.22
v -1.1 1.2500000006705523 1.22
v -1.1 1.2500000006705523 1.22
v -1.1 1.2500000006705523 1.22
v -1.1 1.2500000006705523 1.22
v -1.1 1.2500000006705523 1.22
v -1.1 1.2500000006705523 1.22
v -1.1 1.2500000006705523 1.22
v -1.1 1.2500000006705523 1.22
v -1.1 1.2500000006705523 1.22
v -1.1 1.2500000006705523 1.22
v -1.1 1.2500000006705523 1.22
v -1.1 1.2500000006705523 1.2550000001490116
v -1.089184405654669 1.2500000006705523 1.253286977559328
v -1.0794275164604188 1.2500000006705523 1.248315594419837
v -1.071684405580163 1.2500000006705523 1.2405724835395813
v -1.066713022440672 1.2500000006705523 1.2308155943453312
v -1.0649999998509885 1.2500000006705523 1.22
v -1.066713022440672 1.2500000006705523 1.2091844056546688
v -1.071684405580163 1.2500000006705523 1.1994275164604187
v -1.0794275164604188 1.2500000006705523 1.191684405580163
v -1.089184405654669 1.2500000006705523 1.186713022440672
v -1.1 1.2500000006705523 1.1849999998509884
v -1.1108155943453313 1.2500000006705523 1.186713022440672
v -1.1205724835395814 1.2500000006705523 1.191684405580163
v -1.128315594419837 1.2500000006705523 1.1994275164604187
v -1.1332869775593282 1.2500000006705523 1.2091844056546688
v -1.1350000001490117 1.2500000006705523 1.22
v -1.1332869775593282 1.2500000006705523 1.2308155943453312
v -1.128315594419837 1.2500000006705523 1.2405724835395813
v -1.1205724835395814 1.2500000006705523 1.248315594419837
v -1.1108155943453313 1.2500000006705523 1.253286977559328
v -1.1 1.2500000006705523 1.2550000001490116
vt 0 1
vt 0.05000000074505806 1
vt 0.10000000149011612 1
vt 0.15000000596046448 1
vt 0.20000000298023224 1
vt 0.25 1
vt 0.30000001192092896 1
vt 0.3499999940395355 1
vt 0.4000000059604645 1
vt 0.44999998807907104 1
vt 0.5 1
vt 0.550000011920929 1
vt 0.6000000238418579 1
vt 0.6499999761581421 1
vt 0.699999988079071 1
vt 0.75 1
vt 0.800000011920929 1
vt 0.8500000238418579 1
vt 0.8999999761581421 1
vt 0.949999988079071 1
vt 1 1
vt 0 0
vt 0.05000000074505806 0
vt 0.10000000149011612 0
vt 0.15000000596046448 0
vt 0.20000000298023224 0
vt 0.25 0
vt 0.30000001192092896 0
vt 0.3499999940395355 0
vt 0.4000000059604645 0
vt 0.44999998807907104 0
vt 0.5 0
vt 0.550000011920929 0
vt 0.6000000238418579 0
vt 0.6499999761581421 0
vt 0.699999988079071 0
vt 0.75 0
vt 0.800000011920929 0
vt 0.8500000238418579 0
vt 0.8999999761581421 0
vt 0.949999988079071 0
vt 1 0
vt 0.5 0.5
vt 0.5 0.5
vt 0.5 0.5
vt 0.5 0.5
vt 0.5 0.5
vt 0.5 0.5
vt 0.5 0.5
vt 0.5 0.5
vt 0.5 0.5
vt 0.5 0.5
vt 0.5 0.5
vt 0.5 0.5
vt 0.5 0.5
vt 0.5 0.5
vt 0.5 0.5
vt 0.5 0.5
vt 0.5 0.5
vt 0.5 0.5
vt 0.5 0.5
vt 0.5 0.5
vt 1 0.5
vt 0.9755282402038574 0.6545084714889526
vt 0.9045084714889526 0.7938926219940186
vt 0.7938926219940186 0.9045084714889526
vt 0.6545084714889526 0.9755282402038574
vt 0.5 1
vt 0.345491498708725 0.9755282402038574
vt 0.20610737800598145 0.9045084714889526
vt 0.09549150615930557 0.7938926219940186
vt 0.024471741169691086 0.6545084714889526
vt 0 0.5
vt 0.024471741169691086 0.345491498708725
vt 0.09549150615930557 0.20610737800598145
vt 0.20610737800598145 0.09549150615930557
vt 0.345491498708725 0.024471741169691086
vt 0.5 0
vt 0.6545084714889526 0.024471741169691086
vt 0.7938926219940186 0.09549150615930557
vt 0.9045084714889526 0.20610737800598145
vt 0.9755282402038574 0.345491498708725
vt 1 0.5
vt 0.5 0.5
vt 0.5 0.5
vt 0.5 0.5
vt 0.5 0.5
vt 0.5 0.5
vt 0.5 0.5
vt 0.5 0.5
vt 0.5 0.5
vt 0.5 0.5
vt 0.5 0.5
vt 0.5 0.5
vt 0.5 0.5
vt 0.5 0.5
vt 0.5 0.5
vt 0.5 0.5
vt 0.5 0.5
vt 0.5 0.5
vt 0.5 0.5
vt 0.5 0.5
vt 0.5 0.5
vt 1 0.5
vt 0.9755282402038574 0.345491498708725
vt 0.9045084714889526 0.20610737800598145
vt 0.7938926219940186 0.09549150615930557
vt 0.6545084714889526 0.024471741169691086
vt 0.5 0
vt 0.345491498708725 0.024471741169691086
vt 0.20610737800598145 0.09549150615930557
vt 0.09549150615930557 0.20610737800598145
vt 0.024471741169691086 0.345491498708725
vt 0 0.5
vt 0.024471741169691086 0.6545084714889526
vt 0.09549150615930557 0.7938926219940186
vt 0.20610737800598145 0.9045084714889526
vt 0.345491498708725 0.9755282402038574
vt 0.5 1
vt 0.6545084714889526 0.9755282402038574
vt 0.7938926219940186 0.9045084714889526
vt 0.9045084714889526 0.7938926219940186
vt 0.9755282402038574 0.6545084714889526
vt 1 0.5
vn 0 0.2726025577426135 0.9621267304841837
vn 0.2973135057627563 0.27260255299330527 0.9150368994705032
vn 0.5655239154632339 0.27260255477130396 0.7783768677005317
vn 0.7783768677005317 0.27260255477130396 0.5655239154632339
vn 0.9150368994705032 0.27260255299330527 0.2973135057627563
vn 0.9621267304841837 0.2726025577426135 5.891327221378108e-17
vn 0.9150368994705032 0.27260255299330527 -0.2973135057627563
vn 0.7783768677005317 0.27260255477130396 -0.5655239154632339
vn 0.5655239154632339 0.27260255477130396 -0.7783768677005317
vn 0.2973135057627563 0.27260255299330527 -0.9150368994705032
vn 1.1782654442756216e-16 0.2726025577426135 -0.9621267304841837
vn -0.2973135057627563 0.27260255299330527 -0.9150368994705032
vn -0.5655239154632339 0.27260255477130396 -0.7783768677005317
vn -0.7783768677005317 0.27260255477130396 -0.5655239154632339
vn -0.9150368994705032 0.27260255299330527 -0.2973135057627563
vn -0.9621267304841837 0.2726025577426135 -1.7673981664134324e-16
vn -0.9150368994705032 0.27260255299330527 0.2973135057627563
vn -0.7783768677005317 0.27260255477130396 0.5655239154632339
vn -0.5655239154632339 0.27260255477130396 0.7783768677005317
vn -0.2973135057627563 0.27260255299330527 0.9150368994705032
vn -2.356530888551243e-16 0.2726025577426135 0.9621267304841837
vn 0 0.2726025577426135 0.9621267304841837
vn 0.2973135057627563 0.27260255299330527 0.9150368994705032
vn 0.5655239154632339 0.27260255477130396 0.7783768677005317
vn 0.7783768677005317 0.27260255477130396 0.5655239154632339
vn 0.9150368994705032 0.27260255299330527 0.2973135057627563
vn 0.9621267304841837 0.2726025577426135 5.891327221378108e-17
vn 0.9150368994705032 0.27260255299330527 -0.2973135057627563
vn 0.7783768677005317 0.27260255477130396 -0.5655239154632339
vn 0.5655239154632339 0.27260255477130396 -0.7783768677005317
vn 0.2973135057627563 0.27260255299330527 -0.9150368994705032
vn 1.1782654442756216e-16 0.2726025577426135 -0.9621267304841837
vn -0.2973135057627563 0.27260255299330527 -0.9150368994705032
vn -0.5655239154632339 0.27260255477130396 -0.7783768677005317
vn -0.7783768677005317 0.27260255477130396 -0.5655239154632339
vn -0.9150368994705032 0.27260255299330527 -0.2973135057627563
vn -0.9621267304841837 0.2726025577426135 -1.7673981664134324e-16
vn -0.9150368994705032 0.27260255299330527 0.2973135057627563
vn -0.7783768677005317 0.27260255477130396 0.5655239154632339
vn -0.5655239154632339 0.27260255477130396 0.7783768677005317
vn -0.2973135057627563 0.27260255299330527 0.9150368994705032
vn -2.356530888551243e-16 0.2726025577426135 0.9621267304841837
vn 0 1 0
vn 0 1 0
vn 0 1 0
vn 0 1 0
vn 0 1 0
vn 0 1 0
vn 0 1 0
vn 0 1 0
vn 0 1 0
vn 0 1 0
vn 0 1 0
vn 0 1 0
vn 0 1 0
vn 0 1 0
vn 0 1 0
vn 0 1 0
vn 0 1 0
vn 0 1 0
vn 0 1 0
vn 0 1 0
vn 0 1 0
vn 0 1 0
vn 0 1 0
vn 0 1 0
vn 0 1 0
vn 0 1 0
vn 0 1 0
vn 0 1 0
vn 0 1 0
vn 0 1 0
vn 0 1 0
vn 0 1 0
vn 0 1 0
vn 0 1 0
vn 0 1 0
vn 0 1 0
vn 0 1 0
vn 0 1 0
vn 0 1 0
vn 0 1 0
vn 0 1 0
vn 0 -1 0
vn 0 -1 0
vn 0 -1 0
vn 0 -1 0
vn 0 -1 0
vn 0 -1 0
vn 0 -1 0
vn 0 -1 0
vn 0 -1 0
vn 0 -1 0
vn 0 -1 0
vn 0 -1 0
vn 0 -1 0
vn 0 -1 0
vn 0 -1 0
vn 0 -1 0
vn 0 -1 0
vn 0 -1 0
vn 0 -1 0
vn 0 -1 0
vn 0 -1 0
vn 0 -1 0
vn 0 -1 0
vn 0 -1 0
vn 0 -1 0
vn 0 -1 0
vn 0 -1 0
vn 0 -1 0
vn 0 -1 0
vn 0 -1 0
vn 0 -1 0
vn 0 -1 0
vn 0 -1 0
vn 0 -1 0
vn 0 -1 0
vn 0 -1 0
vn 0 -1 0
vn 0 -1 0
vn 0 -1 0
vn 0 -1 0
vn 0 -1 0
f 5197/5197/5197 5218/5218/5218 5198/5198/5198
f 5218/5218/5218 5219/5219/5219 5198/5198/5198
f 5198/5198/5198 5219/5219/5219 5199/5199/5199
f 5219/5219/5219 5220/5220/5220 5199/5199/5199
f 5199/5199/5199 5220/5220/5220 5200/5200/5200
f 5220/5220/5220 5221/5221/5221 5200/5200/5200
f 5200/5200/5200 5221/5221/5221 5201/5201/5201
f 5221/5221/5221 5222/5222/5222 5201/5201/5201
f 5201/5201/5201 5222/5222/5222 5202/5202/5202
f 5222/5222/5222 5223/5223/5223 5202/5202/5202
f 5202/5202/5202 5223/5223/5223 5203/5203/5203
f 5223/5223/5223 5224/5224/5224 5203/5203/5203
f 5203/5203/5203 5224/5224/5224 5204/5204/5204
f 5224/5224/5224 5225/5225/5225 5204/5204/5204
f 5204/5204/5204 5225/5225/5225 5205/5205/5205
f 5225/5225/5225 5226/5226/5226 5205/5205/5205
f 5205/5205/5205 5226/5226/5226 5206/5206/5206
f 5226/5226/5226 5227/5227/5227 5206/5206/5206
f 5206/5206/5206 5227/5227/5227 5207/5207/5207
f 5227/5227/5227 5228/5228/5228 5207/5207/5207
f 5207/5207/5207 5228/5228/5228 5208/5208/5208
f 5228/5228/5228 5229/5229/5229 5208/5208/5208
f 5208/5208/5208 5229/5229/5229 5209/5209/5209
f 5229/5229/5229 5230/5230/5230 5209/5209/5209
f 5209/5209/5209 5230/5230/5230 5210/5210/5210
f 5230/5230/5230 5231/5231/5231 5210/5210/5210
f 5210/5210/5210 5231/5231/5231 5211/5211/5211
f 5231/5231/5231 5232/5232/5232 5211/5211/5211
f 5211/5211/5211 5232/5232/5232 5212/5212/5212
f 5232/5232/5232 5233/5233/5233 5212/5212/5212
f 5212/5212/5212 5233/5233/5233 5213/5213/5213
f 5233/5233/5233 5234/5234/5234 5213/5213/5213
f 5213/5213/5213 5234/5234/5234 5214/5214/5214
f 5234/5234/5234 5235/5235/5235 5214/5214/5214
f 5214/5214/5214 5235/5235/5235 5215/5215/5215
f 5235/5235/5235 5236/5236/5236 5215/5215/5215
f 5215/5215/5215 5236/5236/5236 5216/5216/5216
f 5236/5236/5236 5237/5237/5237 5216/5216/5216
f 5216/5216/5216 5237/5237/5237 5217/5217/5217
f 5237/5237/5237 5238/5238/5238 5217/5217/5217
f 5259/5259/5259 5260/5260/5260 5239/5239/5239
f 5260/5260/5260 5261/5261/5261 5240/5240/5240
f 5261/5261/5261 5262/5262/5262 5241/5241/5241
f 5262/5262/5262 5263/5263/5263 5242/5242/5242
f 5263/5263/5263 5264/5264/5264 5243/5243/5243
f 5264/5264/5264 5265/5265/5265 5244/5244/5244
f 5265/5265/5265 5266/5266/5266 5245/5245/5245
f 5266/5266/5266 5267/5267/5267 5246/5246/5246
f 5267/5267/5267 5268/5268/5268 5247/5247/5247
f 5268/5268/5268 5269/5269/5269 5248/5248/5248
f 5269/5269/5269 5270/5270/5270 5249/5249/5249
f 5270/5270/5270 5271/5271/5271 5250/5250/5250
f 5271/5271/5271 5272/5272/5272 5251/5251/5251
f 5272/5272/5272 5273/5273/5273 5252/5252/5252
f 5273/5273/5273 5274/5274/5274 5253/5253/5253
f 5274/5274/5274 5275/5275/5275 5254/5254/5254
f 5275/5275/5275 5276/5276/5276 5255/5255/5255
f 5276/5276/5276 5277/5277/5277 5256/5256/5256
f 5277/5277/5277 5278/5278/5278 5257/5257/5257
f 5278/5278/5278 5279/5279/5279 5258/5258/5258
f 5301/5301/5301 5300/5300/5300 5280/5280/5280
f 5302/5302/5302 5301/5301/5301 5281/5281/5281
f 5303/5303/5303 5302/5302/5302 5282/5282/5282
f 5304/5304/5304 5303/5303/5303 5283/5283/5283
f 5305/5305/5305 5304/5304/5304 5284/5284/5284
f 5306/5306/5306 5305/5305/5305 5285/5285/5285
f 5307/5307/5307 5306/5306/5306 5286/5286/5286
f 5308/5308/5308 5307/5307/5307 5287/5287/5287
f 5309/5309/5309 5308/5308/5308 5288/5288/5288
f 5310/5310/5310 5309/5309/5309 5289/5289/5289
f 5311/5311/5311 5310/5310/5310 5290/5290/5290
f 5312/5312/5312 5311/5311/5311 5291/5291/5291
f 5313/5313/5313 5312/5312/5312 5292/5292/5292
f 5314/5314/5314 5313/5313/5313 5293/5293/5293
f 5315/5315/5315 5314/5314/5314 5294/5294/5294
f 5316/5316/5316 5315/5315/5315 5295/5295/5295
f 5317/5317/5317 5316/5316/5316 5296/5296/5296
f 5318/5318/5318 5317/5317/5317 5297/5297/5297
f 5319/5319/5319 5318/5318/5318 5298/5298/5298
f 5320/5320/5320 5319/5319/5319 5299/5299/5299
o bottle_a_neck
usemtl glass_green
v -1.1 1.3800000001490118 1.237000000923872
v -1.0934943816624583 1.3800000001490118 1.2357059524208307
v -1.0879791848361493 1.3800000001490118 1.2320208151638508
v -1.0842940475791694 1.3800000001490118 1.2265056183375418
v -1.082999999076128 1.3800000001490118 1.22
v -1.0842940475791694 1.3800000001490118 1.2134943816624582
v -1.0879791848361493 1.3800000001490118 1.2079791848361492
v -1.0934943816624583 1.3800000001490118 1.2042940475791692
v -1.1 1.3800000001490118 1.202999999076128
v -1.106505618337542 1.3800000001490118 1.2042940475791692
v -1.1120208151638509 1.3800000001490118 1.2079791848361492
v -1.1157059524208308 1.3800000001490118 1.2134943816624582
v -1.117000000923872 1.3800000001490118 1.22
v -1.1157059524208308 1.3800000001490118 1.2265056183375418
v -1.1120208151638509 1.3800000001490118 1.2320208151638508
v -1.106505618337542 1.3800000001490118 1.2357059524208307
v -1.1 1.3800000001490118 1.237000000923872
v -1.1 1.3099999998509886 1.237000000923872
v -1.0934943816624583 1.3099999998509886 1.2357059524208307
v -1.0879791848361493 1.3099999998509886 1.2320208151638508
v -1.0842940475791694 1.3099999998509886 1.2265056183375418
v -1.082999999076128 1.3099999998509886 1.22
v -1.0842940475791694 1.3099999998509886 1.2134943816624582
v -1.0879791848361493 1.3099999998509886 1.2079791848361492
v -1.0934943816624583 1.3099999998509886 1.2042940475791692
v -1.1 1.3099999998509886 1.202999999076128
v -1.106505618337542 1.3099999998509886 1.2042940475791692
v -1.1120208151638509 1.3099999998509886 1.2079791848361492
v -1.1157059524208308 1.3099999998509886 1.2134943816624582
v -1.117000000923872 1.3099999998509886 1.22
v -1.1157059524208308 1.3099999998509886 1.2265056183375418
v -1.1120208151638509 1.3099999998509886 1.2320208151638508
v -1.106505618337542 1.3099999998509886 1.2357059524208307
v -1.1 1.3099999998509886 1.237000000923872
v -1.1 1.3800000001490118 1.22
v -1.1 1.3800000001490118 1.22
v -1.1 1.3800000001490118 1.22
v -1.1 1.3800000001490118 1.22
v -1.1 1.3800000001490118 1.22
v -1.1 1.3800000001490118 1.22
v -1.1 1.3800000001490118 1.22
v -1.1 1.3800000001490118 1.22
v -1.1 1.3800000001490118 1.22
v -1.1 1.3800000001490118 1.22
v -1.1 1.3800000001490118 1.22
v -1.1 1.3800000001490118 1.22
v -1.1 1.3800000001490118 1.22
v -1.1 1.3800000001490118 1.22
v -1.1 1.3800000001490118 1.22
v -1.1 1.3800000001490118 1.22
v -1.1 1.3800000001490118 1.237000000923872
v -1.0934943816624583 1.3800000001490118 1.2357059524208307
v -1.0879791848361493 1.3800000001490118 1.2320208151638508
v -1.0842940475791694 1.3800000001490118 1.2265056183375418
v -1.082999999076128 1.3800000001490118 1.22
v -1.0842940475791694 1.3800000001490118 1.2134943816624582
v -1.0879791848361493 1.3800000001490118 1.2079791848361492
v -1.0934943816624583 1.3800000001490118 1.2042940475791692
v -1.1 1.3800000001490118 1.202999999076128
v -1.106505618337542 1.3800000001490118 1.2042940475791692
v -1.1120208151638509 1.3800000001490118 1.2079791848361492
v -1.1157059524208308 1.3800000001490118 1.2134943816624582
v -1.117000000923872 1.3800000001490118 1.22
v -1.1157059524208308 1.3800000001490118 1.2265056183375418
v -1.1120208151638509 1.3800000001490118 1.2320208151638508
v -1.106505618337542 1.3800000001490118 1.2357059524208307
v -1.1 1.3800000001490118 1.237000000923872
v -1.1 1.3099999998509886 1.22
v -1.1 1.3099999998509886 1.22
v -1.1 1.3099999998509886 1.22
v -1.1 1.3099999998509886 1.22
v -1.1 1.3099999998509886 1.22
v -1.1 1.3099999998509886 1.22
v -1.1 1.3099999998509886 1.22
v -1.1 1.3099999998509886 1.22
v -1.1 1.3099999998509886 1.22
v -1.1 1.3099999998509886 1.22
v -1.1 1.3099999998509886 1.22
v -1.1 1.3099999998509886 1.22
v -1.1 1.3099999998509886 1.22
v -1.1 1.3099999998509886 1.22
v -1.1 1.3099999998509886 1.22
v -1.1 1.3099999998509886 1.22
v -1.1 1.3099999998509886 1.237000000923872
v -1.0934943816624583 1.3099999998509886 1.2357059524208307
v -1.0879791848361493 1.3099999998509886 1.2320208151638508
v -1.0842940475791694 1.3099999998509886 1.2265056183375418
v -1.082999999076128 1.3099999998509886 1.22
v -1.0842940475791694 1.3099999998509886 1.2134943816624582
v -1.0879791848361493 1.3099999998509886 1.2079791848361492
v -1.0934943816624583 1.3099999998509886 1.2042940475791692
v -1.1 1.3099999998509886 1.202999999076128
v -1.106505618337542 1.3099999998509886 1.2042940475791692
v -1.1120208151638509 1.3099999998509886 1.2079791848361492
v -1.1157059524208308 1.3099999998509886 1.2134943816624582
v -1.117000000923872 1.3099999998509886 1.22
v -1.1157059524208308 1.3099999998509886 1.2265056183375418
v -1.1120208151638509 1.3099999998509886 1.2320208151638508
v -1.106505618337542 1.3099999998509886 1.2357059524208307
v -1.1 1.3099999998509886 1.237000000923872
vt 0 1
vt 0.0625 1
vt 0.125 1
vt 0.1875 1
vt 0.25 1
vt 0.3125 1
vt 0.375 1
vt 0.4375 1
vt 0.5 1
vt 0.5625 1
vt 0.625 1
vt 0.6875 1
vt 0.75 1
vt 0.8125 1
vt 0.875 1
vt 0.9375 1
vt 1 1
vt 0 0
vt 0.0625 0
vt 0.125 0
vt 0.1875 0
vt 0.25 0
vt 0.3125 0
vt 0.375 0
vt 0.4375 0
vt 0.5 0
vt 0.5625 0
vt 0.625 0
vt 0.6875 0
vt 0.75 0
vt 0.8125 0
vt 0.875 0
vt 0.9375 0
vt 1 0
vt 0.5 0.5
vt 0.5 0.5
vt 0.5 0.5
vt 0.5 0.5
vt 0.5 0.5
vt 0.5 0.5
vt 0.5 0.5
vt 0.5 0.5
vt 0.5 0.5
vt 0.5 0.5
vt 0.5 0.5
vt 0.5 0.5
vt 0.5 0.5
vt 0.5 0.5
vt 0.5 0.5
vt 0.5 0.5
vt 1 0.5
vt 0.9619397521018982 0.6913416981697083
vt 0.8535534143447876 0.8535534143447876
vt 0.6913416981697083 0.9619397521018982
vt 0.5 1
vt 0.30865827202796936 0.9619397521018982
vt 0.1464466154575348 0.8535534143447876
vt 0.03806023299694061 0.6913416981697083
vt 0 0.5
vt 0.03806023299694061 0.30865827202796936
vt 0.1464466154575348 0.1464466154575348
vt 0.30865827202796936 0.03806023299694061
vt 0.5 0
vt 0.6913416981697083 0.03806023299694061
vt 0.8535534143447876 0.1464466154575348
vt 0.9619397521018982 0.30865827202796936
vt 1 0.5
vt 0.5 0.5
vt 0.5 0.5
vt 0.5 0.5
vt 0.5 0.5
vt 0.5 0.5
vt 0.5 0.5
vt 0.5 0.5
vt 0.5 0.5
vt 0.5 0.5
vt 0.5 0.5
vt 0.5 0.5
vt 0.5 0.5
vt 0.5 0.5
vt 0.5 0.5
vt 0.5 0.5
vt 0.5 0.5
vt 1 0.5
vt 0.9619397521018982 0.30865827202796936
vt 0.8535534143447876 0.1464466154575348
vt 0.6913416981697083 0.03806023299694061
vt 0.5 0
vt 0.30865827202796936 0.03806023299694061
vt 0.1464466154575348 0.1464466154575348
vt 0.03806023299694061 0.30865827202796936
vt 0 0.5
vt 0.03806023299694061 0.6913416981697083
vt 0.1464466154575348 0.8535534143447876
vt 0.30865827202796936 0.9619397521018982
vt 0.5 1
vt 0.6913416981697083 0.9619397521018982
vt 0.8535534143447876 0.8535534143447876
vt 0.9619397521018982 0.6913416981697083
vt 1 0.5
vn 0 0 1
vn 0.3826834370613369 0 0.9238795305660377
vn 0.7071067811865476 0 0.7071067811865476
vn 0.9238795305660377 0 0.3826834370613369
vn 1 0 6.123234262925839e-17
vn 0.9238795305660377 0 -0.3826834370613369
vn 0.7071067811865476 0 -0.7071067811865476
vn 0.3826834370613369 0 -0.9238795305660377
vn 1.2246468525851679e-16 0 -1
vn -0.3826834370613369 0 -0.9238795305660377
vn -0.7071067811865476 0 -0.7071067811865476
vn -0.9238795305660377 0 -0.3826834370613369
vn -1 0 -1.8369701465288538e-16
vn -0.9238795305660377 0 0.3826834370613369
vn -0.7071067811865476 0 0.7071067811865476
vn -0.3826834370613369 0 0.9238795305660377
vn -2.4492937051703357e-16 0 1
vn 0 0 1
vn 0.3826834370613369 0 0.9238795305660377
vn 0.7071067811865476 0 0.7071067811865476
vn 0.9238795305660377 0 0.3826834370613369
vn 1 0 6.123234262925839e-17
vn 0.9238795305660377 0 -0.3826834370613369
vn 0.7071067811865476 0 -0.7071067811865476
vn 0.3826834370613369 0 -0.9238795305660377
vn 1.2246468525851679e-16 0 -1
vn -0.3826834370613369 0 -0.9238795305660377
vn -0.7071067811865476 0 -0.7071067811865476
vn -0.9238795305660377 0 -0.3826834370613369
vn -1 0 -1.8369701465288538e-16
vn -0.9238795305660377 0 0.3826834370613369
vn -0.7071067811865476 0 0.7071067811865476
vn -0.3826834370613369 0 0.9238795305660377
vn -2.4492937051703357e-16 0 1
vn 0 1 0
vn 0 1 0
vn 0 1 0
vn 0 1 0
vn 0 1 0
vn 0 1 0
vn 0 1 0
vn 0 1 0
vn 0 1 0
vn 0 1 0
vn 0 1 0
vn 0 1 0
vn 0 1 0
vn 0 1 0
vn 0 1 0
vn 0 1 0
vn 0 1 0
vn 0 1 0
vn 0 1 0
vn 0 1 0
vn 0 1 0
vn 0 1 0
vn 0 1 0
vn 0 1 0
vn 0 1 0
vn 0 1 0
vn 0 1 0
vn 0 1 0
vn 0 1 0
vn 0 1 0
vn 0 1 0
vn 0 1 0
vn 0 1 0
vn 0 -1 0
vn 0 -1 0
vn 0 -1 0
vn 0 -1 0
vn 0 -1 0
vn 0 -1 0
vn 0 -1 0
vn 0 -1 0
vn 0 -1 0
vn 0 -1 0
vn 0 -1 0
vn 0 -1 0
vn 0 -1 0
vn 0 -1 0
vn 0 -1 0
vn 0 -1 0
vn 0 -1 0
vn 0 -1 0
vn 0 -1 0
vn 0 -1 0
vn 0 -1 0
vn 0 -1 0
vn 0 -1 0
vn 0 -1 0
vn 0 -1 0
vn 0 -1 0
vn 0 -1 0
vn 0 -1 0
vn 0 -1 0
vn 0 -1 0
vn 0 -1 0
vn 0 -1 0
vn 0 -1 0
f 5321/5321/5321 5338/5338/5338 5322/5322/5322
f 5338/5338/5338 5339/5339/5339 5322/5322/5322
f 5322/5322/5322 5339/5339/5339 5323/5323/5323
f 5339/5339/5339 5340/5340/5340 5323/5323/5323
f 5323/5323/5323 5340/5340/5340 5324/5324/5324
f 5340/5340/5340 5341/5341/5341 5324/5324/5324
f 5324/5324/5324 5341/5341/5341 5325/5325/5325
f 5341/5341/5341 5342/5342/5342 5325/5325/5325
f 5325/5325/5325 5342/5342/5342 5326/5326/5326
f 5342/5342/5342 5343/5343/5343 5326/5326/5326
f 5326/5326/5326 5343/5343/5343 5327/5327/5327
f 5343/5343/5343 5344/5344/5344 5327/5327/5327
f 5327/5327/5327 5344/5344/5344 5328/5328/5328
f 5344/5344/5344 5345/5345/5345 5328/5328/5328
f 5328/5328/5328 5345/5345/5345 5329/5329/5329
f 5345/5345/5345 5346/5346/5346 5329/5329/5329
f 5329/5329/5329 5346/5346/5346 5330/5330/5330
f 5346/5346/5346 5347/5347/5347 5330/5330/5330
f 5330/5330/5330 5347/5347/5347 5331/5331/5331
f 5347/5347/5347 5348/5348/5348 5331/5331/5331
f 5331/5331/5331 5348/5348/5348 5332/5332/5332
f 5348/5348/5348 5349/5349/5349 5332/5332/5332
f 5332/5332/5332 5349/5349/5349 5333/5333/5333
f 5349/5349/5349 5350/5350/5350 5333/5333/5333
f 5333/5333/5333 5350/5350/5350 5334/5334/5334
f 5350/5350/5350 5351/5351/5351 5334/5334/5334
f 5334/5334/5334 5351/5351/5351 5335/5335/5335
f 5351/5351/5351 5352/5352/5352 5335/5335/5335
f 5335/5335/5335 5352/5352/5352 5336/5336/5336
f 5352/5352/5352 5353/5353/5353 5336/5336/5336
f 5336/5336/5336 5353/5353/5353 5337/5337/5337
f 5353/5353/5353 5354/5354/5354 5337/5337/5337
f 5371/5371/5371 5372/5372/5372 5355/5355/5355
f 5372/5372/5372 5373/5373/5373 5356/5356/5356
f 5373/5373/5373 5374/5374/5374 5357/5357/5357
f 5374/5374/5374 5375/5375/5375 5358/5358/5358
f 5375/5375/5375 5376/5376/5376 5359/5359/5359
f 5376/5376/5376 5377/5377/5377 5360/5360/5360
f 5377/5377/5377 5378/5378/5378 5361/5361/5361
f 5378/5378/5378 5379/5379/5379 5362/5362/5362
f 5379/5379/5379 5380/5380/5380 5363/5363/5363
f 5380/5380/5380 5381/5381/5381 5364/5364/5364
f 5381/5381/5381 5382/5382/5382 5365/5365/5365
f 5382/5382/5382 5383/5383/5383 5366/5366/5366
f 5383/5383/5383 5384/5384/5384 5367/5367/5367
f 5384/5384/5384 5385/5385/5385 5368/5368/5368
f 5385/5385/5385 5386/5386/5386 5369/5369/5369
f 5386/5386/5386 5387/5387/5387 5370/5370/5370
f 5405/5405/5405 5404/5404/5404 5388/5388/5388
f 5406/5406/5406 5405/5405/5405 5389/5389/5389
f 5407/5407/5407 5406/5406/5406 5390/5390/5390
f 5408/5408/5408 5407/5407/5407 5391/5391/5391
f 5409/5409/5409 5408/5408/5408 5392/5392/5392
f 5410/5410/5410 5409/5409/5409 5393/5393/5393
f 5411/5411/5411 5410/5410/5410 5394/5394/5394
f 5412/5412/5412 5411/5411/5411 5395/5395/5395
f 5413/5413/5413 5412/5412/5412 5396/5396/5396
f 5414/5414/5414 5413/5413/5413 5397/5397/5397
f 5415/5415/5415 5414/5414/5414 5398/5398/5398
f 5416/5416/5416 5415/5415/5415 5399/5399/5399
f 5417/5417/5417 5416/5416/5416 5400/5400/5400
f 5418/5418/5418 5417/5417/5417 5401/5401/5401
f 5419/5419/5419 5418/5418/5418 5402/5402/5402
f 5420/5420/5420 5419/5419/5419 5403/5403/5403
o bottle_a_cap
usemtl paint_red
v -1.1 1.3999999997764827 1.240999999716878
v -1.091963648237288 1.3999999997764827 1.2394014701992273
v -1.0851507572457195 1.3999999997764827 1.2348492427542805
v -1.0805985298007728 1.3999999997764827 1.228036351762712
v -1.0790000002831222 1.3999999997764827 1.22
v -1.0805985298007728 1.3999999997764827 1.211963648237288
v -1.0851507572457195 1.3999999997764827 1.2051507572457194
v -1.091963648237288 1.3999999997764827 1.2005985298007726
v -1.1 1.3999999997764827 1.199000000283122
v -1.108036351762712 1.3999999997764827 1.2005985298007726
v -1.1148492427542807 1.3999999997764827 1.2051507572457194
v -1.1194014701992274 1.3999999997764827 1.211963648237288
v -1.120999999716878 1.3999999997764827 1.22
v -1.1194014701992274 1.3999999997764827 1.228036351762712
v -1.1148492427542807 1.3999999997764827 1.2348492427542805
v -1.108036351762712 1.3999999997764827 1.2394014701992273
v -1.1 1.3999999997764827 1.240999999716878
v -1.1 1.3800000002235175 1.240999999716878
v -1.091963648237288 1.3800000002235175 1.2394014701992273
v -1.0851507572457195 1.3800000002235175 1.2348492427542805
v -1.0805985298007728 1.3800000002235175 1.228036351762712
v -1.0790000002831222 1.3800000002235175 1.22
v -1.0805985298007728 1.3800000002235175 1.211963648237288
v -1.0851507572457195 1.3800000002235175 1.2051507572457194
v -1.091963648237288 1.3800000002235175 1.2005985298007726
v -1.1 1.3800000002235175 1.199000000283122
v -1.108036351762712 1.3800000002235175 1.2005985298007726
v -1.1148492427542807 1.3800000002235175 1.2051507572457194
v -1.1194014701992274 1.3800000002235175 1.211963648237288
v -1.120999999716878 1.3800000002235175 1.22
v -1.1194014701992274 1.3800000002235175 1.228036351762712
v -1.1148492427542807 1.3800000002235175 1.2348492427542805
v -1.108036351762712 1.3800000002235175 1.2394014701992273
v -1.1 1.3800000002235175 1.240999999716878
v -1.1 1.3999999997764827 1.22
v -1.1 1.3999999997764827 1.22
v -1.1 1.3999999997764827 1.22
v -1.1 1.3999999997764827 1.22
v -1.1 1.3999999997764827 1.22
v -1.1 1.3999999997764827 1.22
v -1.1 1.3999999997764827 1.22
v -1.1 1.3999999997764827 1.22
v -1.1 1.3999999997764827 1.22
v -1.1 1.3999999997764827 1.22
v -1.1 1.3999999997764827 1.22
v -1.1 1.3999999997764827 1.22
v -1.1 1.3999999997764827 1.22
v -1.1 1.3999999997764827 1.22
v -1.1 1.3999999997764827 1.22
v -1.1 1.3999999997764827 1.22
v -1.1 1.3999999997764827 1.240999999716878
v -1.091963648237288 1.3999999997764827 1.2394014701992273
v -1.0851507572457195 1.3999999997764827 1.2348492427542805
v -1.0805985298007728 1.3999999997764827 1.228036351762712
v -1.0790000002831222 1.3999999997764827 1.22
v -1.0805985298007728 1.3999999997764827 1.211963648237288
v -1.0851507572457195 1.3999999997764827 1.2051507572457194
v -1.091963648237288 1.3999999997764827 1.2005985298007726
v -1.1 1.3999999997764827 1.199000000283122
v -1.108036351762712 1.3999999997764827 1.2005985298007726
v -1.1148492427542807 1.3999999997764827 1.2051507572457194
v -1.1194014701992274 1.3999999997764827 1.211963648237288
v -1.120999999716878 1.3999999997764827 1.22
v -1.1194014701992274 1.3999999997764827 1.228036351762712
v -1.1148492427542807 1.3999999997764827 1.2348492427542805
v -1.108036351762712 1.3999999997764827 1.2394014701992273
v -1.1 1.3999999997764827 1.240999999716878
v -1.1 1.3800000002235175 1.22
v -1.1 1.3800000002235175 1.22
v -1.1 1.3800000002235175 1.22
v -1.1 1.3800000002235175 1.22
v -1.1 1.3800000002235175 1.22
v -1.1 1.3800000002235175 1.22
v -1.1 1.3800000002235175 1.22
v -1.1 1.3800000002235175 1.22
v -1.1 1.3800000002235175 1.22
v -1.1 1.3800000002235175 1.22
v -1.1 1.3800000002235175 1.22
v -1.1 1.3800000002235175 1.22
v -1.1 1.3800000002235175 1.22
v -1.1 1.3800000002235175 1.22
v -1.1 1.3800000002235175 1.22
v -1.1 1.3800000002235175 1.22
v -1.1 1.3800000002235175 1.240999999716878
v -1.091963648237288 1.3800000002235175 1.2394014701992273
v -1.0851507572457195 1.3800000002235175 1.2348492427542805
v -1.0805985298007728 1.3800000002235175 1.228036351762712
v -1.0790000002831222 1.3800000002235175 1.22
v -1.0805985298007728 1.3800000002235175 1.211963648237288
v -1.0851507572457195 1.3800000002235175 1.2051507572457194
v -1.091963648237288 1.3800000002235175 1.2005985298007726
v -1.1 1.3800000002235175 1.199000000283122
v -1.108036351762712 1.3800000002235175 1.2005985298007726
v -1.1148492427542807 1.3800000002235175 1.2051507572457194
v -1.1194014701992274 1.3800000002235175 1.211963648237288
v -1.120999999716878 1.3800000002235175 1.22
v -1.1194014701992274 1.3800000002235175 1.228036351762712
v -1.1148492427542807 1.3800000002235175 1.2348492427542805
v -1.108036351762712 1.3800000002235175 1.2394014701992273
v -1.1 1.3800000002235175 1.240999999716878
vt 0 1
vt 0.0625 1
vt 0.125 1
vt 0.1875 1
vt 0.25 1
vt 0.3125 1
vt 0.375 1
vt 0.4375 1
vt 0.5 1
vt 0.5625 1
vt 0.625 1
vt 0.6875 1
vt 0.75 1
vt 0.8125 1
vt 0.875 1
vt 0.9375 1
vt 1 1
vt 0 0
vt 0.0625 0
vt 0.125 0
vt 0.1875 0
vt 0.25 0
vt 0.3125 0
vt 0.375 0
vt 0.4375 0
vt 0.5 0
vt 0.5625 0
vt 0.625 0
vt 0.6875 0
vt 0.75 0
vt 0.8125 0
vt 0.875 0
vt 0.9375 0
vt 1 0
vt 0.5 0.5
vt 0.5 0.5
vt 0.5 0.5
vt 0.5 0.5
vt 0.5 0.5
vt 0.5 0.5
vt 0.5 0.5
vt 0.5 0.5
vt 0.5 0.5
vt 0.5 0.5
vt 0.5 0.5
vt 0.5 0.5
vt 0.5 0.5
vt 0.5 0.5
vt 0.5 0.5
vt 0.5 0.5
vt 1 0.5
vt 0.9619397521018982 0.6913416981697083
vt 0.8535534143447876 0.8535534143447876
vt 0.6913416981697083 0.9619397521018982
vt 0.5 1
vt 0.30865827202796936 0.9619397521018982
vt 0.1464466154575348 0.8535534143447876
vt 0.03806023299694061 0.6913416981697083
vt 0 0.5
vt 0.03806023299694061 0.30865827202796936
vt 0.1464466154575348 0.1464466154575348
vt 0.30865827202796936 0.03806023299694061
vt 0.5 0
vt 0.6913416981697083 0.03806023299694061
vt 0.8535534143447876 0.1464466154575348
vt 0.9619397521018982 0.30865827202796936
vt 1 0.5
vt 0.5 0.5
vt 0.5 0.5
vt 0.5 0.5
vt 0.5 0.5
vt 0.5 0.5
vt 0.5 0.5
vt 0.5 0.5
vt 0.5 0.5
vt 0.5 0.5
vt 0.5 0.5
vt 0.5 0.5
vt 0.5 0.5
vt 0.5 0.5
vt 0.5 0.5
vt 0.5 0.5
vt 0.5 0.5
vt 1 0.5
vt 0.9619397521018982 0.30865827202796936
vt 0.8535534143447876 0.1464466154575348
vt 0.6913416981697083 0.03806023299694061
vt 0.5 0
vt 0.30865827202796936 0.03806023299694061
vt 0.1464466154575348 0.1464466154575348
vt 0.03806023299694061 0.30865827202796936
vt 0 0.5
vt 0.03806023299694061 0.6913416981697083
vt 0.1464466154575348 0.8535534143447876
vt 0.30865827202796936 0.9619397521018982
vt 0.5 1
vt 0.6913416981697083 0.9619397521018982
vt 0.8535534143447876 0.8535534143447876
vt 0.9619397521018982 0.6913416981697083
vt 1 0.5
vn 0 0 1
vn 0.3826834370613369 0 0.9238795305660377
vn 0.7071067811865476 0 0.7071067811865476
vn 0.9238795305660377 0 0.3826834370613369
vn 1 0 6.123234262925839e-17
vn 0.9238795305660377 0 -0.3826834370613369
vn 0.7071067811865476 0 -0.7071067811865476
vn 0.3826834370613369 0 -0.9238795305660377
vn 1.2246468525851679e-16 0 -1
vn -0.3826834370613369 0 -0.9238795305660377
vn -0.7071067811865476 0 -0.7071067811865476
vn -0.9238795305660377 0 -0.3826834370613369
vn -1 0 -1.8369701465288538e-16
vn -0.9238795305660377 0 0.3826834370613369
vn -0.7071067811865476 0 0.7071067811865476
vn -0.3826834370613369 0 0.9238795305660377
vn -2.4492937051703357e-16 0 1
vn 0 0 1
vn 0.3826834370613369 0 0.9238795305660377
vn 0.7071067811865476 0 0.7071067811865476
vn 0.9238795305660377 0 0.3826834370613369
vn 1 0 6.123234262925839e-17
vn 0.9238795305660377 0 -0.3826834370613369
vn 0.7071067811865476 0 -0.7071067811865476
vn 0.3826834370613369 0 -0.9238795305660377
vn 1.2246468525851679e-16 0 -1
vn -0.3826834370613369 0 -0.9238795305660377
vn -0.7071067811865476 0 -0.7071067811865476
vn -0.9238795305660377 0 -0.3826834370613369
vn -1 0 -1.8369701465288538e-16
vn -0.9238795305660377 0 0.3826834370613369
vn -0.7071067811865476 0 0.7071067811865476
vn -0.3826834370613369 0 0.9238795305660377
vn -2.4492937051703357e-16 0 1
vn 0 1 0
vn 0 1 0
vn 0 1 0
vn 0 1 0
vn 0 1 0
vn 0 1 0
vn 0 1 0
vn 0 1 0
vn 0 1 0
vn 0 1 0
vn 0 1 0
vn 0 1 0
vn 0 1 0
vn 0 1 0
vn 0 1 0
vn 0 1 0
vn 0 1 0
vn 0 1 0
vn 0 1 0
vn 0 1 0
vn 0 1 0
vn 0 1 0
vn 0 1 0
vn 0 1 0
vn 0 1 0
vn 0 1 0
vn 0 1 0
vn 0 1 0
vn 0 1 0
vn 0 1 0
vn 0 1 0
vn 0 1 0
vn 0 1 0
vn 0 -1 0
vn 0 -1 0
vn 0 -1 0
vn 0 -1 0
vn 0 -1 0
vn 0 -1 0
vn 0 -1 0
vn 0 -1 0
vn 0 -1 0
vn 0 -1 0
vn 0 -1 0
vn 0 -1 0
vn 0 -1 0
vn 0 -1 0
vn 0 -1 0
vn 0 -1 0
vn 0 -1 0
vn 0 -1 0
vn 0 -1 0
vn 0 -1 0
vn 0 -1 0
vn 0 -1 0
vn 0 -1 0
vn 0 -1 0
vn 0 -1 0
vn 0 -1 0
vn 0 -1 0
vn 0 -1 0
vn 0 -1 0
vn 0 -1 0
vn 0 -1 0
vn 0 -1 0
vn 0 -1 0
f 5421/5421/5421 5438/5438/5438 5422/5422/5422
f 5438/5438/5438 5439/5439/5439 5422/5422/5422
f 5422/5422/5422 5439/5439/5439 5423/5423/5423
f 5439/5439/5439 5440/5440/5440 5423/5423/5423
f 5423/5423/5423 5440/5440/5440 5424/5424/5424
f 5440/5440/5440 5441/5441/5441 5424/5424/5424
f 5424/5424/5424 5441/5441/5441 5425/5425/5425
f 5441/5441/5441 5442/5442/5442 5425/5425/5425
f 5425/5425/5425 5442/5442/5442 5426/5426/5426
f 5442/5442/5442 5443/5443/5443 5426/5426/5426
f 5426/5426/5426 5443/5443/5443 5427/5427/5427
f 5443/5443/5443 5444/5444/5444 5427/5427/5427
f 5427/5427/5427 5444/5444/5444 5428/5428/5428
f 5444/5444/5444 5445/5445/5445 5428/5428/5428
f 5428/5428/5428 5445/5445/5445 5429/5429/5429
f 5445/5445/5445 5446/5446/5446 5429/5429/5429
f 5429/5429/5429 5446/5446/5446 5430/5430/5430
f 5446/5446/5446 5447/5447/5447 5430/5430/5430
f 5430/5430/5430 5447/5447/5447 5431/5431/5431
f 5447/5447/5447 5448/5448/5448 5431/5431/5431
f 5431/5431/5431 5448/5448/5448 5432/5432/5432
f 5448/5448/5448 5449/5449/5449 5432/5432/5432
f 5432/5432/5432 5449/5449/5449 5433/5433/5433
f 5449/5449/5449 5450/5450/5450 5433/5433/5433
f 5433/5433/5433 5450/5450/5450 5434/5434/5434
f 5450/5450/5450 5451/5451/5451 5434/5434/5434
f 5434/5434/5434 5451/5451/5451 5435/5435/5435
f 5451/5451/5451 5452/5452/5452 5435/5435/5435
f 5435/5435/5435 5452/5452/5452 5436/5436/5436
f 5452/5452/5452 5453/5453/5453 5436/5436/5436
f 5436/5436/5436 5453/5453/5453 5437/5437/5437
f 5453/5453/5453 5454/5454/5454 5437/5437/5437
f 5471/5471/5471 5472/5472/5472 5455/5455/5455
f 5472/5472/5472 5473/5473/5473 5456/5456/5456
f 5473/5473/5473 5474/5474/5474 5457/5457/5457
f 5474/5474/5474 5475/5475/5475 5458/5458/5458
f 5475/5475/5475 5476/5476/5476 5459/5459/5459
f 5476/5476/5476 5477/5477/5477 5460/5460/5460
f 5477/5477/5477 5478/5478/5478 5461/5461/5461
f 5478/5478/5478 5479/5479/5479 5462/5462/5462
f 5479/5479/5479 5480/5480/5480 5463/5463/5463
f 5480/5480/5480 5481/5481/5481 5464/5464/5464
f 5481/5481/5481 5482/5482/5482 5465/5465/5465
f 5482/5482/5482 5483/5483/5483 5466/5466/5466
f 5483/5483/5483 5484/5484/5484 5467/5467/5467
f 5484/5484/5484 5485/5485/5485 5468/5468/5468
f 5485/5485/5485 5486/5486/5486 5469/5469/5469
f 5486/5486/5486 5487/5487/5487 5470/5470/5470
f 5505/5505/5505 5504/5504/5504 5488/5488/5488
f 5506/5506/5506 5505/5505/5505 5489/5489/5489
f 5507/5507/5507 5506/5506/5506 5490/5490/5490
f 5508/5508/5508 5507/5507/5507 5491/5491/5491
f 5509/5509/5509 5508/5508/5508 5492/5492/5492
f 5510/5510/5510 5509/5509/5509 5493/5493/5493
f 5511/5511/5511 5510/5510/5510 5494/5494/5494
f 5512/5512/5512 5511/5511/5511 5495/5495/5495
f 5513/5513/5513 5512/5512/5512 5496/5496/5496
f 5514/5514/5514 5513/5513/5513 5497/5497/5497
f 5515/5515/5515 5514/5514/5514 5498/5498/5498
f 5516/5516/5516 5515/5515/5515 5499/5499/5499
f 5517/5517/5517 5516/5516/5516 5500/5500/5500
f 5518/5518/5518 5517/5517/5517 5501/5501/5501
f 5519/5519/5519 5518/5518/5518 5502/5502/5502
f 5520/5520/5520 5519/5519/5519 5503/5503/5503
o bottle_b_body
usemtl glass_green
v -0.97 1.2499999982118608 1.1650000001490115
v -0.9591844056546688 1.2499999982118608 1.163286977559328
v -0.9494275164604187 1.2499999982118608 1.158315594419837
v -0.941684405580163 1.2499999982118608 1.1505724835395812
v -0.9367130224406719 1.2499999982118608 1.140815594345331
v -0.9349999998509884 1.2499999982118608 1.13
v -0.9367130224406719 1.2499999982118608 1.1191844056546687
v -0.941684405580163 1.2499999982118608 1.1094275164604186
v -0.9494275164604187 1.2499999982118608 1.101684405580163
v -0.9591844056546688 1.2499999982118608 1.0967130224406718
v -0.97 1.2499999982118608 1.0949999998509883
v -0.9808155943453312 1.2499999982118608 1.0967130224406718
v -0.9905724835395813 1.2499999982118608 1.101684405580163
v -0.998315594419837 1.2499999982118608 1.1094275164604186
v -1.003286977559328 1.2499999982118608 1.1191844056546687
v -1.0050000001490116 1.2499999982118608 1.13
v -1.003286977559328 1.2499999982118608 1.140815594345331
v -0.998315594419837 1.2499999982118608 1.1505724835395812
v -0.9905724835395813 1.2499999982118608 1.158315594419837
v -0.9808155943453312 1.2499999982118608 1.163286977559328
v -0.97 1.2499999982118608 1.1650000001490115
v -0.97 1.0900000017881395 1.1650000001490115
v -0.9591844056546688 1.0900000017881395 1.163286977559328
v -0.9494275164604187 1.0900000017881395 1.158315594419837
v -0.941684405580163 1.0900000017881395 1.1505724835395812
v -0.9367130224406719 1.0900000017881395 1.140815594345331
v -0.9349999998509884 1.0900000017881395 1.13
v -0.9367130224406719 1.0900000017881395 1.1191844056546687
v -0.941684405580163 1.0900000017881395 1.1094275164604186
v -0.9494275164604187 1.0900000017881395 1.101684405580163
v -0.9591844056546688 1.0900000017881395 1.0967130224406718
v -0.97 1.0900000017881395 1.0949999998509883
v -0.9808155943453312 1.0900000017881395 1.0967130224406718
v -0.9905724835395813 1.0900000017881395 1.101684405580163
v -0.998315594419837 1.0900000017881395 1.1094275164604186
v -1.003286977559328 1.0900000017881395 1.1191844056546687
v -1.0050000001490116 1.0900000017881395 1.13
v -1.003286977559328 1.0900000017881395 1.140815594345331
v -0.998315594419837 1.0900000017881395 1.1505724835395812
v -0.9905724835395813 1.0900000017881395 1.158315594419837
v -0.9808155943453312 1.0900000017881395 1.163286977559328
v -0.97 1.0900000017881395 1.1650000001490115
v -0.97 1.2499999982118608 1.13
v -0.97 1.2499999982118608 1.13
v -0.97 1.2499999982118608 1.13
v -0.97 1.2499999982118608 1.13
v -0.97 1.2499999982118608 1.13
v -0.97 1.2499999982118608 1.13
v -0.97 1.2499999982118608 1.13
v -0.97 1.2499999982118608 1.13
v -0.97 1.2499999982118608 1.13
v -0.97 1.2499999982118608 1.13
v -0.97 1.2499999982118608 1.13
v -0.97 1.2499999982118608 1.13
v -0.97 1.2499999982118608 1.13
v -0.97 1.2499999982118608 1.13
v -0.97 1.2499999982118608 1.13
v -0.97 1.2499999982118608 1.13
v -0.97 1.2499999982118608 1.13
v -0.97 1.2499999982118608 1.13
v -0.97 1.2499999982118608 1.13
v -0.97 1.2499999982118608 1.13
v -0.97 1.2499999982118608 1.1650000001490115
v -0.9591844056546688 1.2499999982118608 1.163286977559328
v -0.9494275164604187 1.2499999982118608 1.158315594419837
v -0.941684405580163 1.2499999982118608 1.1505724835395812
v -0.9367130224406719 1.2499999982118608 1.140815594345331
v -0.9349999998509884 1.2499999982118608 1.13
v -0.9367130224406719 1.2499999982118608 1.1191844056546687
v -0.941684405580163 1.2499999982118608 1.1094275164604186
v -0.9494275164604187 1.2499999982118608 1.101684405580163
v -0.9591844056546688 1.2499999982118608 1.0967130224406718
v -0.97 1.2499999982118608 1.0949999998509883
v -0.9808155943453312 1.2499999982118608 1.0967130224406718
v -0.9905724835395813 1.2499999982118608 1.101684405580163
v -0.998315594419837 1.2499999982118608 1.1094275164604186
v -1.003286977559328 1.2499999982118608 1.1191844056546687
v -1.0050000001490116 1.2499999982118608 1.13
v -1.003286977559328 1.2499999982118608 1.140815594345331
v -0.998315594419837 1.2499999982118608 1.1505724835395812
v -0.9905724835395813 1.2499999982118608 1.158315594419837
v -0.9808155943453312 1.2499999982118608 1.163286977559328
v -0.97 1.2499999982118608 1.1650000001490115
v -0.97 1.0900000017881395 1.13
v -0.97 1.0900000017881395 1.13
v -0.97 1.0900000017881395 1.13
v -0.97 1.0900000017881395 1.13
v -0.97 1.0900000017881395 1.13
v -0.97 1.0900000017881395 1.13
v -0.97 1.0900000017881395 1.13
v -0.97 1.0900000017881395 1.13
v -0.97 1.0900000017881395 1.13
v -0.97 1.0900000017881395 1.13
v -0.97 1.0900000017881395 1.13
v -0.97 1.0900000017881395 1.13
v -0.97 1.0900000017881395 1.13
v -0.97 1.0900000017881395 1.13
v -0.97 1.0900000017881395 1.13
v -0.97 1.0900000017881395 1.13
v -0.97 1.0900000017881395 1.13
v -0.97 1.0900000017881395 1.13
v -0.97 1.0900000017881395 1.13
v -0.97 1.0900000017881395 1.13
v -0.97 1.0900000017881395 1.1650000001490115
v -0.9591844056546688 1.0900000017881395 1.163286977559328
v -0.9494275164604187 1.0900000017881395 1.158315594419837
v -0.941684405580163 1.0900000017881395 1.1505724835395812
v -0.9367130224406719 1.0900000017881395 1.140815594345331
v -0.9349999998509884 1.0900000017881395 1.13
v -0.9367130224406719 1.0900000017881395 1.1191844056546687
v -0.941684405580163 1.0900000017881395 1.1094275164604186
v -0.9494275164604187 1.0900000017881395 1.101684405580163
v -0.9591844056546688 1.0900000017881395 1.0967130224406718
v -0.97 1.0900000017881395 1.0949999998509883
v -0.9808155943453312 1.0900000017881395 1.0967130224406718
v -0.9905724835395813 1.0900000017881395 1.101684405580163
v -0.998315594419837 1.0900000017881395 1.1094275164604186
v -1.003286977559328 1.0900000017881395 1.1191844056546687
v -1.0050000001490116 1.0900000017881395 1.13
v -1.003286977559328 1.0900000017881395 1.140815594345331
v -0.998315594419837 1.0900000017881395 1.1505724835395812
v -0.9905724835395813 1.0900000017881395 1.158315594419837
v -0.9808155943453312 1.0900000017881395 1.163286977559328
v -0.97 1.0900000017881395 1.1650000001490115
vt 0 1
vt 0.05000000074505806 1
vt 0.10000000149011612 1
vt 0.15000000596046448 1
vt 0.20000000298023224 1
vt 0.25 1
vt 0.30000001192092896 1
vt 0.3499999940395355 1
vt 0.4000000059604645 1
vt 0.44999998807907104 1
vt 0.5 1
vt 0.550000011920929 1
vt 0.6000000238418579 1
vt 0.6499999761581421 1
vt 0.699999988079071 1
vt 0.75 1
vt 0.800000011920929 1
vt 0.8500000238418579 1
vt 0.8999999761581421 1
vt 0.949999988079071 1
vt 1 1
vt 0 0
vt 0.05000000074505806 0
vt 0.10000000149011612 0
vt 0.15000000596046448 0
vt 0.20000000298023224 0
vt 0.25 0
vt 0.30000001192092896 0
vt 0.3499999940395355 0
vt 0.4000000059604645 0
vt 0.44999998807907104 0
vt 0.5 0
vt 0.550000011920929 0
vt 0.6000000238418579 0
vt 0.6499999761581421 0
vt 0.699999988079071 0
vt 0.75 0
vt 0.800000011920929 0
vt 0.8500000238418579 0
vt 0.8999999761581421 0
vt 0.949999988079071 0
vt 1 0
vt 0.5 0.5
vt 0.5 0.5
vt 0.5 0.5
vt 0.5 0.5
vt 0.5 0.5
vt 0.5 0.5
vt 0.5 0.5
vt 0.5 0.5
vt 0.5 0.5
vt 0.5 0.5
vt 0.5 0.5
vt 0.5 0.5
vt 0.5 0.5
vt 0.5 0.5
vt 0.5 0.5
vt 0.5 0.5
vt 0.5 0.5
vt 0.5 0.5
vt 0.5 0.5
vt 0.5 0.5
vt 1 0.5
vt 0.9755282402038574 0.6545084714889526
vt 0.9045084714889526 0.7938926219940186
vt 0.7938926219940186 0.9045084714889526
vt 0.6545084714889526 0.9755282402038574
vt 0.5 1
vt 0.345491498708725 0.9755282402038574
vt 0.20610737800598145 0.9045084714889526
vt 0.09549150615930557 0.7938926219940186
vt 0.024471741169691086 0.6545084714889526
vt 0 0.5
vt 0.024471741169691086 0.345491498708725
vt 0.09549150615930557 0.20610737800598145
vt 0.20610737800598145 0.09549150615930557
vt 0.345491498708725 0.024471741169691086
vt 0.5 0
vt 0.6545084714889526 0.024471741169691086
vt 0.7938926219940186 0.09549150615930557
vt 0.9045084714889526 0.20610737800598145
vt 0.9755282402038574 0.345491498708725
vt 1 0.5
vt 0.5 0.5
vt 0.5 0.5
vt 0.5 0.5
vt 0.5 0.5
vt 0.5 0.5
vt 0.5 0.5
vt 0.5 0.5
vt 0.5 0.5
vt 0.5 0.5
vt 0.5 0.5
vt 0.5 0.5
vt 0.5 0.5
vt 0.5 0.5
vt 0.5 0.5
vt 0.5 0.5
vt 0.5 0.5
vt 0.5 0.5
vt 0.5 0.5
vt 0.5 0.5
vt 0.5 0.5
vt 1 0.5
vt 0.9755282402038574 0.345491498708725
vt 0.9045084714889526 0.20610737800598145
vt 0.7938926219940186 0.09549150615930557
vt 0.6545084714889526 0.024471741169691086
vt 0.5 0
vt 0.345491498708725 0.024471741169691086
vt 0.20610737800598145 0.09549150615930557
vt 0.09549150615930557 0.20610737800598145
vt 0.024471741169691086 0.345491498708725
vt 0 0.5
vt 0.024471741169691086 0.6545084714889526
vt 0.09549150615930557 0.7938926219940186
vt 0.20610737800598145 0.9045084714889526
vt 0.345491498708725 0.9755282402038574
vt 0.5 1
vt 0.6545084714889526 0.9755282402038574
vt 0.7938926219940186 0.9045084714889526
vt 0.9045084714889526 0.7938926219940186
vt 0.9755282402038574 0.6545084714889526
vt 1 0.5
vn 0 0 1
vn 0.3090169948284817 0 0.9510565161477913
vn 0.5877852429542022 0 0.8090170011595983
vn 0.8090170011595983 0 0.5877852429542022
vn 0.9510565161477913 0 0.3090169948284817
vn 1 0 6.123234262925839e-17
vn 0.9510565161477913 0 -0.3090169948284817
vn 0.8090170011595983 0 -0.5877852429542022
vn 0.5877852429542022 0 -0.8090170011595983
vn 0.3090169948284817 0 -0.9510565161477913
vn 1.2246468525851679e-16 0 -1
vn -0.3090169948284817 0 -0.9510565161477913
vn -0.5877852429542022 0 -0.8090170011595983
vn -0.8090170011595983 0 -0.5877852429542022
vn -0.9510565161477913 0 -0.3090169948284817
vn -1 0 -1.8369701465288538e-16
vn -0.9510565161477913 0 0.3090169948284817
vn -0.8090170011595983 0 0.5877852429542022
vn -0.5877852429542022 0 0.8090170011595983
vn -0.3090169948284817 0 0.9510565161477913
vn -2.4492937051703357e-16 0 1
vn 0 0 1
vn 0.3090169948284817 0 0.9510565161477913
vn 0.5877852429542022 0 0.8090170011595983
vn 0.8090170011595983 0 0.5877852429542022
vn 0.9510565161477913 0 0.3090169948284817
vn 1 0 6.123234262925839e-17
vn 0.9510565161477913 0 -0.3090169948284817
vn 0.8090170011595983 0 -0.5877852429542022
vn 0.5877852429542022 0 -0.8090170011595983
vn 0.3090169948284817 0 -0.9510565161477913
vn 1.2246468525851679e-16 0 -1
vn -0.3090169948284817 0 -0.9510565161477913
vn -0.5877852429542022 0 -0.8090170011595983
vn -0.8090170011595983 0 -0.5877852429542022
vn -0.9510565161477913 0 -0.3090169948284817
vn -1 0 -1.8369701465288538e-16
vn -0.9510565161477913 0 0.3090169948284817
vn -0.8090170011595983 0 0.5877852429542022
vn -0.5877852429542022 0 0.8090170011595983
vn -0.3090169948284817 0 0.9510565161477913
vn -2.4492937051703357e-16 0 1
vn 0 1 0
vn 0 1 0
vn 0 1 0
vn 0 1 0
vn 0 1 0
vn 0 1 0
vn 0 1 0
vn 0 1 0
vn 0 1 0
vn 0 1 0
vn 0 1 0
vn 0 1 0
vn 0 1 0
vn 0 1 0
vn 0 1 0
vn 0 1 0
vn 0 1 0
vn 0 1 0
vn 0 1 0
vn 0 1 0
vn 0 1 0
vn 0 1 0
vn 0 1 0
vn 0 1 0
vn 0 1 0
vn 0 1 0
vn 0 1 0
vn 0 1 0
vn 0 1 0
vn 0 1 0
vn 0 1 0
vn 0 1 0
vn 0 1 0
vn 0 1 0
vn 0 1 0
vn 0 1 0
vn 0 1 0
vn 0 1 0
vn 0 1 0
vn 0 1 0
vn 0 1 0
vn 0 -1 0
vn 0 -1 0
vn 0 -1 0
vn 0 -1 0
vn 0 -1 0
vn 0 -1 0
vn 0 -1 0
vn 0 -1 0
vn 0 -1 0
vn 0 -1 0
vn 0 -1 0
vn 0 -1 0
vn 0 -1 0
vn 0 -1 0
vn 0 -1 0
vn 0 -1 0
vn 0 -1 0
vn 0 -1 0
vn 0 -1 0
vn 0 -1 0
vn 0 -1 0
vn 0 -1 0
vn 0 -1 0
vn 0 -1 0
vn 0 -1 0
vn 0 -1 0
vn 0 -1 0
vn 0 -1 0
vn 0 -1 0
vn 0 -1 0
vn 0 -1 0
vn 0 -1 0
vn 0 -1 0
vn 0 -1 0
vn 0 -1 0
vn 0 -1 0
vn 0 -1 0
vn 0 -1 0
vn 0 -1 0
vn 0 -1 0
vn 0 -1 0
f 5521/5521/5521 5542/5542/5542 5522/5522/5522
f 5542/5542/5542 5543/5543/5543 5522/5522/5522
f 5522/5522/5522 5543/5543/5543 5523/5523/5523
f 5543/5543/5543 5544/5544/5544 5523/5523/5523
f 5523/5523/5523 5544/5544/5544 5524/5524/5524
f 5544/5544/5544 5545/5545/5545 5524/5524/5524
f 5524/5524/5524 5545/5545/5545 5525/5525/5525
f 5545/5545/5545 5546/5546/5546 5525/5525/5525
f 5525/5525/5525 5546/5546/5546 5526/5526/5526
f 5546/5546/5546 5547/5547/5547 5526/5526/5526
f 5526/5526/5526 5547/5547/5547 5527/5527/5527
f 5547/5547/5547 5548/5548/5548 5527/5527/5527
f 5527/5527/5527 5548/5548/5548 5528/5528/5528
f 5548/5548/5548 5549/5549/5549 5528/5528/5528
f 5528/5528/5528 5549/5549/5549 5529/5529/5529
f 5549/5549/5549 5550/5550/5550 5529/5529/5529
f 5529/5529/5529 5550/5550/5550 5530/5530/5530
f 5550/5550/5550 5551/5551/5551 5530/5530/5530
f 5530/5530/5530 5551/5551/5551 5531/5531/5531
f 5551/5551/5551 5552/5552/5552 5531/5531/5531
f 5531/5531/5531 5552/5552/5552 5532/5532/5532
f 5552/5552/5552 5553/5553/5553 5532/5532/5532
f 5532/5532/5532 5553/5553/5553 5533/5533/5533
f 5553/5553/5553 5554/5554/5554 5533/5533/5533
f 5533/5533/5533 5554/5554/5554 5534/5534/5534
f 5554/5554/5554 5555/5555/5555 5534/5534/5534
f 5534/5534/5534 5555/5555/5555 5535/5535/5535
f 5555/5555/5555 5556/5556/5556 5535/5535/5535
f 5535/5535/5535 5556/5556/5556 5536/5536/5536
f 5556/5556/5556 5557/5557/5557 5536/5536/5536
f 5536/5536/5536 5557/5557/5557 5537/5537/5537
f 5557/5557/5557 5558/5558/5558 5537/5537/5537
f 5537/5537/5537 5558/5558/5558 5538/5538/5538
f 5558/5558/5558 5559/5559/5559 5538/5538/5538
f 5538/5538/5538 5559/5559/5559 5539/5539/5539
f 5559/5559/5559 5560/5560/5560 5539/5539/5539
f 5539/5539/5539 5560/5560/5560 5540/5540/5540
f 5560/5560/5560 5561/5561/5561 5540/5540/5540
f 5540/5540/5540 5561/5561/5561 5541/5541/5541
f 5561/5561/5561 5562/5562/5562 5541/5541/5541
f 5583/5583/5583 5584/5584/5584 5563/5563/5563
f 5584/5584/5584 5585/5585/5585 5564/5564/5564
f 5585/5585/5585 5586/5586/5586 5565/5565/5565
f 5586/5586/5586 5587/5587/5587 5566/5566/5566
f 5587/5587/5587 5588/5588/5588 5567/5567/5567
f 5588/5588/5588 5589/5589/5589 5568/5568/5568
f 5589/5589/5589 5590/5590/5590 5569/5569/5569
f 5590/5590/5590 5591/5591/5591 5570/5570/5570
f 5591/5591/5591 5592/5592/5592 5571/5571/5571
f 5592/5592/5592 5593/5593/5593 5572/5572/5572
f 5593/5593/5593 5594/5594/5594 5573/5573/5573
f 5594/5594/5594 5595/5595/5595 5574/5574/5574
f 5595/5595/5595 5596/5596/5596 5575/5575/5575
f 5596/5596/5596 5597/5597/5597 5576/5576/5576
f 5597/5597/5597 5598/5598/5598 5577/5577/5577
f 5598/5598/5598 5599/5599/5599 5578/5578/5578
f 5599/5599/5599 5600/5600/5600 5579/5579/5579
f 5600/5600/5600 5601/5601/5601 5580/5580/5580
f 5601/5601/5601 5602/5602/5602 5581/5581/5581
f 5602/5602/5602 5603/5603/5603 5582/5582/5582
f 5625/5625/5625 5624/5624/5624 5604/5604/5604
f 5626/5626/5626 5625/5625/5625 5605/5605/5605
f 5627/5627/5627 5626/5626/5626 5606/5606/5606
f 5628/5628/5628 5627/5627/5627 5607/5607/5607
f 5629/5629/5629 5628/5628/5628 5608/5608/5608
f 5630/5630/5630 5629/5629/5629 5609/5609/5609
f 5631/5631/5631 5630/5630/5630 5610/5610/5610
f 5632/5632/5632 5631/5631/5631 5611/5611/5611
f 5633/5633/5633 5632/5632/5632 5612/5612/5612
f 5634/5634/5634 5633/5633/5633 5613/5613/5613
f 5635/5635/5635 5634/5634/5634 5614/5614/5614
f 5636/5636/5636 5635/5635/5635 5615/5615/5615
f 5637/5637/5637 5636/5636/5636 5616/5616/5616
f 5638/5638/5638 5637/5637/5637 5617/5617/5617
f 5639/5639/5639 5638/5638/5638 5618/5618/5618
f 5640/5640/5640 5639/5639/5639 5619/5619/5619
f 5641/5641/5641 5640/5640/5640 5620/5620/5620
f 5642/5642/5642 5641/5641/5641 5621/5621/5621
f 5643/5643/5643 5642/5642/5642 5622/5622/5622
f 5644/5644/5644 5643/5643/5643 5623/5623/5623
o bottle_b_shoulder
usemtl glass_green
v -0.97 1.3099999993294478 1.1479999992251395
v -0.9644376940838992 1.3099999993294478 1.1471190164983271
v -0.9594198654219508 1.3099999993294478 1.1445623059943317
v -0.9554376940056681 1.3099999993294478 1.140580134578049
v -0.9528809835016727 1.3099999993294478 1.1355623059161006
v -0.9520000007748604 1.3099999993294478 1.13
v -0.9528809835016727 1.3099999993294478 1.1244376940838992
v -0.9554376940056681 1.3099999993294478 1.1194198654219507
v -0.9594198654219508 1.3099999993294478 1.115437694005668
v -0.9644376940838992 1.3099999993294478 1.1128809835016726
v -0.97 1.3099999993294478 1.1120000007748603
v -0.9755623059161007 1.3099999993294478 1.1128809835016726
v -0.9805801345780492 1.3099999993294478 1.115437694005668
v -0.9845623059943318 1.3099999993294478 1.1194198654219507
v -0.9871190164983272 1.3099999993294478 1.1244376940838992
v -0.9879999992251396 1.3099999993294478 1.13
v -0.9871190164983272 1.3099999993294478 1.1355623059161006
v -0.9845623059943318 1.3099999993294478 1.140580134578049
v -0.9805801345780492 1.3099999993294478 1.1445623059943317
v -0.9755623059161007 1.3099999993294478 1.1471190164983271
v -0.97 1.3099999993294478 1.1479999992251395
v -0.97 1.2500000006705523 1.1650000001490115
v -0.9591844056546688 1.2500000006705523 1.163286977559328
v -0.9494275164604187 1.2500000006705523 1.158315594419837
v -0.941684405580163 1.2500000006705523 1.1505724835395812
v -0.9367130224406719 1.2500000006705523 1.140815594345331
v -0.9349999998509884 1.2500000006705523 1.13
v -0.9367130224406719 1.2500000006705523 1.1191844056546687
v -0.941684405580163 1.2500000006705523 1.1094275164604186
v -0.9494275164604187 1.2500000006705523 1.101684405580163
v -0.9591844056546688 1.2500000006705523 1.0967130224406718
v -0.97 1.2500000006705523 1.0949999998509883
v -0.9808155943453312 1.2500000006705523 1.0967130224406718
v -0.9905724835395813 1.2500000006705523 1.101684405580163
v -0.998315594419837 1.2500000006705523 1.1094275164604186
v -1.003286977559328 1.2500000006705523 1.1191844056546687
v -1.0050000001490116 1.2500000006705523 1.13
v -1.003286977559328 1.2500000006705523 1.140815594345331
v -0.998315594419837 1.2500000006705523 1.1505724835395812
v -0.9905724835395813 1.2500000006705523 1.158315594419837
v -0.9808155943453312 1.2500000006705523 1.163286977559328
v -0.97 1.2500000006705523 1.1650000001490115
v -0.97 1.3099999993294478 1.13
v -0.97 1.3099999993294478 1.13
v -0.97 1.3099999993294478 1.13
v -0.97 1.3099999993294478 1.13
v -0.97 1.3099999993294478 1.13
v -0.97 1.3099999993294478 1.13
v -0.97 1.3099999993294478 1.13
v -0.97 1.3099999993294478 1.13
v -0.97 1.3099999993294478 1.13
v -0.97 1.3099999993294478 1.13
v -0.97 1.3099999993294478 1.13
v -0.97 1.3099999993294478 1.13
v -0.97 1.3099999993294478 1.13
v -0.97 1.3099999993294478 1.13
v -0.97 1.3099999993294478 1.13
v -0.97 1.3099999993294478 1.13
v -0.97 1.3099999993294478 1.13
v -0.97 1.3099999993294478 1.13
v -0.97 1.3099999993294478 1.13
v -0.97 1.3099999993294478 1.13
v -0.97 1.3099999993294478 1.1479999992251395
v -0.9644376940838992 1.3099999993294478 1.1471190164983271
v -0.9594198654219508 1.3099999993294478 1.1445623059943317
v -0.9554376940056681 1.3099999993294478 1.140580134578049
v -0.9528809835016727 1.3099999993294478 1.1355623059161006
v -0.9520000007748604 1.3099999993294478 1.13
v -0.9528809835016727 1.3099999993294478 1.1244376940838992
v -0.9554376940056681 1.3099999993294478 1.1194198654219507
v -0.9594198654219508 1.3099999993294478 1.115437694005668
v -0.9644376940838992 1.3099999993294478 1.1128809835016726
v -0.97 1.3099999993294478 1.1120000007748603
v -0.9755623059161007 1.3099999993294478 1.1128809835016726
v -0.9805801345780492 1.3099999993294478 1.115437694005668
v -0.9845623059943318 1.3099999993294478 1.1194198654219507
v -0.9871190164983272 1.3099999993294478 1.1244376940838992
v -0.9879999992251396 1.3099999993294478 1.13
v -0.9871190164983272 1.3099999993294478 1.1355623059161006
v -0.9845623059943318 1.3099999993294478 1.140580134578049
v -0.9805801345780492 1.3099999993294478 1.1445623059943317
v -0.9755623059161007 1.3099999993294478 1.1471190164983271
v -0.97 1.3099999993294478 1.1479999992251395
v -0.97 1.2500000006705523 1.13
v -0.97 1.2500000006705523 1.13
v -0.97 1.2500000006705523 1.13
v -0.97 1.2500000006705523 1.13
v -0.97 1.2500000006705523 1.13
v -0.97 1.2500000006705523 1.13
v -0.97 1.2500000006705523 1.13
v -0.97 1.2500000006705523 1.13
v -0.97 1.2500000006705523 1.13
v -0.97 1.2500000006705523 1.13
v -0.97 1.2500000006705523 1.13
v -0.97 1.2500000006705523 1.13
v -0.97 1.2500000006705523 1.13
v -0.97 1.2500000006705523 1.13
v -0.97 1.2500000006705523 1.13
v -0.97 1.2500000006705523 1.13
v -0.97 1.2500000006705523 1.13
v -0.97 1.2500000006705523 1.13
v -0.97 1.2500000006705523 1.13
v -0.97 1.2500000006705523 1.13
v -0.97 1.2500000006705523 1.1650000001490115
v -0.9591844056546688 1.2500000006705523 1.163286977559328
v -0.9494275164604187 1.2500000006705523 1.158315594419837
v -0.941684405580163 1.2500000006705523 1.1505724835395812
v -0.9367130224406719 1.2500000006705523 1.140815594345331
v -0.9349999998509884 1.2500000006705523 1.13
v -0.9367130224406719 1.2500000006705523 1.1191844056546687
v -0.941684405580163 1.2500000006705523 1.1094275164604186
v -0.9494275164604187 1.2500000006705523 1.101684405580163
v -0.9591844056546688 1.2500000006705523 1.0967130224406718
v -0.97 1.2500000006705523 1.0949999998509883
v -0.9808155943453312 1.2500000006705523 1.0967130224406718
v -0.9905724835395813 1.2500000006705523 1.101684405580163
v -0.998315594419837 1.2500000006705523 1.1094275164604186
v -1.003286977559328 1.2500000006705523 1.1191844056546687
v -1.0050000001490116 1.2500000006705523 1.13
v -1.003286977559328 1.2500000006705523 1.140815594345331
v -0.998315594419837 1.2500000006705523 1.1505724835395812
v -0.9905724835395813 1.2500000006705523 1.158315594419837
v -0.9808155943453312 1.2500000006705523 1.163286977559328
v -0.97 1.2500000006705523 1.1650000001490115
vt 0 1
vt 0.05000000074505806 1
vt 0.10000000149011612 1
vt 0.15000000596046448 1
vt 0.20000000298023224 1
vt 0.25 1
vt 0.30000001192092896 1
vt 0.3499999940395355 1
vt 0.4000000059604645 1
vt 0.44999998807907104 1
vt 0.5 1
vt 0.550000011920929 1
vt 0.6000000238418579 1
vt 0.6499999761581421 1
vt 0.699999988079071 1
vt 0.75 1
vt 0.800000011920929 1
vt 0.8500000238418579 1
vt 0.8999999761581421 1
vt 0.949999988079071 1
vt 1 1
vt 0 0
vt 0.05000000074505806 0
vt 0.10000000149011612 0
vt 0.15000000596046448 0
vt 0.20000000298023224 0
vt 0.25 0
vt 0.30000001192092896 0
vt 0.3499999940395355 0
vt 0.4000000059604645 0
vt 0.44999998807907104 0
vt 0.5 0
vt 0.550000011920929 0
vt 0.6000000238418579 0
vt 0.6499999761581421 0
vt 0.699999988079071 0
vt 0.75 0
vt 0.800000011920929 0
vt 0.8500000238418579 0
vt 0.8999999761581421 0
vt 0.949999988079071 0
vt 1 0
vt 0.5 0.5
vt 0.5 0.5
vt 0.5 0.5
vt 0.5 0.5
vt 0.5 0.5
vt 0.5 0.5
vt 0.5 0.5
vt 0.5 0.5
vt 0.5 0.5
vt 0.5 0.5
vt 0.5 0.5
vt 0.5 0.5
vt 0.5 0.5
vt 0.5 0.5
vt 0.5 0.5
vt 0.5 0.5
vt 0.5 0.5
vt 0.5 0.5
vt 0.5 0.5
vt 0.5 0.5
vt 1 0.5
vt 0.9755282402038574 0.6545084714889526
vt 0.9045084714889526 0.7938926219940186
vt 0.7938926219940186 0.9045084714889526
vt 0.6545084714889526 0.9755282402038574
vt 0.5 1
vt 0.345491498708725 0.9755282402038574
vt 0.20610737800598145 0.9045084714889526
vt 0.09549150615930557 0.7938926219940186
vt 0.024471741169691086 0.6545084714889526
vt 0 0.5
vt 0.024471741169691086 0.345491498708725
vt 0.09549150615930557 0.20610737800598145
vt 0.20610737800598145 0.09549150615930557
vt 0.345491498708725 0.024471741169691086
vt 0.5 0
vt 0.6545084714889526 0.024471741169691086
vt 0.7938926219940186 0.09549150615930557
vt 0.9045084714889526 0.20610737800598145
vt 0.9755282402038574 0.345491498708725
vt 1 0.5
vt 0.5 0.5
vt 0.5 0.5
vt 0.5 0.5
vt 0.5 0.5
vt 0.5 0.5
vt 0.5 0.5
vt 0.5 0.5
vt 0.5 0.5
vt 0.5 0.5
vt 0.5 0.5
vt 0.5 0.5
vt 0.5 0.5
vt 0.5 0.5
vt 0.5 0.5
vt 0.5 0.5
vt 0.5 0.5
vt 0.5 0.5
vt 0.5 0.5
vt 0.5 0.5
vt 0.5 0.5
vt 1 0.5
vt 0.9755282402038574 0.345491498708725
vt 0.9045084714889526 0.20610737800598145
vt 0.7938926219940186 0.09549150615930557
vt 0.6545084714889526 0.024471741169691086
vt 0.5 0
vt 0.345491498708725 0.024471741169691086
vt 0.20610737800598145 0.09549150615930557
vt 0.09549150615930557 0.20610737800598145
vt 0.024471741169691086 0.345491498708725
vt 0 0.5
vt 0.024471741169691086 0.6545084714889526
vt 0.09549150615930557 0.7938926219940186
vt 0.20610737800598145 0.9045084714889526
vt 0.345491498708725 0.9755282402038574
vt 0.5 1
vt 0.6545084714889526 0.9755282402038574
vt 0.7938926219940186 0.9045084714889526
vt 0.9045084714889526 0.7938926219940186
vt 0.9755282402038574 0.6545084714889526
vt 1 0.5
vn 0 0.2726025577426135 0.9621267304841837
vn 0.2973135057627563 0.27260255299330527 0.9150368994705032
vn 0.5655239154632339 0.27260255477130396 0.7783768677005317
vn 0.7783768677005317 0.27260255477130396 0.5655239154632339
vn 0.9150368994705032 0.27260255299330527 0.2973135057627563
vn 0.9621267304841837 0.2726025577426135 5.891327221378108e-17
vn 0.9150368994705032 0.27260255299330527 -0.2973135057627563
vn 0.7783768677005317 0.27260255477130396 -0.5655239154632339
vn 0.5655239154632339 0.27260255477130396 -0.7783768677005317
vn 0.2973135057627563 0.27260255299330527 -0.9150368994705032
vn 1.1782654442756216e-16 0.2726025577426135 -0.9621267304841837
vn -0.2973135057627563 0.27260255299330527 -0.9150368994705032
vn -0.5655239154632339 0.27260255477130396 -0.7783768677005317
vn -0.7783768677005317 0.27260255477130396 -0.5655239154632339
vn -0.9150368994705032 0.27260255299330527 -0.2973135057627563
vn -0.9621267304841837 0.2726025577426135 -1.7673981664134324e-16
vn -0.9150368994705032 0.27260255299330527 0.2973135057627563
vn -0.7783768677005317 0.27260255477130396 0.5655239154632339
vn -0.5655239154632339 0.27260255477130396 0.7783768677005317
vn -0.2973135057627563 0.27260255299330527 0.9150368994705032
vn -2.356530888551243e-16 0.2726025577426135 0.9621267304841837
vn 0 0.2726025577426135 0.9621267304841837
vn 0.2973135057627563 0.27260255299330527 0.9150368994705032
vn 0.5655239154632339 0.27260255477130396 0.7783768677005317
vn 0.7783768677005317 0.27260255477130396 0.5655239154632339
vn 0.9150368994705032 0.27260255299330527 0.2973135057627563
vn 0.9621267304841837 0.2726025577426135 5.891327221378108e-17
vn 0.9150368994705032 0.27260255299330527 -0.2973135057627563
vn 0.7783768677005317 0.27260255477130396 -0.5655239154632339
vn 0.5655239154632339 0.27260255477130396 -0.7783768677005317
vn 0.2973135057627563 0.27260255299330527 -0.9150368994705032
vn 1.1782654442756216e-16 0.2726025577426135 -0.9621267304841837
vn -0.2973135057627563 0.27260255299330527 -0.9150368994705032
vn -0.5655239154632339 0.27260255477130396 -0.7783768677005317
vn -0.7783768677005317 0.27260255477130396 -0.5655239154632339
vn -0.9150368994705032 0.27260255299330527 -0.2973135057627563
vn -0.9621267304841837 0.2726025577426135 -1.7673981664134324e-16
vn -0.9150368994705032 0.27260255299330527 0.2973135057627563
vn -0.7783768677005317 0.27260255477130396 0.5655239154632339
vn -0.5655239154632339 0.27260255477130396 0.7783768677005317
vn -0.2973135057627563 0.27260255299330527 0.9150368994705032
vn -2.356530888551243e-16 0.2726025577426135 0.9621267304841837
vn 0 1 0
vn 0 1 0
vn 0 1 0
vn 0 1 0
vn 0 1 0
vn 0 1 0
vn 0 1 0
vn 0 1 0
vn 0 1 0
vn 0 1 0
vn 0 1 0
vn 0 1 0
vn 0 1 0
vn 0 1 0
vn 0 1 0
vn 0 1 0
vn 0 1 0
vn 0 1 0
vn 0 1 0
vn 0 1 0
vn 0 1 0
vn 0 1 0
vn 0 1 0
vn 0 1 0
vn 0 1 0
vn 0 1 0
vn 0 1 0
vn 0 1 0
vn 0 1 0
vn 0 1 0
vn 0 1 0
vn 0 1 0
vn 0 1 0
vn 0 1 0
vn 0 1 0
vn 0 1 0
vn 0 1 0
vn 0 1 0
vn 0 1 0
vn 0 1 0
vn 0 1 0
vn 0 -1 0
vn 0 -1 0
vn 0 -1 0
vn 0 -1 0
vn 0 -1 0
vn 0 -1 0
vn 0 -1 0
vn 0 -1 0
vn 0 -1 0
vn 0 -1 0
vn 0 -1 0
vn 0 -1 0
vn 0 -1 0
vn 0 -1 0
vn 0 -1 0
vn 0 -1 0
vn 0 -1 0
vn 0 -1 0
vn 0 -1 0
vn 0 -1 0
vn 0 -1 0
vn 0 -1 0
vn 0 -1 0
vn 0 -1 0
vn 0 -1 0
vn 0 -1 0
vn 0 -1 0
vn 0 -1 0
vn 0 -1 0
vn 0 -1 0
vn 0 -1 0
vn 0 -1 0
vn 0 -1 0
vn 0 -1 0
vn 0 -1 0
vn 0 -1 0
vn 0 -1 0
vn 0 -1 0
vn 0 -1 0
vn 0 -1 0
vn 0 -1 0
f 5645/5645/5645 5666/5666/5666 5646/5646/5646
f 5666/5666/5666 5667/5667/5667 5646/5646/5646
f 5646/5646/5646 5667/5667/5667 5647/5647/5647
f 5667/5667/5667 5668/5668/5668 5647/5647/5647
f 5647/5647/5647 5668/5668/5668 5648/5648/5648
f 5668/5668/5668 5669/5669/5669 5648/5648/5648
f 5648/5648/5648 5669/5669/5669 5649/5649/5649
f 5669/5669/5669 5670/5670/5670 5649/5649/5649
f 5649/5649/5649 5670/5670/5670 5650/5650/5650
f 5670/5670/5670 5671/5671/5671 5650/5650/5650
f 5650/5650/5650 5671/5671/5671 5651/5651/5651
f 5671/5671/5671 5672/5672/5672 5651/5651/5651
f 5651/5651/5651 5672/5672/5672 5652/5652/5652
f 5672/5672/5672 5673/5673/5673 5652/5652/5652
f 5652/5652/5652 5673/5673/5673 5653/5653/5653
f 5673/5673/5673 5674/5674/5674 5653/5653/5653
f 5653/5653/5653 5674/5674/5674 5654/5654/5654
f 5674/5674/5674 5675/5675/5675 5654/5654/5654
f 5654/5654/5654 5675/5675/5675 5655/5655/5655
f 5675/5675/5675 5676/5676/5676 5655/5655/5655
f 5655/5655/5655 5676/5676/5676 5656/5656/5656
f 5676/5676/5676 5677/5677/5677 5656/5656/5656
f 5656/5656/5656 5677/5677/5677 5657/5657/5657
f 5677/5677/5677 5678/5678/5678 5657/5657/5657
f 5657/5657/5657 5678/5678/5678 5658/5658/5658
f 5678/5678/5678 5679/5679/5679 5658/5658/5658
f 5658/5658/5658 5679/5679/5679 5659/5659/5659
f 5679/5679/5679 5680/5680/5680 5659/5659/5659
f 5659/5659/5659 5680/5680/5680 5660/5660/5660
f 5680/5680/5680 5681/5681/5681 5660/5660/5660
f 5660/5660/5660 5681/5681/5681 5661/5661/5661
f 5681/5681/5681 5682/5682/5682 5661/5661/5661
f 5661/5661/5661 5682/5682/5682 5662/5662/5662
f 5682/5682/5682 5683/5683/5683 5662/5662/5662
f 5662/5662/5662 5683/5683/5683 5663/5663/5663
f 5683/5683/5683 5684/5684/5684 5663/5663/5663
f 5663/5663/5663 5684/5684/5684 5664/5664/5664
f 5684/5684/5684 5685/5685/5685 5664/5664/5664
f 5664/5664/5664 5685/5685/5685 5665/5665/5665
f 5685/5685/5685 5686/5686/5686 5665/5665/5665
f 5707/5707/5707 5708/5708/5708 5687/5687/5687
f 5708/5708/5708 5709/5709/5709 5688/5688/5688
f 5709/5709/5709 5710/5710/5710 5689/5689/5689
f 5710/5710/5710 5711/5711/5711 5690/5690/5690
f 5711/5711/5711 5712/5712/5712 5691/5691/5691
f 5712/5712/5712 5713/5713/5713 5692/5692/5692
f 5713/5713/5713 5714/5714/5714 5693/5693/5693
f 5714/5714/5714 5715/5715/5715 5694/5694/5694
f 5715/5715/5715 5716/5716/5716 5695/5695/5695
f 5716/5716/5716 5717/5717/5717 5696/5696/5696
f 5717/5717/5717 5718/5718/5718 5697/5697/5697
f 5718/5718/5718 5719/5719/5719 5698/5698/5698
f 5719/5719/5719 5720/5720/5720 5699/5699/5699
f 5720/5720/5720 5721/5721/5721 5700/5700/5700
f 5721/5721/5721 5722/5722/5722 5701/5701/5701
f 5722/5722/5722 5723/5723/5723 5702/5702/5702
f 5723/5723/5723 5724/5724/5724 5703/5703/5703
f 5724/5724/5724 5725/5725/5725 5704/5704/5704
f 5725/5725/5725 5726/5726/5726 5705/5705/5705
f 5726/5726/5726 5727/5727/5727 5706/5706/5706
f 5749/5749/5749 5748/5748/5748 5728/5728/5728
f 5750/5750/5750 5749/5749/5749 5729/5729/5729
f 5751/5751/5751 5750/5750/5750 5730/5730/5730
f 5752/5752/5752 5751/5751/5751 5731/5731/5731
f 5753/5753/5753 5752/5752/5752 5732/5732/5732
f 5754/5754/5754 5753/5753/5753 5733/5733/5733
f 5755/5755/5755 5754/5754/5754 5734/5734/5734
f 5756/5756/5756 5755/5755/5755 5735/5735/5735
f 5757/5757/5757 5756/5756/5756 5736/5736/5736
f 5758/5758/5758 5757/5757/5757 5737/5737/5737
f 5759/5759/5759 5758/5758/5758 5738/5738/5738
f 5760/5760/5760 5759/5759/5759 5739/5739/5739
f 5761/5761/5761 5760/5760/5760 5740/5740/5740
f 5762/5762/5762 5761/5761/5761 5741/5741/5741
f 5763/5763/5763 5762/5762/5762 5742/5742/5742
f 5764/5764/5764 5763/5763/5763 5743/5743/5743
f 5765/5765/5765 5764/5764/5764 5744/5744/5744
f 5766/5766/5766 5765/5765/5765 5745/5745/5745
f 5767/5767/5767 5766/5766/5766 5746/5746/5746
f 5768/5768/5768 5767/5767/5767 5747/5747/5747
o bottle_b_neck
usemtl glass_green
v -0.97 1.3800000001490118 1.1470000009238719
v -0.9634943816624582 1.3800000001490118 1.1457059524208306
v -0.9579791848361492 1.3800000001490118 1.1420208151638507
v -0.9542940475791692 1.3800000001490118 1.1365056183375417
v -0.952999999076128 1.3800000001490118 1.13
v -0.9542940475791692 1.3800000001490118 1.123494381662458
v -0.9579791848361492 1.3800000001490118 1.117979184836149
v -0.9634943816624582 1.3800000001490118 1.1142940475791692
v -0.97 1.3800000001490118 1.112999999076128
v -0.9765056183375418 1.3800000001490118 1.1142940475791692
v -0.9820208151638508 1.3800000001490118 1.117979184836149
v -0.9857059524208307 1.3800000001490118 1.123494381662458
v -0.987000000923872 1.3800000001490118 1.13
v -0.9857059524208307 1.3800000001490118 1.1365056183375417
v -0.9820208151638508 1.3800000001490118 1.1420208151638507
v -0.9765056183375418 1.3800000001490118 1.1457059524208306
v -0.97 1.3800000001490118 1.1470000009238719
v -0.97 1.3099999998509886 1.1470000009238719
v -0.9634943816624582 1.3099999998509886 1.1457059524208306
v -0.9579791848361492 1.3099999998509886 1.1420208151638507
v -0.9542940475791692 1.3099999998509886 1.1365056183375417
v -0.952999999076128 1.3099999998509886 1.13
v -0.9542940475791692 1.3099999998509886 1.123494381662458
v -0.9579791848361492 1.3099999998509886 1.117979184836149
v -0.9634943816624582 1.3099999998509886 1.1142940475791692
v -0.97 1.3099999998509886 1.112999999076128
v -0.9765056183375418 1.3099999998509886 1.1142940475791692
v -0.9820208151638508 1.3099999998509886 1.117979184836149
v -0.9857059524208307 1.3099999998509886 1.123494381662458
v -0.987000000923872 1.3099999998509886 1.13
v -0.9857059524208307 1.3099999998509886 1.1365056183375417
v -0.9820208151638508 1.3099999998509886 1.1420208151638507
v -0.9765056183375418 1.3099999998509886 1.1457059524208306
v -0.97 1.3099999998509886 1.1470000009238719
v -0.97 1.3800000001490118 1.13
v -0.97 1.3800000001490118 1.13
v -0.97 1.3800000001490118 1.13
v -0.97 1.3800000001490118 1.13
v -0.97 1.3800000001490118 1.13
v -0.97 1.3800000001490118 1.13
v -0.97 1.3800000001490118 1.13
v -0.97 1.3800000001490118 1.13
v -0.97 1.3800000001490118 1.13
v -0.97 1.3800000001490118 1.13
v -0.97 1.3800000001490118 1.13
v -0.97 1.3800000001490118 1.13
v -0.97 1.3800000001490118 1.13
v -0.97 1.3800000001490118 1.13
v -0.97 1.3800000001490118 1.13
v -0.97 1.3800000001490118 1.13
v -0.97 1.3800000001490118 1.1470000009238719
v -0.9634943816624582 1.3800000001490118 1.1457059524208306
v -0.9579791848361492 1.3800000001490118 1.1420208151638507
v -0.9542940475791692 1.3800000001490118 1.1365056183375417
v -0.952999999076128 1.3800000001490118 1.13
v -0.9542940475791692 1.3800000001490118 1.123494381662458
v -0.9579791848361492 1.3800000001490118 1.117979184836149
v -0.9634943816624582 1.3800000001490118 1.1142940475791692
v -0.97 1.3800000001490118 1.112999999076128
v -0.9765056183375418 1.3800000001490118 1.1142940475791692
v -0.9820208151638508 1.3800000001490118 1.117979184836149
v -0.9857059524208307 1.3800000001490118 1.123494381662458
v -0.987000000923872 1.3800000001490118 1.13
v -0.9857059524208307 1.3800000001490118 1.1365056183375417
v -0.9820208151638508 1.3800000001490118 1.1420208151638507
v -0.9765056183375418 1.3800000001490118 1.1457059524208306
v -0.97 1.3800000001490118 1.1470000009238719
v -0.97 1.3099999998509886 1.13
v -0.97 1.3099999998509886 1.13
v -0.97 1.3099999998509886 1.13
v -0.97 1.3099999998509886 1.13
v -0.97 1.3099999998509886 1.13
v -0.97 1.3099999998509886 1.13
v -0.97 1.3099999998509886 1.13
v -0.97 1.3099999998509886 1.13
v -0.97 1.3099999998509886 1.13
v -0.97 1.3099999998509886 1.13
v -0.97 1.3099999998509886 1.13
v -0.97 1.3099999998509886 1.13
v -0.97 1.3099999998509886 1.13
v -0.97 1.3099999998509886 1.13
v -0.97 1.3099999998509886 1.13
v -0.97 1.3099999998509886 1.13
v -0.97 1.3099999998509886 1.1470000009238719
v -0.9634943816624582 1.3099999998509886 1.1457059524208306
v -0.9579791848361492 1.3099999998509886 1.1420208151638507
v -0.9542940475791692 1.3099999998509886 1.1365056183375417
v -0.952999999076128 1.3099999998509886 1.13
v -0.9542940475791692 1.3099999998509886 1.123494381662458
v -0.9579791848361492 1.3099999998509886 1.117979184836149
v -0.9634943816624582 1.3099999998509886 1.1142940475791692
v -0.97 1.3099999998509886 1.112999999076128
v -0.9765056183375418 1.3099999998509886 1.1142940475791692
v -0.9820208151638508 1.3099999998509886 1.117979184836149
v -0.9857059524208307 1.3099999998509886 1.123494381662458
v -0.987000000923872 1.3099999998509886 1.13
v -0.9857059524208307 1.3099999998509886 1.1365056183375417
v -0.9820208151638508 1.3099999998509886 1.1420208151638507
v -0.9765056183375418 1.3099999998509886 1.1457059524208306
v -0.97 1.3099999998509886 1.1470000009238719
vt 0 1
vt 0.0625 1
vt 0.125 1
vt 0.1875 1
vt 0.25 1
vt 0.3125 1
vt 0.375 1
vt 0.4375 1
vt 0.5 1
vt 0.5625 1
vt 0.625 1
vt 0.6875 1
vt 0.75 1
vt 0.8125 1
vt 0.875 1
vt 0.9375 1
vt 1 1
vt 0 0
vt 0.0625 0
vt 0.125 0
vt 0.1875 0
vt 0.25 0
vt 0.3125 0
vt 0.375 0
vt 0.4375 0
vt 0.5 0
vt 0.5625 0
vt 0.625 0
vt 0.6875 0
vt 0.75 0
vt 0.8125 0
vt 0.875 0
vt 0.9375 0
vt 1 0
vt 0.5 0.5
vt 0.5 0.5
vt 0.5 0.5
vt 0.5 0.5
vt 0.5 0.5
vt 0.5 0.5
vt 0.5 0.5
vt 0.5 0.5
vt 0.5 0.5
vt 0.5 0.5
vt 0.5 0.5
vt 0.5 0.5
vt 0.5 0.5
vt 0.5 0.5
vt 0.5 0.5
vt 0.5 0.5
vt 1 0.5
vt 0.9619397521018982 0.6913416981697083
vt 0.8535534143447876 0.8535534143447876
vt 0.6913416981697083 0.9619397521018982
vt 0.5 1
vt 0.30865827202796936 0.9619397521018982
vt 0.1464466154575348 0.8535534143447876
vt 0.03806023299694061 0.6913416981697083
vt 0 0.5
vt 0.03806023299694061 0.30865827202796936
vt 0.1464466154575348 0.1464466154575348
vt 0.30865827202796936 0.03806023299694061
vt 0.5 0
vt 0.6913416981697083 0.03806023299694061
vt 0.8535534143447876 0.1464466154575348
vt 0.9619397521018982 0.30865827202796936
vt 1 0.5
vt 0.5 0.5
vt 0.5 0.5
vt 0.5 0.5
vt 0.5 0.5
vt 0.5 0.5
vt 0.5 0.5
vt 0.5 0.5
vt 0.5 0.5
vt 0.5 0.5
vt 0.5 0.5
vt 0.5 0.5
vt 0.5 0.5
vt 0.5 0.5
vt 0.5 0.5
vt 0.5 0.5
vt 0.5 0.5
vt 1 0.5
vt 0.9619397521018982 0.30865827202796936
vt 0.8535534143447876 0.1464466154575348
vt 0.6913416981697083 0.03806023299694061
vt 0.5 0
vt 0.30865827202796936 0.03806023299694061
vt 0.1464466154575348 0.1464466154575348
vt 0.03806023299694061 0.30865827202796936
vt 0 0.5
vt 0.03806023299694061 0.6913416981697083
vt 0.1464466154575348 0.8535534143447876
vt 0.30865827202796936 0.9619397521018982
vt 0.5 1
vt 0.6913416981697083 0.9619397521018982
vt 0.8535534143447876 0.8535534143447876
vt 0.9619397521018982 0.6913416981697083
vt 1 0.5
vn 0 0 1
vn 0.3826834370613369 0 0.9238795305660377
vn 0.7071067811865476 0 0.7071067811865476
vn 0.9238795305660377 0 0.3826834370613369
vn 1 0 6.123234262925839e-17
vn 0.9238795305660377 0 -0.3826834370613369
vn 0.7071067811865476 0 -0.7071067811865476
vn 0.3826834370613369 0 -0.9238795305660377
vn 1.2246468525851679e-16 0 -1
vn -0.3826834370613369 0 -0.9238795305660377
vn -0.7071067811865476 0 -0.7071067811865476
vn -0.9238795305660377 0 -0.3826834370613369
vn -1 0 -1.8369701465288538e-16
vn -0.9238795305660377 0 0.3826834370613369
vn -0.7071067811865476 0 0.7071067811865476
vn -0.3826834370613369 0 0.9238795305660377
vn -2.4492937051703357e-16 0 1
vn 0 0 1
vn 0.3826834370613369 0 0.9238795305660377
vn 0.7071067811865476 0 0.7071067811865476
vn 0.9238795305660377 0 0.3826834370613369
vn 1 0 6.123234262925839e-17
vn 0.9238795305660377 0 -0.3826834370613369
vn 0.7071067811865476 0 -0.7071067811865476
vn 0.3826834370613369 0 -0.9238795305660377
vn 1.2246468525851679e-16 0 -1
vn -0.3826834370613369 0 -0.9238795305660377
vn -0.7071067811865476 0 -0.7071067811865476
vn -0.9238795305660377 0 -0.3826834370613369
vn -1 0 -1.8369701465288538e-16
vn -0.9238795305660377 0 0.3826834370613369
vn -0.7071067811865476 0 0.7071067811865476
vn -0.3826834370613369 0 0.9238795305660377
vn -2.4492937051703357e-16 0 1
vn 0 1 0
vn 0 1 0
vn 0 1 0
vn 0 1 0
vn 0 1 0
vn 0 1 0
vn 0 1 0
vn 0 1 0
vn 0 1 0
vn 0 1 0
vn 0 1 0
vn 0 1 0
vn 0 1 0
vn 0 1 0
vn 0 1 0
vn 0 1 0
vn 0 1 0
vn 0 1 0
vn 0 1 0
vn 0 1 0
vn 0 1 0
vn 0 1 0
vn 0 1 0
vn 0 1 0
vn 0 1 0
vn 0 1 0
vn 0 1 0
vn 0 1 0
vn 0 1 0
vn 0 1 0
vn 0 1 0
vn 0 1 0
vn 0 1 0
vn 0 -1 0
vn 0 -1 0
vn 0 -1 0
vn 0 -1 0
vn 0 -1 0
vn 0 -1 0
vn 0 -1 0
vn 0 -1 0
vn 0 -1 0
vn 0 -1 0
vn 0 -1 0
vn 0 -1 0
vn 0 -1 0
vn 0 -1 0
vn 0 -1 0
vn 0 -1 0
vn 0 -1 0
vn 0 -1 0
vn 0 -1 0
vn 0 -1 0
vn 0 -1 0
vn 0 -1 0
vn 0 -1 0
vn 0 -1 0
vn 0 -1 0
vn 0 -1 0
vn 0 -1 0
vn 0 -1 0
vn 0 -1 0
vn 0 -1 0
vn 0 -1 0
vn 0 -1 0
vn 0 -1 0
f 5769/5769/5769 5786/5786/5786 5770/5770/5770
f 5786/5786/5786 5787/5787/5787 5770/5770/5770
f 5770/5770/5770 5787/5787/5787 5771/5771/5771
f 5787/5787/5787 5788/5788/5788 5771/5771/5771
f 5771/5771/5771 5788/5788/5788 5772/5772/5772
f 5788/5788/5788 5789/5789/5789 5772/5772/5772
f 5772/5772/5772 5789/5789/5789 5773/5773/5773
f 5789/5789/5789 5790/5790/5790 5773/5773/5773
f 5773/5773/5773 5790/5790/5790 5774/5774/5774
f 5790/5790/5790 5791/5791/5791 5774/5774/5774
f 5774/5774/5774 5791/5791/5791 5775/5775/5775
f 5791/5791/5791 5792/5792/5792 5775/5775/5775
f 5775/5775/5775 5792/5792/5792 5776/5776/5776
f 5792/5792/5792 5793/5793/5793 5776/5776/5776
f 5776/5776/5776 5793/5793/5793 5777/5777/5777
f 5793/5793/5793 5794/5794/5794 5777/5777/5777
f 5777/5777/5777 5794/5794/5794 5778/5778/5778
f 5794/5794/5794 5795/5795/5795 5778/5778/5778
f 5778/5778/5778 5795/5795/5795 5779/5779/5779
f 5795/5795/5795 5796/5796/5796 5779/5779/5779
f 5779/5779/5779 5796/5796/5796 5780/5780/5780
f 5796/5796/5796 5797/5797/5797 5780/5780/5780
f 5780/5780/5780 5797/5797/5797 5781/5781/5781
f 5797/5797/5797 5798/5798/5798 5781/5781/5781
f 5781/5781/5781 5798/5798/5798 5782/5782/5782
f 5798/5798/5798 5799/5799/5799 5782/5782/5782
f 5782/5782/5782 5799/5799/5799 5783/5783/5783
f 5799/5799/5799 5800/5800/5800 5783/5783/5783
f 5783/5783/5783 5800/5800/5800 5784/5784/5784
f 5800/5800/5800 5801/5801/5801 5784/5784/5784
f 5784/5784/5784 5801/5801/5801 5785/5785/5785
f 5801/5801/5801 5802/5802/5802 5785/5785/5785
f 5819/5819/5819 5820/5820/5820 5803/5803/5803
f 5820/5820/5820 5821/5821/5821 5804/5804/5804
f 5821/5821/5821 5822/5822/5822 5805/5805/5805
f 5822/5822/5822 5823/5823/5823 5806/5806/5806
f 5823/5823/5823 5824/5824/5824 5807/5807/5807
f 5824/5824/5824 5825/5825/5825 5808/5808/5808
f 5825/5825/5825 5826/5826/5826 5809/5809/5809
f 5826/5826/5826 5827/5827/5827 5810/5810/5810
f 5827/5827/5827 5828/5828/5828 5811/5811/5811
f 5828/5828/5828 5829/5829/5829 5812/5812/5812
f 5829/5829/5829 5830/5830/5830 5813/5813/5813
f 5830/5830/5830 5831/5831/5831 5814/5814/5814
f 5831/5831/5831 5832/5832/5832 5815/5815/5815
f 5832/5832/5832 5833/5833/5833 5816/5816/5816
f 5833/5833/5833 5834/5834/5834 5817/5817/5817
f 5834/5834/5834 5835/5835/5835 5818/5818/5818
f 5853/5853/5853 5852/5852/5852 5836/5836/5836
f 5854/5854/5854 5853/5853/5853 5837/5837/5837
f 5855/5855/5855 5854/5854/5854 5838/5838/5838
f 5856/5856/5856 5855/5855/5855 5839/5839/5839
f 5857/5857/5857 5856/5856/5856 5840/5840/5840
f 5858/5858/5858 5857/5857/5857 5841/5841/5841
f 5859/5859/5859 5858/5858/5858 5842/5842/5842
f 5860/5860/5860 5859/5859/5859 5843/5843/5843
f 5861/5861/5861 5860/5860/5860 5844/5844/5844
f 5862/5862/5862 5861/5861/5861 5845/5845/5845
f 5863/5863/5863 5862/5862/5862 5846/5846/5846
f 5864/5864/5864 5863/5863/5863 5847/5847/5847
f 5865/5865/5865 5864/5864/5864 5848/5848/5848
f 5866/5866/5866 5865/5865/5865 5849/5849/5849
f 5867/5867/5867 5866/5866/5866 5850/5850/5850
f 5868/5868/5868 5867/5867/5867 5851/5851/5851
o bottle_b_cap
usemtl paint_red
v -0.97 1.3999999997764827 1.1509999997168778
v -0.961963648237288 1.3999999997764827 1.1494014701992272
v -0.9551507572457194 1.3999999997764827 1.1448492427542805
v -0.9505985298007726 1.3999999997764827 1.138036351762712
v -0.949000000283122 1.3999999997764827 1.13
v -0.9505985298007726 1.3999999997764827 1.121963648237288
v -0.9551507572457194 1.3999999997764827 1.1151507572457193
v -0.961963648237288 1.3999999997764827 1.1105985298007726
v -0.97 1.3999999997764827 1.109000000283122
v -0.978036351762712 1.3999999997764827 1.1105985298007726
v -0.9848492427542805 1.3999999997764827 1.1151507572457193
v -0.9894014701992273 1.3999999997764827 1.121963648237288
v -0.9909999997168779 1.3999999997764827 1.13
v -0.9894014701992273 1.3999999997764827 1.138036351762712
v -0.9848492427542805 1.3999999997764827 1.1448492427542805
v -0.978036351762712 1.3999999997764827 1.1494014701992272
v -0.97 1.3999999997764827 1.1509999997168778
v -0.97 1.3800000002235175 1.1509999997168778
v -0.961963648237288 1.3800000002235175 1.1494014701992272
v -0.9551507572457194 1.3800000002235175 1.1448492427542805
v -0.9505985298007726 1.3800000002235175 1.138036351762712
v -0.949000000283122 1.3800000002235175 1.13
v -0.9505985298007726 1.3800000002235175 1.121963648237288
v -0.9551507572457194 1.3800000002235175 1.1151507572457193
v -0.961963648237288 1.3800000002235175 1.1105985298007726
v -0.97 1.3800000002235175 1.109000000283122
v -0.978036351762712 1.3800000002235175 1.1105985298007726
v -0.9848492427542805 1.3800000002235175 1.1151507572457193
v -0.9894014701992273 1.3800000002235175 1.121963648237288
v -0.9909999997168779 1.3800000002235175 1.13
v -0.9894014701992273 1.3800000002235175 1.138036351762712
v -0.9848492427542805 1.3800000002235175 1.1448492427542805
v -0.978036351762712 1.3800000002235175 1.1494014701992272
v -0.97 1.3800000002235175 1.1509999997168778
v -0.97 1.3999999997764827 1.13
v -0.97 1.3999999997764827 1.13
v -0.97 1.3999999997764827 1.13
v -0.97 1.3999999997764827 1.13
v -0.97 1.3999999997764827 1.13
v -0.97 1.3999999997764827 1.13
v -0.97 1.3999999997764827 1.13
v -0.97 1.3999999997764827 1.13
v -0.97 1.3999999997764827 1.13
v -0.97 1.3999999997764827 1.13
v -0.97 1.3999999997764827 1.13
v -0.97 1.3999999997764827 1.13
v -0.97 1.3999999997764827 1.13
v -0.97 1.3999999997764827 1.13
v -0.97 1.3999999997764827 1.13
v -0.97 1.3999999997764827 1.13
v -0.97 1.3999999997764827 1.1509999997168778
v -0.961963648237288 1.3999999997764827 1.1494014701992272
v -0.9551507572457194 1.3999999997764827 1.1448492427542805
v -0.9505985298007726 1.3999999997764827 1.138036351762712
v -0.949000000283122 1.3999999997764827 1.13
v -0.9505985298007726 1.3999999997764827 1.121963648237288
v -0.9551507572457194 1.3999999997764827 1.1151507572457193
v -0.961963648237288 1.3999999997764827 1.1105985298007726
v -0.97 1.3999999997764827 1.109000000283122
v -0.978036351762712 1.3999999997764827 1.1105985298007726
v -0.9848492427542805 1.3999999997764827 1.1151507572457193
v -0.9894014701992273 1.3999999997764827 1.121963648237288
v -0.9909999997168779 1.3999999997764827 1.13
v -0.9894014701992273 1.3999999997764827 1.138036351762712
v -0.9848492427542805 1.3999999997764827 1.1448492427542805
v -0.978036351762712 1.3999999997764827 1.1494014701992272
v -0.97 1.3999999997764827 1.1509999997168778
v -0.97 1.3800000002235175 1.13
v -0.97 1.3800000002235175 1.13
v -0.97 1.3800000002235175 1.13
v -0.97 1.3800000002235175 1.13
v -0.97 1.3800000002235175 1.13
v -0.97 1.3800000002235175 1.13
v -0.97 1.3800000002235175 1.13
v -0.97 1.3800000002235175 1.13
v -0.97 1.3800000002235175 1.13
v -0.97 1.3800000002235175 1.13
v -0.97 1.3800000002235175 1.13
v -0.97 1.3800000002235175 1.13
v -0.97 1.3800000002235175 1.13
v -0.97 1.3800000002235175 1.13
v -0.97 1.3800000002235175 1.13
v -0.97 1.3800000002235175 1.13
v -0.97 1.3800000002235175 1.1509999997168778
v -0.961963648237288 1.3800000002235175 1.1494014701992272
v -0.9551507572457194 1.3800000002235175 1.1448492427542805
v -0.9505985298007726 1.3800000002235175 1.138036351762712
v -0.949000000283122 1.3800000002235175 1.13
v -0.9505985298007726 1.3800000002235175 1.121963648237288
v -0.9551507572457194 1.3800000002235175 1.1151507572457193
v -0.961963648237288 1.3800000002235175 1.1105985298007726
v -0.97 1.3800000002235175 1.109000000283122
v -0.978036351762712 1.3800000002235175 1.1105985298007726
v -0.9848492427542805 1.3800000002235175 1.1151507572457193
v -0.9894014701992273 1.3800000002235175 1.121963648237288
v -0.9909999997168779 1.3800000002235175 1.13
v -0.9894014701992273 1.3800000002235175 1.138036351762712
v -0.9848492427542805 1.3800000002235175 1.1448492427542805
v -0.978036351762712 1.3800000002235175 1.1494014701992272
v -0.97 1.3800000002235175 1.1509999997168778
vt 0 1
vt 0.0625 1
vt 0.125 1
vt 0.1875 1
vt 0.25 1
vt 0.3125 1
vt 0.375 1
vt 0.4375 1
vt 0.5 1
vt 0.5625 1
vt 0.625 1
vt 0.6875 1
vt 0.75 1
vt 0.8125 1
vt 0.875 1
vt 0.9375 1
vt 1 1
vt 0 0
vt 0.0625 0
vt 0.125 0
vt 0.1875 0
vt 0.25 0
vt 0.3125 0
vt 0.375 0
vt 0.4375 0
vt 0.5 0
vt 0.5625 0
vt 0.625 0
vt 0.6875 0
vt 0.75 0
vt 0.8125 0
vt 0.875 0
vt 0.9375 0
vt 1 0
vt 0.5 0.5
vt 0.5 0.5
vt 0.5 0.5
vt 0.5 0.5
vt 0.5 0.5
vt 0.5 0.5
vt 0.5 0.5
vt 0.5 0.5
vt 0.5 0.5
vt 0.5 0.5
vt 0.5 0.5
vt 0.5 0.5
vt 0.5 0.5
vt 0.5 0.5
vt 0.5 0.5
vt 0.5 0.5
vt 1 0.5
vt 0.9619397521018982 0.6913416981697083
vt 0.8535534143447876 0.8535534143447876
vt 0.6913416981697083 0.9619397521018982
vt 0.5 1
vt 0.30865827202796936 0.9619397521018982
vt 0.1464466154575348 0.8535534143447876
vt 0.03806023299694061 0.6913416981697083
vt 0 0.5
vt 0.03806023299694061 0.30865827202796936
vt 0.1464466154575348 0.1464466154575348
vt 0.30865827202796936 0.03806023299694061
vt 0.5 0
vt 0.6913416981697083 0.03806023299694061
vt 0.8535534143447876 0.1464466154575348
vt 0.9619397521018982 0.30865827202796936
vt 1 0.5
vt 0.5 0.5
vt 0.5 0.5
vt 0.5 0.5
vt 0.5 0.5
vt 0.5 0.5
vt 0.5 0.5
vt 0.5 0.5
vt 0.5 0.5
vt 0.5 0.5
vt 0.5 0.5
vt 0.5 0.5
vt 0.5 0.5
vt 0.5 0.5
vt 0.5 0.5
vt 0.5 0.5
vt 0.5 0.5
vt 1 0.5
vt 0.9619397521018982 0.30865827202796936
vt 0.8535534143447876 0.1464466154575348
vt 0.6913416981697083 0.03806023299694061
vt 0.5 0
vt 0.30865827202796936 0.03806023299694061
vt 0.1464466154575348 0.1464466154575348
vt 0.03806023299694061 0.30865827202796936
vt 0 0.5
vt 0.03806023299694061 0.6913416981697083
vt 0.1464466154575348 0.8535534143447876
vt 0.30865827202796936 0.9619397521018982
vt 0.5 1
vt 0.6913416981697083 0.9619397521018982
vt 0.8535534143447876 0.8535534143447876
vt 0.9619397521018982 0.6913416981697083
vt 1 0.5
vn 0 0 1
vn 0.3826834370613369 0 0.9238795305660377
vn 0.7071067811865476 0 0.7071067811865476
vn 0.9238795305660377 0 0.3826834370613369
vn 1 0 6.123234262925839e-17
vn 0.9238795305660377 0 -0.3826834370613369
vn 0.7071067811865476 0 -0.7071067811865476
vn 0.3826834370613369 0 -0.9238795305660377
vn 1.2246468525851679e-16 0 -1
vn -0.3826834370613369 0 -0.9238795305660377
vn -0.7071067811865476 0 -0.7071067811865476
vn -0.9238795305660377 0 -0.3826834370613369
vn -1 0 -1.8369701465288538e-16
vn -0.9238795305660377 0 0.3826834370613369
vn -0.7071067811865476 0 0.7071067811865476
vn -0.3826834370613369 0 0.9238795305660377
vn -2.4492937051703357e-16 0 1
vn 0 0 1
vn 0.3826834370613369 0 0.9238795305660377
vn 0.7071067811865476 0 0.7071067811865476
vn 0.9238795305660377 0 0.3826834370613369
vn 1 0 6.123234262925839e-17
vn 0.9238795305660377 0 -0.3826834370613369
vn 0.7071067811865476 0 -0.7071067811865476
vn 0.3826834370613369 0 -0.9238795305660377
vn 1.2246468525851679e-16 0 -1
vn -0.3826834370613369 0 -0.9238795305660377
vn -0.7071067811865476 0 -0.7071067811865476
vn -0.9238795305660377 0 -0.3826834370613369
vn -1 0 -1.8369701465288538e-16
vn -0.9238795305660377 0 0.3826834370613369
vn -0.7071067811865476 0 0.7071067811865476
vn -0.3826834370613369 0 0.9238795305660377
vn -2.4492937051703357e-16 0 1
vn 0 1 0
vn 0 1 0
vn 0 1 0
vn 0 1 0
vn 0 1 0
vn 0 1 0
vn 0 1 0
vn 0 1 0
vn 0 1 0
vn 0 1 0
vn 0 1 0
vn 0 1 0
vn 0 1 0
vn 0 1 0
vn 0 1 0
vn 0 1 0
vn 0 1 0
vn 0 1 0
vn 0 1 0
vn 0 1 0
vn 0 1 0
vn 0 1 0
vn 0 1 0
vn 0 1 0
vn 0 1 0
vn 0 1 0
vn 0 1 0
vn 0 1 0
vn 0 1 0
vn 0 1 0
vn 0 1 0
vn 0 1 0
vn 0 1 0
vn 0 -1 0
vn 0 -1 0
vn 0 -1 0
vn 0 -1 0
vn 0 -1 0
vn 0 -1 0
vn 0 -1 0
vn 0 -1 0
vn 0 -1 0
vn 0 -1 0
vn 0 -1 0
vn 0 -1 0
vn 0 -1 0
vn 0 -1 0
vn 0 -1 0
vn 0 -1 0
vn 0 -1 0
vn 0 -1 0
vn 0 -1 0
vn 0 -1 0
vn 0 -1 0
vn 0 -1 0
vn 0 -1 0
vn 0 -1 0
vn 0 -1 0
vn 0 -1 0
vn 0 -1 0
vn 0 -1 0
vn 0 -1 0
vn 0 -1 0
vn 0 -1 0
vn 0 -1 0
vn 0 -1 0
f 5869/5869/5869 5886/5886/5886 5870/5870/5870
f 5886/5886/5886 5887/5887/5887 5870/5870/5870
f 5870/5870/5870 5887/5887/5887 5871/5871/5871
f 5887/5887/5887 5888/5888/5888 5871/5871/5871
f 5871/5871/5871 5888/5888/5888 5872/5872/5872
f 5888/5888/5888 5889/5889/5889 5872/5872/5872
f 5872/5872/5872 5889/5889/5889 5873/5873/5873
f 5889/5889/5889 5890/5890/5890 5873/5873/5873
f 5873/5873/5873 5890/5890/5890 5874/5874/5874
f 5890/5890/5890 5891/5891/5891 5874/5874/5874
f 5874/5874/5874 5891/5891/5891 5875/5875/5875
f 5891/5891/5891 5892/5892/5892 5875/5875/5875
f 5875/5875/5875 5892/5892/5892 5876/5876/5876
f 5892/5892/5892 5893/5893/5893 5876/5876/5876
f 5876/5876/5876 5893/5893/5893 5877/5877/5877
f 5893/5893/5893 5894/5894/5894 5877/5877/5877
f 5877/5877/5877 5894/5894/5894 5878/5878/5878
f 5894/5894/5894 5895/5895/5895 5878/5878/5878
f 5878/5878/5878 5895/5895/5895 5879/5879/5879
f 5895/5895/5895 5896/5896/5896 5879/5879/5879
f 5879/5879/5879 5896/5896/5896 5880/5880/5880
f 5896/5896/5896 5897/5897/5897 5880/5880/5880
f 5880/5880/5880 5897/5897/5897 5881/5881/5881
f 5897/5897/5897 5898/5898/5898 5881/5881/5881
f 5881/5881/5881 5898/5898/5898 5882/5882/5882
f 5898/5898/5898 5899/5899/5899 5882/5882/5882
f 5882/5882/5882 5899/5899/5899 5883/5883/5883
f 5899/5899/5899 5900/5900/5900 5883/5883/5883
f 5883/5883/5883 5900/5900/5900 5884/5884/5884
f 5900/5900/5900 5901/5901/5901 5884/5884/5884
f 5884/5884/5884 5901/5901/5901 5885/5885/5885
f 5901/5901/5901 5902/5902/5902 5885/5885/5885
f 5919/5919/5919 5920/5920/5920 5903/5903/5903
f 5920/5920/5920 5921/5921/5921 5904/5904/5904
f 5921/5921/5921 5922/5922/5922 5905/5905/5905
f 5922/5922/5922 5923/5923/5923 5906/5906/5906
f 5923/5923/5923 5924/5924/5924 5907/5907/5907
f 5924/5924/5924 5925/5925/5925 5908/5908/5908
f 5925/5925/5925 5926/5926/5926 5909/5909/5909
f 5926/5926/5926 5927/5927/5927 5910/5910/5910
f 5927/5927/5927 5928/5928/5928 5911/5911/5911
f 5928/5928/5928 5929/5929/5929 5912/5912/5912
f 5929/5929/5929 5930/5930/5930 5913/5913/5913
f 5930/5930/5930 5931/5931/5931 5914/5914/5914
f 5931/5931/5931 5932/5932/5932 5915/5915/5915
f 5932/5932/5932 5933/5933/5933 5916/5916/5916
f 5933/5933/5933 5934/5934/5934 5917/5917/5917
f 5934/5934/5934 5935/5935/5935 5918/5918/5918
f 5953/5953/5953 5952/5952/5952 5936/5936/5936
f 5954/5954/5954 5953/5953/5953 5937/5937/5937
f 5955/5955/5955 5954/5954/5954 5938/5938/5938
f 5956/5956/5956 5955/5955/5955 5939/5939/5939
f 5957/5957/5957 5956/5956/5956 5940/5940/5940
f 5958/5958/5958 5957/5957/5957 5941/5941/5941
f 5959/5959/5959 5958/5958/5958 5942/5942/5942
f 5960/5960/5960 5959/5959/5959 5943/5943/5943
f 5961/5961/5961 5960/5960/5960 5944/5944/5944
f 5962/5962/5962 5961/5961/5961 5945/5945/5945
f 5963/5963/5963 5962/5962/5962 5946/5946/5946
f 5964/5964/5964 5963/5963/5963 5947/5947/5947
f 5965/5965/5965 5964/5964/5964 5948/5948/5948
f 5966/5966/5966 5965/5965/5965 5949/5949/5949
f 5967/5967/5967 5966/5966/5966 5950/5950/5950
f 5968/5968/5968 5967/5967/5967 5951/5951/5951
o bottle_c_body
usemtl glass_green
v 0.3 1.2499999982118608 1.2750000001490116
v 0.3108155943453312 1.2499999982118608 1.273286977559328
v 0.3205724835395813 1.2499999982118608 1.268315594419837
v 0.328315594419837 1.2499999982118608 1.2605724835395813
v 0.33328697755932807 1.2499999982118608 1.2508155943453312
v 0.3350000001490116 1.2499999982118608 1.24
v 0.33328697755932807 1.2499999982118608 1.2291844056546688
v 0.328315594419837 1.2499999982118608 1.2194275164604187
v 0.3205724835395813 1.2499999982118608 1.211684405580163
v 0.3108155943453312 1.2499999982118608 1.206713022440672
v 0.3 1.2499999982118608 1.2049999998509884
v 0.2891844056546688 1.2499999982118608 1.206713022440672
v 0.2794275164604187 1.2499999982118608 1.211684405580163
v 0.271684405580163 1.2499999982118608 1.2194275164604187
v 0.2667130224406719 1.2499999982118608 1.2291844056546688
v 0.2649999998509884 1.2499999982118608 1.24
v 0.2667130224406719 1.2499999982118608 1.2508155943453312
v 0.271684405580163 1.2499999982118608 1.2605724835395813
v 0.2794275164604187 1.2499999982118608 1.268315594419837
v 0.2891844056546688 1.2499999982118608 1.273286977559328
v 0.3 1.2499999982118608 1.2750000001490116
v 0.3 1.0900000017881395 1.2750000001490116
v 0.3108155943453312 1.0900000017881395 1.273286977559328
v 0.3205724835395813 1.0900000017881395 1.268315594419837
v 0.328315594419837 1.0900000017881395 1.2605724835395813
v 0.33328697755932807 1.0900000017881395 1.2508155943453312
v 0.3350000001490116 1.0900000017881395 1.24
v 0.33328697755932807 1.0900000017881395 1.2291844056546688
v 0.328315594419837 1.0900000017881395 1.2194275164604187
v 0.3205724835395813 1.0900000017881395 1.211684405580163
v 0.3108155943453312 1.0900000017881395 1.206713022440672
v 0.3 1.0900000017881395 1.2049999998509884
v 0.2891844056546688 1.0900000017881395 1.206713022440672
v 0.2794275164604187 1.0900000017881395 1.211684405580163
v 0.271684405580163 1.0900000017881395 1.2194275164604187
v 0.2667130224406719 1.0900000017881395 1.2291844056546688
v 0.2649999998509884 1.0900000017881395 1.24
v 0.2667130224406719 1.0900000017881395 1.2508155943453312
v 0.271684405580163 1.0900000017881395 1.2605724835395813
v 0.2794275164604187 1.0900000017881395 1.268315594419837
v 0.2891844056546688 1.0900000017881395 1.273286977559328
v 0.3 1.0900000017881395 1.2750000001490116
v 0.3 1.2499999982118608 1.24
v 0.3 1.2499999982118608 1.24
v 0.3 1.2499999982118608 1.24
v 0.3 1.2499999982118608 1.24
v 0.3 1.2499999982118608 1.24
v 0.3 1.2499999982118608 1.24
v 0.3 1.2499999982118608 1.24
v 0.3 1.2499999982118608 1.24
v 0.3 1.2499999982118608 1.24
v 0.3 1.2499999982118608 1.24
v 0.3 1.2499999982118608 1.24
v 0.3 1.2499999982118608 1.24
v 0.3 1.2499999982118608 1.24
v 0.3 1.2499999982118608 1.24
v 0.3 1.2499999982118608 1.24
v 0.3 1.2499999982118608 1.24
v 0.3 1.2499999982118608 1.24
v 0.3 1.2499999982118608 1.24
v 0.3 1.2499999982118608 1.24
v 0.3 1.2499999982118608 1.24
v 0.3 1.2499999982118608 1.2750000001490116
v 0.3108155943453312 1.2499999982118608 1.273286977559328
v 0.3205724835395813 1.2499999982118608 1.268315594419837
v 0.328315594419837 1.2499999982118608 1.2605724835395813
v 0.33328697755932807 1.2499999982118608 1.2508155943453312
v 0.3350000001490116 1.2499999982118608 1.24
v 0.33328697755932807 1.2499999982118608 1.2291844056546688
v 0.328315594419837 1.2499999982118608 1.2194275164604187
v 0.3205724835395813 1.2499999982118608 1.211684405580163
v 0.3108155943453312 1.2499999982118608 1.206713022440672
v 0.3 1.2499999982118608 1.2049999998509884
v 0.2891844056546688 1.2499999982118608 1.206713022440672
v 0.2794275164604187 1.2499999982118608 1.211684405580163
v 0.271684405580163 1.2499999982118608 1.2194275164604187
v 0.2667130224406719 1.2499999982118608 1.2291844056546688
v 0.2649999998509884 1.2499999982118608 1.24
v 0.2667130224406719 1.2499999982118608 1.2508155943453312
v 0.271684405580163 1.2499999982118608 1.2605724835395813
v 0.2794275164604187 1.2499999982118608 1.268315594419837
v 0.2891844056546688 1.2499999982118608 1.273286977559328
v 0.3 1.2499999982118608 1.2750000001490116
v 0.3 1.0900000017881395 1.24
v 0.3 1.0900000017881395 1.24
v 0.3 1.0900000017881395 1.24
v 0.3 1.0900000017881395 1.24
v 0.3 1.0900000017881395 1.24
v 0.3 1.0900000017881395 1.24
v 0.3 1.0900000017881395 1.24
v 0.3 1.0900000017881395 1.24
v 0.3 1.0900000017881395 1.24
v 0.3 1.0900000017881395 1.24
v 0.3 1.0900000017881395 1.24
v 0.3 1.0900000017881395 1.24
v 0.3 1.0900000017881395 1.24
v 0.3 1.0900000017881395 1.24
v 0.3 1.0900000017881395 1.24
v 0.3 1.0900000017881395 1.24
v 0.3 1.0900000017881395 1.24
v 0.3 1.0900000017881395 1.24
v 0.3 1.0900000017881395 1.24
v 0.3 1.0900000017881395 1.24
v 0.3 1.0900000017881395 1.2750000001490116
v 0.3108155943453312 1.0900000017881395 1.273286977559328
v 0.3205724835395813 1.0900000017881395 1.268315594419837
v 0.328315594419837 1.0900000017881395 1.2605724835395813
v 0.33328697755932807 1.0900000017881395 1.2508155943453312
v 0.3350000001490116 1.0900000017881395 1.24
v 0.33328697755932807 1.0900000017881395 1.2291844056546688
v 0.328315594419837 1.0900000017881395 1.2194275164604187
v 0.3205724835395813 1.0900000017881395 1.211684405580163
v 0.3108155943453312 1.0900000017881395 1.206713022440672
v 0.3 1.0900000017881395 1.2049999998509884
v 0.2891844056546688 1.0900000017881395 1.206713022440672
v 0.2794275164604187 1.0900000017881395 1.211684405580163
v 0.271684405580163 1.0900000017881395 1.2194275164604187
v 0.2667130224406719 1.0900000017881395 1.2291844056546688
v 0.2649999998509884 1.0900000017881395 1.24
v 0.2667130224406719 1.0900000017881395 1.2508155943453312
v 0.271684405580163 1.0900000017881395 1.2605724835395813
v 0.2794275164604187 1.0900000017881395 1.268315594419837
v 0.2891844056546688 1.0900000017881395 1.273286977559328
v 0.3 1.0900000017881395 1.2750000001490116
vt 0 1
vt 0.05000000074505806 1
vt 0.10000000149011612 1
vt 0.15000000596046448 1
vt 0.20000000298023224 1
vt 0.25 1
vt 0.30000001192092896 1
vt 0.3499999940395355 1
vt 0.4000000059604645 1
vt 0.44999998807907104 1
vt 0.5 1
vt 0.550000011920929 1
vt 0.6000000238418579 1
vt 0.6499999761581421 1
vt 0.699999988079071 1
vt 0.75 1
vt 0.800000011920929 1
vt 0.8500000238418579 1
vt 0.8999999761581421 1
vt 0.949999988079071 1
vt 1 1
vt 0 0
vt 0.05000000074505806 0
vt 0.10000000149011612 0
vt 0.15000000596046448 0
vt 0.20000000298023224 0
vt 0.25 0
vt 0.30000001192092896 0
vt 0.3499999940395355 0
vt 0.4000000059604645 0
vt 0.44999998807907104 0
vt 0.5 0
vt 0.550000011920929 0
vt 0.6000000238418579 0
vt 0.6499999761581421 0
vt 0.699999988079071 0
vt 0.75 0
vt 0.800000011920929 0
vt 0.8500000238418579 0
vt 0.8999999761581421 0
vt 0.949999988079071 0
vt 1 0
vt 0.5 0.5
vt 0.5 0.5
vt 0.5 0.5
vt 0.5 0.5
vt 0.5 0.5
vt 0.5 0.5
vt 0.5 0.5
vt 0.5 0.5
vt 0.5 0.5
vt 0.5 0.5
vt 0.5 0.5
vt 0.5 0.5
vt 0.5 0.5
vt 0.5 0.5
vt 0.5 0.5
vt 0.5 0.5
vt 0.5 0.5
vt 0.5 0.5
vt 0.5 0.5
vt 0.5 0.5
vt 1 0.5
vt 0.9755282402038574 0.6545084714889526
vt 0.9045084714889526 0.7938926219940186
vt 0.7938926219940186 0.9045084714889526
vt 0.6545084714889526 0.9755282402038574
vt 0.5 1
vt 0.345491498708725 0.9755282402038574
vt 0.20610737800598145 0.9045084714889526
vt 0.09549150615930557 0.7938926219940186
vt 0.024471741169691086 0.6545084714889526
vt 0 0.5
vt 0.024471741169691086 0.345491498708725
vt 0.09549150615930557 0.20610737800598145
vt 0.20610737800598145 0.09549150615930557
vt 0.345491498708725 0.024471741169691086
vt 0.5 0
vt 0.6545084714889526 0.024471741169691086
vt 0.7938926219940186 0.09549150615930557
vt 0.9045084714889526 0.20610737800598145
vt 0.9755282402038574 0.345491498708725
vt 1 0.5
vt 0.5 0.5
vt 0.5 0.5
vt 0.5 0.5
vt 0.5 0.5
vt 0.5 0.5
vt 0.5 0.5
vt 0.5 0.5
vt 0.5 0.5
vt 0.5 0.5
vt 0.5 0.5
vt 0.5 0.5
vt 0.5 0.5
vt 0.5 0.5
vt 0.5 0.5
vt 0.5 0.5
vt 0.5 0.5
vt 0.5 0.5
vt 0.5 0.5
vt 0.5 0.5
vt 0.5 0.5
vt 1 0.5
vt 0.9755282402038574 0.345491498708725
vt 0.9045084714889526 0.20610737800598145
vt 0.7938926219940186 0.09549150615930557
vt 0.6545084714889526 0.024471741169691086
vt 0.5 0
vt 0.345491498708725 0.024471741169691086
vt 0.20610737800598145 0.09549150615930557
vt 0.09549150615930557 0.20610737800598145
vt 0.024471741169691086 0.345491498708725
vt 0 0.5
vt 0.024471741169691086 0.6545084714889526
vt 0.09549150615930557 0.7938926219940186
vt 0.20610737800598145 0.9045084714889526
vt 0.345491498708725 0.9755282402038574
vt 0.5 1
vt 0.6545084714889526 0.9755282402038574
vt 0.7938926219940186 0.9045084714889526
vt 0.9045084714889526 0.7938926219940186
vt 0.9755282402038574 0.6545084714889526
vt 1 0.5
vn 0 0 1
vn 0.3090169948284817 0 0.9510565161477913
vn 0.5877852429542022 0 0.8090170011595983
vn 0.8090170011595983 0 0.5877852429542022
vn 0.9510565161477913 0 0.3090169948284817
vn 1 0 6.123234262925839e-17
vn 0.9510565161477913 0 -0.3090169948284817
vn 0.8090170011595983 0 -0.5877852429542022
vn 0.5877852429542022 0 -0.8090170011595983
vn 0.3090169948284817 0 -0.9510565161477913
vn 1.2246468525851679e-16 0 -1
vn -0.3090169948284817 0 -0.9510565161477913
vn -0.5877852429542022 0 -0.8090170011595983
vn -0.8090170011595983 0 -0.5877852429542022
vn -0.9510565161477913 0 -0.3090169948284817
vn -1 0 -1.8369701465288538e-16
vn -0.9510565161477913 0 0.3090169948284817
vn -0.8090170011595983 0 0.5877852429542022
vn -0.5877852429542022 0 0.8090170011595983
vn -0.3090169948284817 0 0.9510565161477913
vn -2.4492937051703357e-16 0 1
vn 0 0 1
vn 0.3090169948284817 0 0.9510565161477913
vn 0.5877852429542022 0 0.8090170011595983
vn 0.8090170011595983 0 0.5877852429542022
vn 0.9510565161477913 0 0.3090169948284817
vn 1 0 6.123234262925839e-17
vn 0.9510565161477913 0 -0.3090169948284817
vn 0.8090170011595983 0 -0.5877852429542022
vn 0.5877852429542022 0 -0.8090170011595983
vn 0.3090169948284817 0 -0.9510565161477913
vn 1.2246468525851679e-16 0 -1
vn -0.3090169948284817 0 -0.9510565161477913
vn -0.5877852429542022 0 -0.8090170011595983
vn -0.8090170011595983 0 -0.5877852429542022
vn -0.9510565161477913 0 -0.3090169948284817
vn -1 0 -1.8369701465288538e-16
vn -0.9510565161477913 0 0.3090169948284817
vn -0.8090170011595983 0 0.5877852429542022
vn -0.5877852429542022 0 0.8090170011595983
vn -0.3090169948284817 0 0.9510565161477913
vn -2.4492937051703357e-16 0 1
vn 0 1 0
vn 0 1 0
vn 0 1 0
vn 0 1 0
vn 0 1 0
vn 0 1 0
vn 0 1 0
vn 0 1 0
vn 0 1 0
vn 0 1 0
vn 0 1 0
vn 0 1 0
vn 0 1 0
vn 0 1 0
vn 0 1 0
vn 0 1 0
vn 0 1 0
vn 0 1 0
vn 0 1 0
vn 0 1 0
vn 0 1 0
vn 0 1 0
vn 0 1 0
vn 0 1 0
vn 0 1 0
vn 0 1 0
vn 0 1 0
vn 0 1 0
vn 0 1 0
vn 0 1 0
vn 0 1 0
vn 0 1 0
vn 0 1 0
vn 0 1 0
vn 0 1 0
vn 0 1 0
vn 0 1 0
vn 0 1 0
vn 0 1 0
vn 0 1 0
vn 0 1 0
vn 0 -1 0
vn 0 -1 0
vn 0 -1 0
vn 0 -1 0
vn 0 -1 0
vn 0 -1 0
vn 0 -1 0
vn 0 -1 0
vn 0 -1 0
vn 0 -1 0
vn 0 -1 0
vn 0 -1 0
vn 0 -1 0
vn 0 -1 0
vn 0 -1 0
vn 0 -1 0
vn 0 -1 0
vn 0 -1 0
vn 0 -1 0
vn 0 -1 0
vn 0 -1 0
vn 0 -1 0
vn 0 -1 0
vn 0 -1 0
vn 0 -1 0
vn 0 -1 0
vn 0 -1 0
vn 0 -1 0
vn 0 -1 0
vn 0 -1 0
vn 0 -1 0
vn 0 -1 0
vn 0 -1 0
vn 0 -1 0
vn 0 -1 0
vn 0 -1 0
vn 0 -1 0
vn 0 -1 0
vn 0 -1 0
vn 0 -1 0
vn 0 -1 0
f 5969/5969/5969 5990/5990/5990 5970/5970/5970
f 5990/5990/5990 5991/5991/5991 5970/5970/5970
f 5970/5970/5970 5991/5991/5991 5971/5971/5971
f 5991/5991/5991 5992/5992/5992 5971/5971/5971
f 5971/5971/5971 5992/5992/5992 5972/5972/5972
f 5992/5992/5992 5993/5993/5993 5972/5972/5972
f 5972/5972/5972 5993/5993/5993 5973/5973/5973
f 5993/5993/5993 5994/5994/5994 5973/5973/5973
f 5973/5973/5973 5994/5994/5994 5974/5974/5974
f 5994/5994/5994 5995/5995/5995 5974/5974/5974
f 5974/5974/5974 5995/5995/5995 5975/5975/5975
f 5995/5995/5995 5996/5996/5996 5975/5975/5975
f 5975/5975/5975 5996/5996/5996 5976/5976/5976
f 5996/5996/5996 5997/5997/5997 5976/5976/5976
f 5976/5976/5976 5997/5997/5997 5977/5977/5977
f 5997/5997/5997 5998/5998/5998 5977/5977/5977
f 5977/5977/5977 5998/5998/5998 5978/5978/5978
f 5998/5998/5998 5999/5999/5999 5978/5978/5978
f 5978/5978/5978 5999/5999/5999 5979/5979/5979
f 5999/5999/5999 6000/6000/6000 5979/5979/5979
f 5979/5979/5979 6000/6000/6000 5980/5980/5980
f 6000/6000/6000 6001/6001/6001 5980/5980/5980
f 5980/5980/5980 6001/6001/6001 5981/5981/5981
f 6001/6001/6001 6002/6002/6002 5981/5981/5981
f 5981/5981/5981 6002/6002/6002 5982/5982/5982
f 6002/6002/6002 6003/6003/6003 5982/5982/5982
f 5982/5982/5982 6003/6003/6003 5983/5983/5983
f 6003/6003/6003 6004/6004/6004 5983/5983/5983
f 5983/5983/5983 6004/6004/6004 5984/5984/5984
f 6004/6004/6004 6005/6005/6005 5984/5984/5984
f 5984/5984/5984 6005/6005/6005 5985/5985/5985
f 6005/6005/6005 6006/6006/6006 5985/5985/5985
f 5985/5985/5985 6006/6006/6006 5986/5986/5986
f 6006/6006/6006 6007/6007/6007 5986/5986/5986
f 5986/5986/5986 6007/6007/6007 5987/5987/5987
f 6007/6007/6007 6008/6008/6008 5987/5987/5987
f 5987/5987/5987 6008/6008/6008 5988/5988/5988
f 6008/6008/6008 6009/6009/6009 5988/5988/5988
f 5988/5988/5988 6009/6009/6009 5989/5989/5989
f 6009/6009/6009 6010/6010/6010 5989/5989/5989
f 6031/6031/6031 6032/6032/6032 6011/6011/6011
f 6032/6032/6032 6033/6033/6033 6012/6012/6012
f 6033/6033/6033 6034/6034/6034 6013/6013/6013
f 6034/6034/6034 6035/6035/6035 6014/6014/6014
f 6035/6035/6035 6036/6036/6036 6015/6015/6015
f 6036/6036/6036 6037/6037/6037 6016/6016/6016
f 6037/6037/6037 6038/6038/6038 6017/6017/6017
f 6038/6038/6038 6039/6039/6039 6018/6018/6018
f 6039/6039/6039 6040/6040/6040 6019/6019/6019
f 6040/6040/6040 6041/6041/6041 6020/6020/6020
f 6041/6041/6041 6042/6042/6042 6021/6021/6021
f 6042/6042/6042 6043/6043/6043 6022/6022/6022
f 6043/6043/6043 6044/6044/6044 6023/6023/6023
f 6044/6044/6044 6045/6045/6045 6024/6024/6024
f 6045/6045/6045 6046/6046/6046 6025/6025/6025
f 6046/6046/6046 6047/6047/6047 6026/6026/6026
f 6047/6047/6047 6048/6048/6048 6027/6027/6027
f 6048/6048/6048 6049/6049/6049 6028/6028/6028
f 6049/6049/6049 6050/6050/6050 6029/6029/6029
f 6050/6050/6050 6051/6051/6051 6030/6030/6030
f 6073/6073/6073 6072/6072/6072 6052/6052/6052
f 6074/6074/6074 6073/6073/6073 6053/6053/6053
f 6075/6075/6075 6074/6074/6074 6054/6054/6054
f 6076/6076/6076 6075/6075/6075 6055/6055/6055
f 6077/6077/6077 6076/6076/6076 6056/6056/6056
f 6078/6078/6078 6077/6077/6077 6057/6057/6057
f 6079/6079/6079 6078/6078/6078 6058/6058/6058
f 6080/6080/6080 6079/6079/6079 6059/6059/6059
f 6081/6081/6081 6080/6080/6080 6060/6060/6060
f 6082/6082/6082 6081/6081/6081 6061/6061/6061
f 6083/6083/6083 6082/6082/6082 6062/6062/6062
f 6084/6084/6084 6083/6083/6083 6063/6063/6063
f 6085/6085/6085 6084/6084/6084 6064/6064/6064
f 6086/6086/6086 6085/6085/6085 6065/6065/6065
f 6087/6087/6087 6086/6086/6086 6066/6066/6066
f 6088/6088/6088 6087/6087/6087 6067/6067/6067
f 6089/6089/6089 6088/6088/6088 6068/6068/6068
f 6090/6090/6090 6089/6089/6089 6069/6069/6069
f 6091/6091/6091 6090/6090/6090 6070/6070/6070
f 6092/6092/6092 6091/6091/6091 6071/6071/6071
o bottle_c_shoulder
usemtl glass_green
v 0.3 1.3099999993294478 1.2579999992251396
v 0.30556230591610073 1.3099999993294478 1.2571190164983272
v 0.31058013457804917 1.3099999993294478 1.2545623059943318
v 0.3145623059943318 1.3099999993294478 1.2505801345780492
v 0.31711901649832724 1.3099999993294478 1.2455623059161007
v 0.3179999992251396 1.3099999993294478 1.24
v 0.31711901649832724 1.3099999993294478 1.2344376940838993
v 0.3145623059943318 1.3099999993294478 1.2294198654219508
v 0.31058013457804917 1.3099999993294478 1.2254376940056682
v 0.30556230591610073 1.3099999993294478 1.2228809835016727
v 0.3 1.3099999993294478 1.2220000007748604
v 0.29443769408389925 1.3099999993294478 1.2228809835016727
v 0.2894198654219508 1.3099999993294478 1.2254376940056682
v 0.28543769400566815 1.3099999993294478 1.2294198654219508
v 0.28288098350167273 1.3099999993294478 1.2344376940838993
v 0.28200000077486037 1.3099999993294478 1.24
v 0.28288098350167273 1.3099999993294478 1.2455623059161007
v 0.28543769400566815 1.3099999993294478 1.2505801345780492
v 0.2894198654219508 1.3099999993294478 1.2545623059943318
v 0.29443769408389925 1.3099999993294478 1.2571190164983272
v 0.3 1.3099999993294478 1.2579999992251396
v 0.3 1.2500000006705523 1.2750000001490116
v 0.3108155943453312 1.2500000006705523 1.273286977559328
v 0.3205724835395813 1.2500000006705523 1.268315594419837
v 0.328315594419837 1.2500000006705523 1.2605724835395813
v 0.33328697755932807 1.2500000006705523 1.2508155943453312
v 0.3350000001490116 1.2500000006705523 1.24
v 0.33328697755932807 1.2500000006705523 1.2291844056546688
v 0.328315594419837 1.2500000006705523 1.2194275164604187
v 0.3205724835395813 1.2500000006705523 1.211684405580163
v 0.3108155943453312 1.2500000006705523 1.206713022440672
v 0.3 1.2500000006705523 1.2049999998509884
v 0.2891844056546688 1.2500000006705523 1.206713022440672
v 0.2794275164604187 1.2500000006705523 1.211684405580163
v 0.271684405580163 1.2500000006705523 1.2194275164604187
v 0.2667130224406719 1.2500000006705523 1.2291844056546688
v 0.2649999998509884 1.2500000006705523 1.24
v 0.2667130224406719 1.2500000006705523 1.2508155943453312
v 0.271684405580163 1.2500000006705523 1.2605724835395813
v 0.2794275164604187 1.2500000006705523 1.268315594419837
v 0.2891844056546688 1.2500000006705523 1.273286977559328
v 0.3 1.2500000006705523 1.2750000001490116
v 0.3 1.3099999993294478 1.24
v 0.3 1.3099999993294478 1.24
v 0.3 1.3099999993294478 1.24
v 0.3 1.3099999993294478 1.24
v 0.3 1.3099999993294478 1.24
v 0.3 1.3099999993294478 1.24
v 0.3 1.3099999993294478 1.24
v 0.3 1.3099999993294478 1.24
v 0.3 1.3099999993294478 1.24
v 0.3 1.3099999993294478 1.24
v 0.3 1.3099999993294478 1.24
v 0.3 1.3099999993294478 1.24
v 0.3 1.3099999993294478 1.24
v 0.3 1.3099999993294478 1.24
v 0.3 1.3099999993294478 1.24
v 0.3 1.3099999993294478 1.24
v 0.3 1.3099999993294478 1.24
v 0.3 1.3099999993294478 1.24
v 0.3 1.3099999993294478 1.24
v 0.3 1.3099999993294478 1.24
v 0.3 1.3099999993294478 1.2579999992251396
v 0.30556230591610073 1.3099999993294478 1.2571190164983272
v 0.31058013457804917 1.3099999993294478 1.2545623059943318
v 0.3145623059943318 1.3099999993294478 1.2505801345780492
v 0.31711901649832724 1.3099999993294478 1.2455623059161007
v 0.3179999992251396 1.3099999993294478 1.24
v 0.31711901649832724 1.3099999993294478 1.2344376940838993
v 0.3145623059943318 1.3099999993294478 1.2294198654219508
v 0.31058013457804917 1.3099999993294478 1.2254376940056682
v 0.30556230591610073 1.3099999993294478 1.2228809835016727
v 0.3 1.3099999993294478 1.2220000007748604
v 0.29443769408389925 1.3099999993294478 1.2228809835016727
v 0.2894198654219508 1.3099999993294478 1.2254376940056682
v 0.28543769400566815 1.3099999993294478 1.2294198654219508
v 0.28288098350167273 1.3099999993294478 1.2344376940838993
v 0.28200000077486037 1.3099999993294478 1.24
v 0.28288098350167273 1.3099999993294478 1.2455623059161007
v 0.28543769400566815 1.3099999993294478 1.2505801345780492
v 0.2894198654219508 1.3099999993294478 1.2545623059943318
v 0.29443769408389925 1.3099999993294478 1.2571190164983272
v 0.3 1.3099999993294478 1.2579999992251396
v 0.3 1.2500000006705523 1.24
v 0.3 1.2500000006705523 1.24
v 0.3 1.2500000006705523 1.24
v 0.3 1.2500000006705523 1.24
v 0.3 1.2500000006705523 1.24
v 0.3 1.2500000006705523 1.24
v 0.3 1.2500000006705523 1.24
v 0.3 1.2500000006705523 1.24
v 0.3 1.2500000006705523 1.24
v 0.3 1.2500000006705523 1.24
v 0.3 1.2500000006705523 1.24
v 0.3 1.2500000006705523 1.24
v 0.3 1.2500000006705523 1.24
v 0.3 1.2500000006705523 1.24
v 0.3 1.2500000006705523 1.24
v 0.3 1.2500000006705523 1.24
v 0.3 1.2500000006705523 1.24
v 0.3 1.2500000006705523 1.24
v 0.3 1.2500000006705523 1.24
v 0.3 1.2500000006705523 1.24
v 0.3 1.2500000006705523 1.2750000001490116
v 0.3108155943453312 1.2500000006705523 1.273286977559328
v 0.3205724835395813 1.2500000006705523 1.268315594419837
v 0.328315594419837 1.2500000006705523 1.2605724835395813
v 0.33328697755932807 1.2500000006705523 1.2508155943453312
v 0.3350000001490116 1.2500000006705523 1.24
v 0.33328697755932807 1.2500000006705523 1.2291844056546688
v 0.328315594419837 1.2500000006705523 1.2194275164604187
v 0.3205724835395813 1.2500000006705523 1.211684405580163
v 0.3108155943453312 1.2500000006705523 1.206713022440672
v 0.3 1.2500000006705523 1.2049999998509884
v 0.2891844056546688 1.2500000006705523 1.206713022440672
v 0.2794275164604187 1.2500000006705523 1.211684405580163
v 0.271684405580163 1.2500000006705523 1.2194275164604187
v 0.2667130224406719 1.2500000006705523 1.2291844056546688
v 0.2649999998509884 1.2500000006705523 1.24
v 0.2667130224406719 1.2500000006705523 1.2508155943453312
v 0.271684405580163 1.2500000006705523 1.2605724835395813
v 0.2794275164604187 1.2500000006705523 1.268315594419837
v 0.2891844056546688 1.2500000006705523 1.273286977559328
v 0.3 1.2500000006705523 1.2750000001490116
vt 0 1
vt 0.05000000074505806 1
vt 0.10000000149011612 1
vt 0.15000000596046448 1
vt 0.20000000298023224 1
vt 0.25 1
vt 0.30000001192092896 1
vt 0.3499999940395355 1
vt 0.4000000059604645 1
vt 0.44999998807907104 1
vt 0.5 1
vt 0.550000011920929 1
vt 0.6000000238418579 1
vt 0.6499999761581421 1
vt 0.699999988079071 1
vt 0.75 1
vt 0.800000011920929 1
vt 0.8500000238418579 1
vt 0.8999999761581421 1
vt 0.949999988079071 1
vt 1 1
vt 0 0
vt 0.05000000074505806 0
vt 0.10000000149011612 0
vt 0.15000000596046448 0
vt 0.20000000298023224 0
vt 0.25 0
vt 0.30000001192092896 0
vt 0.3499999940395355 0
vt 0.4000000059604645 0
vt 0.44999998807907104 0
vt 0.5 0
vt 0.550000011920929 0
vt 0.6000000238418579 0
vt 0.6499999761581421 0
vt 0.699999988079071 0
vt 0.75 0
vt 0.800000011920929 0
vt 0.8500000238418579 0
vt 0.8999999761581421 0
vt 0.949999988079071 0
vt 1 0
vt 0.5 0.5
vt 0.5 0.5
vt 0.5 0.5
vt 0.5 0.5
vt 0.5 0.5
vt 0.5 0.5
vt 0.5 0.5
vt 0.5 0.5
vt 0.5 0.5
vt 0.5 0.5
vt 0.5 0.5
vt 0.5 0.5
vt 0.5 0.5
vt 0.5 0.5
vt 0.5 0.5
vt 0.5 0.5
vt 0.5 0.5
vt 0.5 0.5
vt 0.5 0.5
vt 0.5 0.5
vt 1 0.5
vt 0.9755282402038574 0.6545084714889526
vt 0.9045084714889526 0.7938926219940186
vt 0.7938926219940186 0.9045084714889526
vt 0.6545084714889526 0.9755282402038574
vt 0.5 1
vt 0.345491498708725 0.9755282402038574
vt 0.20610737800598145 0.9045084714889526
vt 0.09549150615930557 0.7938926219940186
vt 0.024471741169691086 0.6545084714889526
vt 0 0.5
vt 0.024471741169691086 0.345491498708725
vt 0.09549150615930557 0.20610737800598145
vt 0.20610737800598145 0.09549150615930557
vt 0.345491498708725 0.024471741169691086
vt 0.5 0
vt 0.6545084714889526 0.024471741169691086
vt 0.7938926219940186 0.09549150615930557
vt 0.9045084714889526 0.20610737800598145
vt 0.9755282402038574 0.345491498708725
vt 1 0.5
vt 0.5 0.5
vt 0.5 0.5
vt 0.5 0.5
vt 0.5 0.5
vt 0.5 0.5
vt 0.5 0.5
vt 0.5 0.5
vt 0.5 0.5
vt 0.5 0.5
vt 0.5 0.5
vt 0.5 0.5
vt 0.5 0.5
vt 0.5 0.5
vt 0.5 0.5
vt 0.5 0.5
vt 0.5 0.5
vt 0.5 0.5
vt 0.5 0.5
vt 0.5 0.5
vt 0.5 0.5
vt 1 0.5
vt 0.9755282402038574 0.345491498708725
vt 0.9045084714889526 0.20610737800598145
vt 0.7938926219940186 0.09549150615930557
vt 0.6545084714889526 0.024471741169691086
vt 0.5 0
vt 0.345491498708725 0.024471741169691086
vt 0.20610737800598145 0.09549150615930557
vt 0.09549150615930557 0.20610737800598145
vt 0.024471741169691086 0.345491498708725
vt 0 0.5
vt 0.024471741169691086 0.6545084714889526
vt 0.09549150615930557 0.7938926219940186
vt 0.20610737800598145 0.9045084714889526
vt 0.345491498708725 0.9755282402038574
vt 0.5 1
vt 0.6545084714889526 0.9755282402038574
vt 0.7938926219940186 0.9045084714889526
vt 0.9045084714889526 0.7938926219940186
vt 0.9755282402038574 0.6545084714889526
vt 1 0.5
vn 0 0.2726025577426135 0.9621267304841837
vn 0.2973135057627563 0.27260255299330527 0.9150368994705032
vn 0.5655239154632339 0.27260255477130396 0.7783768677005317
vn 0.7783768677005317 0.27260255477130396 0.5655239154632339
vn 0.9150368994705032 0.27260255299330527 0.2973135057627563
vn 0.9621267304841837 0.2726025577426135 5.891327221378108e-17
vn 0.9150368994705032 0.27260255299330527 -0.2973135057627563
vn 0.7783768677005317 0.27260255477130396 -0.5655239154632339
vn 0.5655239154632339 0.27260255477130396 -0.7783768677005317
vn 0.2973135057627563 0.27260255299330527 -0.9150368994705032
vn 1.1782654442756216e-16 0.2726025577426135 -0.9621267304841837
vn -0.2973135057627563 0.27260255299330527 -0.9150368994705032
vn -0.5655239154632339 0.27260255477130396 -0.7783768677005317
vn -0.7783768677005317 0.27260255477130396 -0.5655239154632339
vn -0.9150368994705032 0.27260255299330527 -0.2973135057627563
vn -0.9621267304841837 0.2726025577426135 -1.7673981664134324e-16
vn -0.9150368994705032 0.27260255299330527 0.2973135057627563
vn -0.7783768677005317 0.27260255477130396 0.5655239154632339
vn -0.5655239154632339 0.27260255477130396 0.7783768677005317
vn -0.2973135057627563 0.27260255299330527 0.9150368994705032
vn -2.356530888551243e-16 0.2726025577426135 0.9621267304841837
vn 0 0.2726025577426135 0.9621267304841837
vn 0.2973135057627563 0.27260255299330527 0.9150368994705032
vn 0.5655239154632339 0.27260255477130396 0.7783768677005317
vn 0.7783768677005317 0.27260255477130396 0.5655239154632339
vn 0.9150368994705032 0.27260255299330527 0.2973135057627563
vn 0.9621267304841837 0.2726025577426135 5.891327221378108e-17
vn 0.9150368994705032 0.27260255299330527 -0.2973135057627563
vn 0.7783768677005317 0.27260255477130396 -0.5655239154632339
vn 0.5655239154632339 0.27260255477130396 -0.7783768677005317
vn 0.2973135057627563 0.27260255299330527 -0.9150368994705032
vn 1.1782654442756216e-16 0.2726025577426135 -0.9621267304841837
vn -0.2973135057627563 0.27260255299330527 -0.9150368994705032
vn -0.5655239154632339 0.27260255477130396 -0.7783768677005317
vn -0.7783768677005317 0.27260255477130396 -0.5655239154632339
vn -0.9150368994705032 0.27260255299330527 -0.2973135057627563
vn -0.9621267304841837 0.2726025577426135 -1.7673981664134324e-16
vn -0.9150368994705032 0.27260255299330527 0.2973135057627563
vn -0.7783768677005317 0.27260255477130396 0.5655239154632339
vn -0.5655239154632339 0.27260255477130396 0.7783768677005317
vn -0.2973135057627563 0.27260255299330527 0.9150368994705032
vn -2.356530888551243e-16 0.2726025577426135 0.9621267304841837
vn 0 1 0
vn 0 1 0
vn 0 1 0
vn 0 1 0
vn 0 1 0
vn 0 1 0
vn 0 1 0
vn 0 1 0
vn 0 1 0
vn 0 1 0
vn 0 1 0
vn 0 1 0
vn 0 1 0
vn 0 1 0
vn 0 1 0
vn 0 1 0
vn 0 1 0
vn 0 1 0
vn 0 1 0
vn 0 1 0
vn 0 1 0
vn 0 1 0
vn 0 1 0
vn 0 1 0
vn 0 1 0
vn 0 1 0
vn 0 1 0
vn 0 1 0
vn 0 1 0
vn 0 1 0
vn 0 1 0
vn 0 1 0
vn 0 1 0
vn 0 1 0
vn 0 1 0
vn 0 1 0
vn 0 1 0
vn 0 1 0
vn 0 1 0
vn 0 1 0
vn 0 1 0
vn 0 -1 0
vn 0 -1 0
vn 0 -1 0
vn 0 -1 0
vn 0 -1 0
vn 0 -1 0
vn 0 -1 0
vn 0 -1 0
vn 0 -1 0
vn 0 -1 0
vn 0 -1 0
vn 0 -1 0
vn 0 -1 0
vn 0 -1 0
vn 0 -1 0
vn 0 -1 0
vn 0 -1 0
vn 0 -1 0
vn 0 -1 0
vn 0 -1 0
vn 0 -1 0
vn 0 -1 0
vn 0 -1 0
vn 0 -1 0
vn 0 -1 0
vn 0 -1 0
vn 0 -1 0
vn 0 -1 0
vn 0 -1 0
vn 0 -1 0
vn 0 -1 0
vn 0 -1 0
vn 0 -1 0
vn 0 -1 0
vn 0 -1 0
vn 0 -1 0
vn 0 -1 0
vn 0 -1 0
vn 0 -1 0
vn 0 -1 0
vn 0 -1 0
f 6093/6093/6093 6114/6114/6114 6094/6094/6094
f 6114/6114/6114 6115/6115/6115 6094/6094/6094
f 6094/6094/6094 6115/6115/6115 6095/6095/6095
f 6115/6115/6115 6116/6116/6116 6095/6095/6095
f 6095/6095/6095 6116/6116/6116 6096/6096/6096
f 6116/6116/6116 6117/6117/6117 6096/6096/6096
f 6096/6096/6096 6117/6117/6117 6097/6097/6097
f 6117/6117/6117 6118/6118/6118 6097/6097/6097
f 6097/6097/6097 6118/6118/6118 6098/6098/6098
f 6118/6118/6118 6119/6119/6119 6098/6098/6098
f 6098/6098/6098 6119/6119/6119 6099/6099/6099
f 6119/6119/6119 6120/6120/6120 6099/6099/6099
f 6099/6099/6099 6120/6120/6120 6100/6100/6100
f 6120/6120/6120 6121/6121/6121 6100/6100/6100
f 6100/6100/6100 6121/6121/6121 6101/6101/6101
f 6121/6121/6121 6122/6122/6122 6101/6101/6101
f 6101/6101/6101 6122/6122/6122 6102/6102/6102
f 6122/6122/6122 6123/6123/6123 6102/6102/6102
f 6102/6102/6102 6123/6123/6123 6103/6103/6103
f 6123/6123/6123 6124/6124/6124 6103/6103/6103
f 6103/6103/6103 6124/6124/6124 6104/6104/6104
f 6124/6124/6124 6125/6125/6125 6104/6104/6104
f 6104/6104/6104 6125/6125/6125 6105/6105/6105
f 6125/6125/6125 6126/6126/6126 6105/6105/6105
f 6105/6105/6105 6126/6126/6126 6106/6106/6106
f 6126/6126/6126 6127/6127/6127 6106/6106/6106
f 6106/6106/6106 6127/6127/6127 6107/6107/6107
f 6127/6127/6127 6128/6128/6128 6107/6107/6107
f 6107/6107/6107 6128/6128/6128 6108/6108/6108
f 6128/6128/6128 6129/6129/6129 6108/6108/6108
f 6108/6108/6108 6129/6129/6129 6109/6109/6109
f 6129/6129/6129 6130/6130/6130 6109/6109/6109
f 6109/6109/6109 6130/6130/6130 6110/6110/6110
f 6130/6130/6130 6131/6131/6131 6110/6110/6110
f 6110/6110/6110 6131/6131/6131 6111/6111/6111
f 6131/6131/6131 6132/6132/6132 6111/6111/6111
f 6111/6111/6111 6132/6132/6132 6112/6112/6112
f 6132/6132/6132 6133/6133/6133 6112/6112/6112
f 6112/6112/6112 6133/6133/6133 6113/6113/6113
f 6133/6133/6133 6134/6134/6134 6113/6113/6113
f 6155/6155/6155 6156/6156/6156 6135/6135/6135
f 6156/6156/6156 6157/6157/6157 6136/6136/6136
f 6157/6157/6157 6158/6158/6158 6137/6137/6137
f 6158/6158/6158 6159/6159/6159 6138/6138/6138
f 6159/6159/6159 6160/6160/6160 6139/6139/6139
f 6160/6160/6160 6161/6161/6161 6140/6140/6140
f 6161/6161/6161 6162/6162/6162 6141/6141/6141
f 6162/6162/6162 6163/6163/6163 6142/6142/6142
f 6163/6163/6163 6164/6164/6164 6143/6143/6143
f 6164/6164/6164 6165/6165/6165 6144/6144/6144
f 6165/6165/6165 6166/6166/6166 6145/6145/6145
f 6166/6166/6166 6167/6167/6167 6146/6146/6146
f 6167/6167/6167 6168/6168/6168 6147/6147/6147
f 6168/6168/6168 6169/6169/6169 6148/6148/6148
f 6169/6169/6169 6170/6170/6170 6149/6149/6149
f 6170/6170/6170 6171/6171/6171 6150/6150/6150
f 6171/6171/6171 6172/6172/6172 6151/6151/6151
f 6172/6172/6172 6173/6173/6173 6152/6152/6152
f 6173/6173/6173 6174/6174/6174 6153/6153/6153
f 6174/6174/6174 6175/6175/6175 6154/6154/6154
f 6197/6197/6197 6196/6196/6196 6176/6176/6176
f 6198/6198/6198 6197/6197/6197 6177/6177/6177
f 6199/6199/6199 6198/6198/6198 6178/6178/6178
f 6200/6200/6200 6199/6199/6199 6179/6179/6179
f 6201/6201/6201 6200/6200/6200 6180/6180/6180
f 6202/6202/6202 6201/6201/6201 6181/6181/6181
f 6203/6203/6203 6202/6202/6202 6182/6182/6182
f 6204/6204/6204 6203/6203/6203 6183/6183/6183
f 6205/6205/6205 6204/6204/6204 6184/6184/6184
f 6206/6206/6206 6205/6205/6205 6185/6185/6185
f 6207/6207/6207 6206/6206/6206 6186/6186/6186
f 6208/6208/6208 6207/6207/6207 6187/6187/6187
f 6209/6209/6209 6208/6208/6208 6188/6188/6188
f 6210/6210/6210 6209/6209/6209 6189/6189/6189
f 6211/6211/6211 6210/6210/6210 6190/6190/6190
f 6212/6212/6212 6211/6211/6211 6191/6191/6191
f 6213/6213/6213 6212/6212/6212 6192/6192/6192
f 6214/6214/6214 6213/6213/6213 6193/6193/6193
f 6215/6215/6215 6214/6214/6214 6194/6194/6194
f 6216/6216/6216 6215/6215/6215 6195/6195/6195
o bottle_c_neck
usemtl glass_green
v 0.3 1.3800000001490118 1.257000000923872
v 0.3065056183375418 1.3800000001490118 1.2557059524208307
v 0.3120208151638508 1.3800000001490118 1.2520208151638508
v 0.3157059524208307 1.3800000001490118 1.2465056183375418
v 0.317000000923872 1.3800000001490118 1.24
v 0.3157059524208307 1.3800000001490118 1.2334943816624582
v 0.3120208151638508 1.3800000001490118 1.2279791848361492
v 0.3065056183375418 1.3800000001490118 1.2242940475791693
v 0.3 1.3800000001490118 1.222999999076128
v 0.29349438166245817 1.3800000001490118 1.2242940475791693
v 0.2879791848361492 1.3800000001490118 1.2279791848361492
v 0.28429404757916926 1.3800000001490118 1.2334943816624582
v 0.282999999076128 1.3800000001490118 1.24
v 0.28429404757916926 1.3800000001490118 1.2465056183375418
v 0.2879791848361492 1.3800000001490118 1.2520208151638508
v 0.29349438166245817 1.3800000001490118 1.2557059524208307
v 0.3 1.3800000001490118 1.257000000923872
v 0.3 1.3099999998509886 1.257000000923872
v 0.3065056183375418 1.3099999998509886 1.2557059524208307
v 0.3120208151638508 1.3099999998509886 1.2520208151638508
v 0.3157059524208307 1.3099999998509886 1.2465056183375418
v 0.317000000923872 1.3099999998509886 1.24
v 0.3157059524208307 1.3099999998509886 1.2334943816624582
v 0.3120208151638508 1.3099999998509886 1.2279791848361492
v 0.3065056183375418 1.3099999998509886 1.2242940475791693
v 0.3 1.3099999998509886 1.222999999076128
v 0.29349438166245817 1.3099999998509886 1.2242940475791693
v 0.2879791848361492 1.3099999998509886 1.2279791848361492
v 0.28429404757916926 1.3099999998509886 1.2334943816624582
v 0.282999999076128 1.3099999998509886 1.24
v 0.28429404757916926 1.3099999998509886 1.2465056183375418
v 0.2879791848361492 1.3099999998509886 1.2520208151638508
v 0.29349438166245817 1.3099999998509886 1.2557059524208307
v 0.3 1.3099999998509886 1.257000000923872
v 0.3 1.3800000001490118 1.24
v 0.3 1.3800000001490118 1.24
v 0.3 1.3800000001490118 1.24
v 0.3 1.3800000001490118 1.24
v 0.3 1.3800000001490118 1.24
v 0.3 1.3800000001490118 1.24
v 0.3 1.3800000001490118 1.24
v 0.3 1.3800000001490118 1.24
v 0.3 1.3800000001490118 1.24
v 0.3 1.3800000001490118 1.24
v 0.3 1.3800000001490118 1.24
v 0.3 1.3800000001490118 1.24
v 0.3 1.3800000001490118 1.24
v 0.3 1.3800000001490118 1.24
v 0.3 1.3800000001490118 1.24
v 0.3 1.3800000001490118 1.24
v 0.3 1.3800000001490118 1.257000000923872
v 0.3065056183375418 1.3800000001490118 1.2557059524208307
v 0.3120208151638508 1.3800000001490118 1.2520208151638508
v 0.3157059524208307 1.3800000001490118 1.2465056183375418
v 0.317000000923872 1.3800000001490118 1.24
v 0.3157059524208307 1.3800000001490118 1.2334943816624582
v 0.3120208151638508 1.3800000001490118 1.2279791848361492
v 0.3065056183375418 1.3800000001490118 1.2242940475791693
v 0.3 1.3800000001490118 1.222999999076128
v 0.29349438166245817 1.3800000001490118 1.2242940475791693
v 0.2879791848361492 1.3800000001490118 1.2279791848361492
v 0.28429404757916926 1.3800000001490118 1.2334943816624582
v 0.282999999076128 1.3800000001490118 1.24
v 0.28429404757916926 1.3800000001490118 1.2465056183375418
v 0.2879791848361492 1.3800000001490118 1.2520208151638508
v 0.29349438166245817 1.3800000001490118 1.2557059524208307
v 0.3 1.3800000001490118 1.257000000923872
v 0.3 1.3099999998509886 1.24
v 0.3 1.3099999998509886 1.24
v 0.3 1.3099999998509886 1.24
v 0.3 1.3099999998509886 1.24
v 0.3 1.3099999998509886 1.24
v 0.3 1.3099999998509886 1.24
v 0.3 1.3099999998509886 1.24
v 0.3 1.3099999998509886 1.24
v 0.3 1.3099999998509886 1.24
v 0.3 1.3099999998509886 1.24
v 0.3 1.3099999998509886 1.24
v 0.3 1.3099999998509886 1.24
v 0.3 1.3099999998509886 1.24
v 0.3 1.3099999998509886 1.24
v 0.3 1.3099999998509886 1.24
v 0.3 1.3099999998509886 1.24
v 0.3 1.3099999998509886 1.257000000923872
v 0.3065056183375418 1.3099999998509886 1.2557059524208307
v 0.3120208151638508 1.3099999998509886 1.2520208151638508
v 0.3157059524208307 1.3099999998509886 1.2465056183375418
v 0.317000000923872 1.3099999998509886 1.24
v 0.3157059524208307 1.3099999998509886 1.2334943816624582
v 0.3120208151638508 1.3099999998509886 1.2279791848361492
v 0.3065056183375418 1.3099999998509886 1.2242940475791693
v 0.3 1.3099999998509886 1.222999999076128
v 0.29349438166245817 1.3099999998509886 1.2242940475791693
v 0.2879791848361492 1.3099999998509886 1.2279791848361492
v 0.28429404757916926 1.3099999998509886 1.2334943816624582
v 0.282999999076128 1.3099999998509886 1.24
v 0.28429404757916926 1.3099999998509886 1.2465056183375418
v 0.2879791848361492 1.3099999998509886 1.2520208151638508
v 0.29349438166245817 1.3099999998509886 1.2557059524208307
v 0.3 1.3099999998509886 1.257000000923872
vt 0 1
vt 0.0625 1
vt 0.125 1
vt 0.1875 1
vt 0.25 1
vt 0.3125 1
vt 0.375 1
vt 0.4375 1
vt 0.5 1
vt 0.5625 1
vt 0.625 1
vt 0.6875 1
vt 0.75 1
vt 0.8125 1
vt 0.875 1
vt 0.9375 1
vt 1 1
vt 0 0
vt 0.0625 0
vt 0.125 0
vt 0.1875 0
vt 0.25 0
vt 0.3125 0
vt 0.375 0
vt 0.4375 0
vt 0.5 0
vt 0.5625 0
vt 0.625 0
vt 0.6875 0
vt 0.75 0
vt 0.8125 0
vt 0.875 0
vt 0.9375 0
vt 1 0
vt 0.5 0.5
vt 0.5 0.5
vt 0.5 0.5
vt 0.5 0.5
vt 0.5 0.5
vt 0.5 0.5
vt 0.5 0.5
vt 0.5 0.5
vt 0.5 0.5
vt 0.5 0.5
vt 0.5 0.5
vt 0.5 0.5
vt 0.5 0.5
vt 0.5 0.5
vt 0.5 0.5
vt 0.5 0.5
vt 1 0.5
vt 0.9619397521018982 0.6913416981697083
vt 0.8535534143447876 0.8535534143447876
vt 0.6913416981697083 0.9619397521018982
vt 0.5 1
vt 0.30865827202796936 0.9619397521018982
vt 0.1464466154575348 0.8535534143447876
vt 0.03806023299694061 0.6913416981697083
vt 0 0.5
vt 0.03806023299694061 0.30865827202796936
vt 0.1464466154575348 0.1464466154575348
vt 0.30865827202796936 0.03806023299694061
vt 0.5 0
vt 0.6913416981697083 0.03806023299694061
vt 0.8535534143447876 0.1464466154575348
vt 0.9619397521018982 0.30865827202796936
vt 1 0.5
vt 0.5 0.5
vt 0.5 0.5
vt 0.5 0.5
vt 0.5 0.5
vt 0.5 0.5
vt 0.5 0.5
vt 0.5 0.5
vt 0.5 0.5
vt 0.5 0.5
vt 0.5 0.5
vt 0.5 0.5
vt 0.5 0.5
vt 0.5 0.5
vt 0.5 0.5
vt 0.5 0.5
vt 0.5 0.5
vt 1 0.5
vt 0.9619397521018982 0.30865827202796936
vt 0.8535534143447876 0.1464466154575348
vt 0.6913416981697083 0.03806023299694061
vt 0.5 0
vt 0.30865827202796936 0.03806023299694061
vt 0.1464466154575348 0.1464466154575348
vt 0.03806023299694061 0.30865827202796936
vt 0 0.5
vt 0.03806023299694061 0.6913416981697083
vt 0.1464466154575348 0.8535534143447876
vt 0.30865827202796936 0.9619397521018982
vt 0.5 1
vt 0.6913416981697083 0.9619397521018982
vt 0.8535534143447876 0.8535534143447876
vt 0.9619397521018982 0.6913416981697083
vt 1 0.5
vn 0 0 1
vn 0.3826834370613369 0 0.9238795305660377
vn 0.7071067811865476 0 0.7071067811865476
vn 0.9238795305660377 0 0.3826834370613369
vn 1 0 6.123234262925839e-17
vn 0.9238795305660377 0 -0.3826834370613369
vn 0.7071067811865476 0 -0.7071067811865476
vn 0.3826834370613369 0 -0.9238795305660377
vn 1.2246468525851679e-16 0 -1
vn -0.3826834370613369 0 -0.9238795305660377
vn -0.7071067811865476 0 -0.7071067811865476
vn -0.9238795305660377 0 -0.3826834370613369
vn -1 0 -1.8369701465288538e-16
vn -0.9238795305660377 0 0.3826834370613369
vn -0.7071067811865476 0 0.7071067811865476
vn -0.3826834370613369 0 0.9238795305660377
vn -2.4492937051703357e-16 0 1
vn 0 0 1
vn 0.3826834370613369 0 0.9238795305660377
vn 0.7071067811865476 0 0.7071067811865476
vn 0.9238795305660377 0 0.3826834370613369
vn 1 0 6.123234262925839e-17
vn 0.9238795305660377 0 -0.3826834370613369
vn 0.7071067811865476 0 -0.7071067811865476
vn 0.3826834370613369 0 -0.9238795305660377
vn 1.2246468525851679e-16 0 -1
vn -0.3826834370613369 0 -0.9238795305660377
vn -0.7071067811865476 0 -0.7071067811865476
vn -0.9238795305660377 0 -0.3826834370613369
vn -1 0 -1.8369701465288538e-16
vn -0.9238795305660377 0 0.3826834370613369
vn -0.7071067811865476 0 0.7071067811865476
vn -0.3826834370613369 0 0.9238795305660377
vn -2.4492937051703357e-16 0 1
vn 0 1 0
vn 0 1 0
vn 0 1 0
vn 0 1 0
vn 0 1 0
vn 0 1 0
vn 0 1 0
vn 0 1 0
vn 0 1 0
vn 0 1 0
vn 0 1 0
vn 0 1 0
vn 0 1 0
vn 0 1 0
vn 0 1 0
vn 0 1 0
vn 0 1 0
vn 0 1 0
vn 0 1 0
vn 0 1 0
vn 0 1 0
vn 0 1 0
vn 0 1 0
vn 0 1 0
vn 0 1 0
vn 0 1 0
vn 0 1 0
vn 0 1 0
vn 0 1 0
vn 0 1 0
vn 0 1 0
vn 0 1 0
vn 0 1 0
vn 0 -1 0
vn 0 -1 0
vn 0 -1 0
vn 0 -1 0
vn 0 -1 0
vn 0 -1 0
vn 0 -1 0
vn 0 -1 0
vn 0 -1 0
vn 0 -1 0
vn 0 -1 0
vn 0 -1 0
vn 0 -1 0
vn 0 -1 0
vn 0 -1 0
vn 0 -1 0
vn 0 -1 0
vn 0 -1 0
vn 0 -1 0
vn 0 -1 0
vn 0 -1 0
vn 0 -1 0
vn 0 -1 0
vn 0 -1 0
vn 0 -1 0
vn 0 -1 0
vn 0 -1 0
vn 0 -1 0
vn 0 -1 0
vn 0 -1 0
vn 0 -1 0
vn 0 -1 0
vn 0 -1 0
f 6217/6217/6217 6234/6234/6234 6218/6218/6218
f 6234/6234/6234 6235/6235/6235 6218/6218/6218
f 6218/6218/6218 6235/6235/6235 6219/6219/6219
f 6235/6235/6235 6236/6236/6236 6219/6219/6219
f 6219/6219/6219 6236/6236/6236 6220/6220/6220
f 6236/6236/6236 6237/6237/6237 6220/6220/6220
f 6220/6220/6220 6237/6237/6237 6221/6221/6221
f 6237/6237/6237 6238/6238/6238 6221/6221/6221
f 6221/6221/6221 6238/6238/6238 6222/6222/6222
f 6238/6238/6238 6239/6239/6239 6222/6222/6222
f 6222/6222/6222 6239/6239/6239 6223/6223/6223
f 6239/6239/6239 6240/6240/6240 6223/6223/6223
f 6223/6223/6223 6240/6240/6240 6224/6224/6224
f 6240/6240/6240 6241/6241/6241 6224/6224/6224
f 6224/6224/6224 6241/6241/6241 6225/6225/6225
f 6241/6241/6241 6242/6242/6242 6225/6225/6225
f 6225/6225/6225 6242/6242/6242 6226/6226/6226
f 6242/6242/6242 6243/6243/6243 6226/6226/6226
f 6226/6226/6226 6243/6243/6243 6227/6227/6227
f 6243/6243/6243 6244/6244/6244 6227/6227/6227
f 6227/6227/6227 6244/6244/6244 6228/6228/6228
f 6244/6244/6244 6245/6245/6245 6228/6228/6228
f 6228/6228/6228 6245/6245/6245 6229/6229/6229
f 6245/6245/6245 6246/6246/6246 6229/6229/6229
f 6229/6229/6229 6246/6246/6246 6230/6230/6230
f 6246/6246/6246 6247/6247/6247 6230/6230/6230
f 6230/6230/6230 6247/6247/6247 6231/6231/6231
f 6247/6247/6247 6248/6248/6248 6231/6231/6231
f 6231/6231/6231 6248/6248/6248 6232/6232/6232
f 6248/6248/6248 6249/6249/6249 6232/6232/6232
f 6232/6232/6232 6249/6249/6249 6233/6233/6233
f 6249/6249/6249 6250/6250/6250 6233/6233/6233
f 6267/6267/6267 6268/6268/6268 6251/6251/6251
f 6268/6268/6268 6269/6269/6269 6252/6252/6252
f 6269/6269/6269 6270/6270/6270 6253/6253/6253
f 6270/6270/6270 6271/6271/6271 6254/6254/6254
f 6271/6271/6271 6272/6272/6272 6255/6255/6255
f 6272/6272/6272 6273/6273/6273 6256/6256/6256
f 6273/6273/6273 6274/6274/6274 6257/6257/6257
f 6274/6274/6274 6275/6275/6275 6258/6258/6258
f 6275/6275/6275 6276/6276/6276 6259/6259/6259
f 6276/6276/6276 6277/6277/6277 6260/6260/6260
f 6277/6277/6277 6278/6278/6278 6261/6261/6261
f 6278/6278/6278 6279/6279/6279 6262/6262/6262
f 6279/6279/6279 6280/6280/6280 6263/6263/6263
f 6280/6280/6280 6281/6281/6281 6264/6264/6264
f 6281/6281/6281 6282/6282/6282 6265/6265/6265
f 6282/6282/6282 6283/6283/6283 6266/6266/6266
f 6301/6301/6301 6300/6300/6300 6284/6284/6284
f 6302/6302/6302 6301/6301/6301 6285/6285/6285
f 6303/6303/6303 6302/6302/6302 6286/6286/6286
f 6304/6304/6304 6303/6303/6303 6287/6287/6287
f 6305/6305/6305 6304/6304/6304 6288/6288/6288
f 6306/6306/6306 6305/6305/6305 6289/6289/6289
f 6307/6307/6307 6306/6306/6306 6290/6290/6290
f 6308/6308/6308 6307/6307/6307 6291/6291/6291
f 6309/6309/6309 6308/6308/6308 6292/6292/6292
f 6310/6310/6310 6309/6309/6309 6293/6293/6293
f 6311/6311/6311 6310/6310/6310 6294/6294/6294
f 6312/6312/6312 6311/6311/6311 6295/6295/6295
f 6313/6313/6313 6312/6312/6312 6296/6296/6296
f 6314/6314/6314 6313/6313/6313 6297/6297/6297
f 6315/6315/6315 6314/6314/6314 6298/6298/6298
f 6316/6316/6316 6315/6315/6315 6299/6299/6299
o bottle_c_cap
usemtl paint_red
v 0.3 1.3999999997764827 1.260999999716878
v 0.308036351762712 1.3999999997764827 1.2594014701992273
v 0.31484924275428056 1.3999999997764827 1.2548492427542806
v 0.3194014701992273 1.3999999997764827 1.248036351762712
v 0.3209999997168779 1.3999999997764827 1.24
v 0.3194014701992273 1.3999999997764827 1.231963648237288
v 0.31484924275428056 1.3999999997764827 1.2251507572457194
v 0.308036351762712 1.3999999997764827 1.2205985298007727
v 0.3 1.3999999997764827 1.219000000283122
v 0.291963648237288 1.3999999997764827 1.2205985298007727
v 0.2851507572457194 1.3999999997764827 1.2251507572457194
v 0.28059852980077266 1.3999999997764827 1.231963648237288
v 0.27900000028312205 1.3999999997764827 1.24
v 0.28059852980077266 1.3999999997764827 1.248036351762712
v 0.2851507572457194 1.3999999997764827 1.2548492427542806
v 0.291963648237288 1.3999999997764827 1.2594014701992273
v 0.3 1.3999999997764827 1.260999999716878
v 0.3 1.3800000002235175 1.260999999716878
v 0.308036351762712 1.3800000002235175 1.2594014701992273
v 0.31484924275428056 1.3800000002235175 1.2548492427542806
v 0.3194014701992273 1.3800000002235175 1.248036351762712
v 0.3209999997168779 1.3800000002235175 1.24
v 0.3194014701992273 1.3800000002235175 1.231963648237288
v 0.31484924275428056 1.3800000002235175 1.2251507572457194
v 0.308036351762712 1.3800000002235175 1.2205985298007727
v 0.3 1.3800000002235175 1.219000000283122
v 0.291963648237288 1.3800000002235175 1.2205985298007727
v 0.2851507572457194 1.3800000002235175 1.2251507572457194
v 0.28059852980077266 1.3800000002235175 1.231963648237288
v 0.27900000028312205 1.3800000002235175 1.24
v 0.28059852980077266 1.3800000002235175 1.248036351762712
v 0.2851507572457194 1.3800000002235175 1.2548492427542806
v 0.291963648237288 1.3800000002235175 1.2594014701992273
v 0.3 1.3800000002235175 1.260999999716878
v 0.3 1.3999999997764827 1.24
v 0.3 1.3999999997764827 1.24
v 0.3 1.3999999997764827 1.24
v 0.3 1.3999999997764827 1.24
v 0.3 1.3999999997764827 1.24
v 0.3 1.3999999997764827 1.24
v 0.3 1.3999999997764827 1.24
v 0.3 1.3999999997764827 1.24
v 0.3 1.3999999997764827 1.24
v 0.3 1.3999999997764827 1.24
v 0.3 1.3999999997764827 1.24
v 0.3 1.3999999997764827 1.24
v 0.3 1.3999999997764827 1.24
v 0.3 1.3999999997764827 1.24
v 0.3 1.3999999997764827 1.24
v 0.3 1.3999999997764827 1.24
v 0.3 1.3999999997764827 1.260999999716878
v 0.308036351762712 1.3999999997764827 1.2594014701992273
v 0.31484924275428056 1.3999999997764827 1.2548492427542806
v 0.3194014701992273 1.3999999997764827 1.248036351762712
v 0.3209999997168779 1.3999999997764827 1.24
v 0.3194014701992273 1.3999999997764827 1.231963648237288
v 0.31484924275428056 1.3999999997764827 1.2251507572457194
v 0.308036351762712 1.3999999997764827 1.2205985298007727
v 0.3 1.3999999997764827 1.219000000283122
v 0.291963648237288 1.3999999997764827 1.2205985298007727
v 0.2851507572457194 1.3999999997764827 1.2251507572457194
v 0.28059852980077266 1.3999999997764827 1.231963648237288
v 0.27900000028312205 1.3999999997764827 1.24
v 0.28059852980077266 1.3999999997764827 1.248036351762712
v 0.2851507572457194 1.3999999997764827 1.2548492427542806
v 0.291963648237288 1.3999999997764827 1.2594014701992273
v 0.3 1.3999999997764827 1.260999999716878
v 0.3 1.3800000002235175 1.24
v 0.3 1.3800000002235175 1.24
v 0.3 1.3800000002235175 1.24
v 0.3 1.3800000002235175 1.24
v 0.3 1.3800000002235175 1.24
v 0.3 1.3800000002235175 1.24
v 0.3 1.3800000002235175 1.24
v 0.3 1.3800000002235175 1.24
v 0.3 1.3800000002235175 1.24
v 0.3 1.3800000002235175 1.24
v 0.3 1.3800000002235175 1.24
v 0.3 1.3800000002235175 1.24
v 0.3 1.3800000002235175 1.24
v 0.3 1.3800000002235175 1.24
v 0.3 1.3800000002235175 1.24
v 0.3 1.3800000002235175 1.24
v 0.3 1.3800000002235175 1.260999999716878
v 0.308036351762712 1.3800000002235175 1.2594014701992273
v 0.31484924275428056 1.3800000002235175 1.2548492427542806
v 0.3194014701992273 1.3800000002235175 1.248036351762712
v 0.3209999997168779 1.3800000002235175 1.24
v 0.3194014701992273 1.3800000002235175 1.231963648237288
v 0.31484924275428056 1.3800000002235175 1.2251507572457194
v 0.308036351762712 1.3800000002235175 1.2205985298007727
v 0.3 1.3800000002235175 1.219000000283122
v 0.291963648237288 1.3800000002235175 1.2205985298007727
v 0.2851507572457194 1.3800000002235175 1.2251507572457194
v 0.28059852980077266 1.3800000002235175 1.231963648237288
v 0.27900000028312205 1.3800000002235175 1.24
v 0.28059852980077266 1.3800000002235175 1.248036351762712
v 0.2851507572457194 1.3800000002235175 1.2548492427542806
v 0.291963648237288 1.3800000002235175 1.2594014701992273
v 0.3 1.3800000002235175 1.260999999716878
vt 0 1
vt 0.0625 1
vt 0.125 1
vt 0.1875 1
vt 0.25 1
vt 0.3125 1
vt 0.375 1
vt 0.4375 1
vt 0.5 1
vt 0.5625 1
vt 0.625 1
vt 0.6875 1
vt 0.75 1
vt 0.8125 1
vt 0.875 1
vt 0.9375 1
vt 1 1
vt 0 0
vt 0.0625 0
vt 0.125 0
vt 0.1875 0
vt 0.25 0
vt 0.3125 0
vt 0.375 0
vt 0.4375 0
vt 0.5 0
vt 0.5625 0
vt 0.625 0
vt 0.6875 0
vt 0.75 0
vt 0.8125 0
vt 0.875 0
vt 0.9375 0
vt 1 0
vt 0.5 0.5
vt 0.5 0.5
vt 0.5 0.5
vt 0.5 0.5
vt 0.5 0.5
vt 0.5 0.5
vt 0.5 0.5
vt 0.5 0.5
vt 0.5 0.5
vt 0.5 0.5
vt 0.5 0.5
vt 0.5 0.5
vt 0.5 0.5
vt 0.5 0.5
vt 0.5 0.5
vt 0.5 0.5
vt 1 0.5
vt 0.9619397521018982 0.6913416981697083
vt 0.8535534143447876 0.8535534143447876
vt 0.6913416981697083 0.9619397521018982
vt 0.5 1
vt 0.30865827202796936 0.9619397521018982
vt 0.1464466154575348 0.8535534143447876
vt 0.03806023299694061 0.6913416981697083
vt 0 0.5
vt 0.03806023299694061 0.30865827202796936
vt 0.1464466154575348 0.1464466154575348
vt 0.30865827202796936 0.03806023299694061
vt 0.5 0
vt 0.6913416981697083 0.03806023299694061
vt 0.8535534143447876 0.1464466154575348
vt 0.9619397521018982 0.30865827202796936
vt 1 0.5
vt 0.5 0.5
vt 0.5 0.5
vt 0.5 0.5
vt 0.5 0.5
vt 0.5 0.5
vt 0.5 0.5
vt 0.5 0.5
vt 0.5 0.5
vt 0.5 0.5
vt 0.5 0.5
vt 0.5 0.5
vt 0.5 0.5
vt 0.5 0.5
vt 0.5 0.5
vt 0.5 0.5
vt 0.5 0.5
vt 1 0.5
vt 0.9619397521018982 0.30865827202796936
vt 0.8535534143447876 0.1464466154575348
vt 0.6913416981697083 0.03806023299694061
vt 0.5 0
vt 0.30865827202796936 0.03806023299694061
vt 0.1464466154575348 0.1464466154575348
vt 0.03806023299694061 0.30865827202796936
vt 0 0.5
vt 0.03806023299694061 0.6913416981697083
vt 0.1464466154575348 0.8535534143447876
vt 0.30865827202796936 0.9619397521018982
vt 0.5 1
vt 0.6913416981697083 0.9619397521018982
vt 0.8535534143447876 0.8535534143447876
vt 0.9619397521018982 0.6913416981697083
vt 1 0.5
vn 0 0 1
vn 0.3826834370613369 0 0.9238795305660377
vn 0.7071067811865476 0 0.7071067811865476
vn 0.9238795305660377 0 0.3826834370613369
vn 1 0 6.123234262925839e-17
vn 0.9238795305660377 0 -0.3826834370613369
vn 0.7071067811865476 0 -0.7071067811865476
vn 0.3826834370613369 0 -0.9238795305660377
vn 1.2246468525851679e-16 0 -1
vn -0.3826834370613369 0 -0.9238795305660377
vn -0.7071067811865476 0 -0.7071067811865476
vn -0.9238795305660377 0 -0.3826834370613369
vn -1 0 -1.8369701465288538e-16
vn -0.9238795305660377 0 0.3826834370613369
vn -0.7071067811865476 0 0.7071067811865476
vn -0.3826834370613369 0 0.9238795305660377
vn -2.4492937051703357e-16 0 1
vn 0 0 1
vn 0.3826834370613369 0 0.9238795305660377
vn 0.7071067811865476 0 0.7071067811865476
vn 0.9238795305660377 0 0.3826834370613369
vn 1 0 6.123234262925839e-17
vn 0.9238795305660377 0 -0.3826834370613369
vn 0.7071067811865476 0 -0.7071067811865476
vn 0.3826834370613369 0 -0.9238795305660377
vn 1.2246468525851679e-16 0 -1
vn -0.3826834370613369 0 -0.9238795305660377
vn -0.7071067811865476 0 -0.7071067811865476
vn -0.9238795305660377 0 -0.3826834370613369
vn -1 0 -1.8369701465288538e-16
vn -0.9238795305660377 0 0.3826834370613369
vn -0.7071067811865476 0 0.7071067811865476
vn -0.3826834370613369 0 0.9238795305660377
vn -2.4492937051703357e-16 0 1
vn 0 1 0
vn 0 1 0
vn 0 1 0
vn 0 1 0
vn 0 1 0
vn 0 1 0
vn 0 1 0
vn 0 1 0
vn 0 1 0
vn 0 1 0
vn 0 1 0
vn 0 1 0
vn 0 1 0
vn 0 1 0
vn 0 1 0
vn 0 1 0
vn 0 1 0
vn 0 1 0
vn 0 1 0
vn 0 1 0
vn 0 1 0
vn 0 1 0
vn 0 1 0
vn 0 1 0
vn 0 1 0
vn 0 1 0
vn 0 1 0
vn 0 1 0
vn 0 1 0
vn 0 1 0
vn 0 1 0
vn 0 1 0
vn 0 1 0
vn 0 -1 0
vn 0 -1 0
vn 0 -1 0
vn 0 -1 0
vn 0 -1 0
vn 0 -1 0
vn 0 -1 0
vn 0 -1 0
vn 0 -1 0
vn 0 -1 0
vn 0 -1 0
vn 0 -1 0
vn 0 -1 0
vn 0 -1 0
vn 0 -1 0
vn 0 -1 0
vn 0 -1 0
vn 0 -1 0
vn 0 -1 0
vn 0 -1 0
vn 0 -1 0
vn 0 -1 0
vn 0 -1 0
vn 0 -1 0
vn 0 -1 0
vn 0 -1 0
vn 0 -1 0
vn 0 -1 0
vn 0 -1 0
vn 0 -1 0
vn 0 -1 0
vn 0 -1 0
vn 0 -1 0
f 6317/6317/6317 6334/6334/6334 6318/6318/6318
f 6334/6334/6334 6335/6335/6335 6318/6318/6318
f 6318/6318/6318 6335/6335/6335 6319/6319/6319
f 6335/6335/6335 6336/6336/6336 6319/6319/6319
f 6319/6319/6319 6336/6336/6336 6320/6320/6320
f 6336/6336/6336 6337/6337/6337 6320/6320/6320
f 6320/6320/6320 6337/6337/6337 6321/6321/6321
f 6337/6337/6337 6338/6338/6338 6321/6321/6321
f 6321/6321/6321 6338/6338/6338 6322/6322/6322
f 6338/6338/6338 6339/6339/6339 6322/6322/6322
f 6322/6322/6322 6339/6339/6339 6323/6323/6323
f 6339/6339/6339 6340/6340/6340 6323/6323/6323
f 6323/6323/6323 6340/6340/6340 6324/6324/6324
f 6340/6340/6340 6341/6341/6341 6324/6324/6324
f 6324/6324/6324 6341/6341/6341 6325/6325/6325
f 6341/6341/6341 6342/6342/6342 6325/6325/6325
f 6325/6325/6325 6342/6342/6342 6326/6326/6326
f 6342/6342/6342 6343/6343/6343 6326/6326/6326
f 6326/6326/6326 6343/6343/6343 6327/6327/6327
f 6343/6343/6343 6344/6344/6344 6327/6327/6327
f 6327/6327/6327 6344/6344/6344 6328/6328/6328
f 6344/6344/6344 6345/6345/6345 6328/6328/6328
f 6328/6328/6328 6345/6345/6345 6329/6329/6329
f 6345/6345/6345 6346/6346/6346 6329/6329/6329
f 6329/6329/6329 6346/6346/6346 6330/6330/6330
f 6346/6346/6346 6347/6347/6347 6330/6330/6330
f 6330/6330/6330 6347/6347/6347 6331/6331/6331
f 6347/6347/6347 6348/6348/6348 6331/6331/6331
f 6331/6331/6331 6348/6348/6348 6332/6332/6332
f 6348/6348/6348 6349/6349/6349 6332/6332/6332
f 6332/6332/6332 6349/6349/6349 6333/6333/6333
f 6349/6349/6349 6350/6350/6350 6333/6333/6333
f 6367/6367/6367 6368/6368/6368 6351/6351/6351
f 6368/6368/6368 6369/6369/6369 6352/6352/6352
f 6369/6369/6369 6370/6370/6370 6353/6353/6353
f 6370/6370/6370 6371/6371/6371 6354/6354/6354
f 6371/6371/6371 6372/6372/6372 6355/6355/6355
f 6372/6372/6372 6373/6373/6373 6356/6356/6356
f 6373/6373/6373 6374/6374/6374 6357/6357/6357
f 6374/6374/6374 6375/6375/6375 6358/6358/6358
f 6375/6375/6375 6376/6376/6376 6359/6359/6359
f 6376/6376/6376 6377/6377/6377 6360/6360/6360
f 6377/6377/6377 6378/6378/6378 6361/6361/6361
f 6378/6378/6378 6379/6379/6379 6362/6362/6362
f 6379/6379/6379 6380/6380/6380 6363/6363/6363
f 6380/6380/6380 6381/6381/6381 6364/6364/6364
f 6381/6381/6381 6382/6382/6382 6365/6365/6365
f 6382/6382/6382 6383/6383/6383 6366/6366/6366
f 6401/6401/6401 6400/6400/6400 6384/6384/6384
f 6402/6402/6402 6401/6401/6401 6385/6385/6385
f 6403/6403/6403 6402/6402/6402 6386/6386/6386
f 6404/6404/6404 6403/6403/6403 6387/6387/6387
f 6405/6405/6405 6404/6404/6404 6388/6388/6388
f 6406/6406/6406 6405/6405/6405 6389/6389/6389
f 6407/6407/6407 6406/6406/6406 6390/6390/6390
f 6408/6408/6408 6407/6407/6407 6391/6391/6391
f 6409/6409/6409 6408/6408/6408 6392/6392/6392
f 6410/6410/6410 6409/6409/6409 6393/6393/6393
f 6411/6411/6411 6410/6410/6410 6394/6394/6394
f 6412/6412/6412 6411/6411/6411 6395/6395/6395
f 6413/6413/6413 6412/6412/6412 6396/6396/6396
f 6414/6414/6414 6413/6413/6413 6397/6397/6397
f 6415/6415/6415 6414/6414/6414 6398/6398/6398
f 6416/6416/6416 6415/6415/6415 6399/6399/6399
o snack_wire
usemtl metal
v -1.349999988079071 1.86 1.2080000003799796
v -1.349999988079071 1.865656854249537 1.205656854249537
v -1.349999988079071 1.8680000003799797 1.2
v -1.349999988079071 1.865656854249537 1.194343145750463
v -1.349999988079071 1.86 1.1919999996200203
v -1.349999988079071 1.854343145750463 1.194343145750463
v -1.349999988079071 1.8519999996200205 1.2
v -1.349999988079071 1.854343145750463 1.205656854249537
v -1.349999988079071 1.86 1.2080000003799796
v 0.5499999880790711 1.8599999999999997 1.2080000003799796
v 0.5499999880790711 1.8656568542495366 1.205656854249537
v 0.5499999880790711 1.8680000003799793 1.2
v 0.5499999880790711 1.8656568542495366 1.194343145750463
v 0.5499999880790711 1.8599999999999997 1.1919999996200203
v 0.5499999880790711 1.8543431457504627 1.194343145750463
v 0.5499999880790711 1.85199999962002 1.2
v 0.5499999880790711 1.8543431457504627 1.205656854249537
v 0.5499999880790711 1.8599999999999997 1.2080000003799796
v -1.349999988079071 1.86 1.2
v -1.349999988079071 1.86 1.2
v -1.349999988079071 1.86 1.2
v -1.349999988079071 1.86 1.2
v -1.349999988079071 1.86 1.2
v -1.349999988079071 1.86 1.2
v -1.349999988079071 1.86 1.2
v -1.349999988079071 1.86 1.2
v -1.349999988079071 1.86 1.2080000003799796
v -1.349999988079071 1.865656854249537 1.205656854249537
v -1.349999988079071 1.8680000003799797 1.2
v -1.349999988079071 1.865656854249537 1.194343145750463
v -1.349999988079071 1.86 1.1919999996200203
v -1.349999988079071 1.854343145750463 1.194343145750463
v -1.349999988079071 1.8519999996200205 1.2
v -1.349999988079071 1.854343145750463 1.205656854249537
v -1.349999988079071 1.86 1.2080000003799796
v 0.5499999880790711 1.8599999999999997 1.2
v 0.5499999880790711 1.8599999999999997 1.2
v 0.5499999880790711 1.8599999999999997 1.2
v 0.5499999880790711 1.8599999999999997 1.2
v 0.5499999880790711 1.8599999999999997 1.2
v 0.5499999880790711 1.8599999999999997 1.2
v 0.5499999880790711 1.8599999999999997 1.2
v 0.5499999880790711 1.8599999999999997 1.2
v 0.5499999880790711 1.8599999999999997 1.2080000003799796
v 0.5499999880790711 1.8656568542495366 1.205656854249537
v 0.5499999880790711 1.8680000003799793 1.2
v 0.5499999880790711 1.8656568542495366 1.194343145750463
v 0.5499999880790711 1.8599999999999997 1.1919999996200203
v 0.5499999880790711 1.8543431457504627 1.194343145750463
v 0.5499999880790711 1.85199999962002 1.2
v 0.5499999880790711 1.8543431457504627 1.205656854249537
v 0.5499999880790711 1.8599999999999997 1.2080000003799796
vt 0 1
vt 0.125 1
vt 0.25 1
vt 0.375 1
vt 0.5 1
vt 0.625 1
vt 0.75 1
vt 0.875 1
vt 1 1
vt 0 0
vt 0.125 0
vt 0.25 0
vt 0.375 0
vt 0.5 0
vt 0.625 0
vt 0.75 0
vt 0.875 0
vt 1 0
vt 0.5 0.5
vt 0.5 0.5
vt 0.5 0.5
vt 0.5 0.5
vt 0.5 0.5
vt 0.5 0.5
vt 0.5 0.5
vt 0.5 0.5
vt 1 0.5
vt 0.8535534143447876 0.8535534143447876
vt 0.5 1
vt 0.1464466154575348 0.8535534143447876
vt 0 0.5
vt 0.1464466154575348 0.1464466154575348
vt 0.5 0
vt 0.8535534143447876 0.1464466154575348
vt 1 0.5
vt 0.5 0.5
vt 0.5 0.5
vt 0.5 0.5
vt 0.5 0.5
vt 0.5 0.5
vt 0.5 0.5
vt 0.5 0.5
vt 0.5 0.5
vt 1 0.5
vt 0.8535534143447876 0.1464466154575348
vt 0.5 0
vt 0.1464466154575348 0.1464466154575348
vt 0 0.5
vt 0.1464466154575348 0.8535534143447876
vt 0.5 1
vt 0.8535534143447876 0.8535534143447876
vt 1 0.5
vn 0 0 1
vn 1.5700924586837752e-16 0.7071067811865476 0.7071067811865476
vn 2.220446049250313e-16 1 6.123234262925839e-17
vn 1.5700924586837752e-16 0.7071067811865476 -0.7071067811865476
vn 2.7192622655495665e-32 1.2246468525851679e-16 -1
vn -1.5700924586837752e-16 -0.7071067811865476 -0.7071067811865476
vn -2.220446049250313e-16 -1 -1.8369701465288538e-16
vn -1.5700924586837752e-16 -0.7071067811865476 0.7071067811865476
vn -5.438524531099133e-32 -2.4492937051703357e-16 1
vn 0 0 1
vn 1.5700924586837752e-16 0.7071067811865476 0.7071067811865476
vn 2.220446049250313e-16 1 6.123234262925839e-17
vn 1.5700924586837752e-16 0.7071067811865476 -0.7071067811865476
vn 2.7192622655495665e-32 1.2246468525851679e-16 -1
vn -1.5700924586837752e-16 -0.7071067811865476 -0.7071067811865476
vn -2.220446049250313e-16 -1 -1.8369701465288538e-16
vn -1.5700924586837752e-16 -0.7071067811865476 0.7071067811865476
vn -5.438524531099133e-32 -2.4492937051703357e-16 1
vn -1 2.220446049250313e-16 0
vn -1 2.220446049250313e-16 0
vn -1 2.220446049250313e-16 0
vn -1 2.220446049250313e-16 0
vn -1 2.220446049250313e-16 0
vn -1 2.220446049250313e-16 0
vn -1 2.220446049250313e-16 0
vn -1 2.220446049250313e-16 0
vn -1 2.220446049250313e-16 0
vn -1 2.220446049250313e-16 0
vn -1 2.220446049250313e-16 0
vn -1 2.220446049250313e-16 0
vn -1 2.220446049250313e-16 0
vn -1 2.220446049250313e-16 0
vn -1 2.220446049250313e-16 0
vn -1 2.220446049250313e-16 0
vn -1 2.220446049250313e-16 0
vn 1 -2.220446049250313e-16 0
vn 1 -2.220446049250313e-16 0
vn 1 -2.220446049250313e-16 0
vn 1 -2.220446049250313e-16 0
vn 1 -2.220446049250313e-16 0
vn 1 -2.220446049250313e-16 0
vn 1 -2.220446049250313e-16 0
vn 1 -2.220446049250313e-16 0
vn 1 -2.220446049250313e-16 0
vn 1 -2.220446049250313e-16 0
vn 1 -2.220446049250313e-16 0
vn 1 -2.220446049250313e-16 0
vn 1 -2.220446049250313e-16 0
vn 1 -2.220446049250313e-16 0
vn 1 -2.220446049250313e-16 0
vn 1 -2.220446049250313e-16 0
vn 1 -2.220446049250313e-16 0
f 6417/6417/6417 6426/6426/6426 6418/6418/6418
f 6426/6426/6426 6427/6427/6427 6418/6418/6418
f 6418/6418/6418 6427/6427/6427 6419/6419/6419
f 6427/6427/6427 6428/6428/6428 6419/6419/6419
f 6419/6419/6419 6428/6428/6428 6420/6420/6420
f 6428/6428/6428 6429/6429/6429 6420/6420/6420
f 6420/6420/6420 6429/6429/6429 6421/6421/6421
f 6429/6429/6429 6430/6430/6430 6421/6421/6421
f 6421/6421/6421 6430/6430/6430 6422/6422/6422
f 6430/6430/6430 6431/6431/6431 6422/6422/6422
f 6422/6422/6422 6431/6431/6431 6423/6423/6423
f 6431/6431/6431 6432/6432/6432 6423/6423/6423
f 6423/6423/6423 6432/6432/6432 6424/6424/6424
f 6432/6432/6432 6433/6433/6433 6424/6424/6424
f 6424/6424/6424 6433/6433/6433 6425/6425/6425
f 6433/6433/6433 6434/6434/6434 6425/6425/6425
f 6443/6443/6443 6444/6444/6444 6435/6435/6435
f 6444/6444/6444 6445/6445/6445 6436/6436/6436
f 6445/6445/6445 6446/6446/6446 6437/6437/6437
f 6446/6446/6446 6447/6447/6447 6438/6438/6438
f 6447/6447/6447 6448/6448/6448 6439/6439/6439
f 6448/6448/6448 6449/6449/6449 6440/6440/6440
f 6449/6449/6449 6450/6450/6450 6441/6441/6441
f 6450/6450/6450 6451/6451/6451 6442/6442/6442
f 6461/6461/6461 6460/6460/6460 6452/6452/6452
f 6462/6462/6462 6461/6461/6461 6453/6453/6453
f 6463/6463/6463 6462/6462/6462 6454/6454/6454
f 6464/6464/6464 6463/6463/6463 6455/6455/6455
f 6465/6465/6465 6464/6464/6464 6456/6456/6456
f 6466/6466/6466 6465/6465/6465 6457/6457/6457
f 6467/6467/6467 6466/6466/6466 6458/6458/6458
f 6468/6468/6468 6467/6467/6467 6459/6459/6459
o snack_bag_1
usemtl snack_yellow
v -1.0764492527676268 1.8236545848132957 1.225000000372529
v -1.0764492527676268 1.8236545848132957 1.174999999627471
v -1.094030485345579 1.6043582106149996 1.225000000372529
v -1.094030485345579 1.6043582106149996 1.174999999627471
v -1.225969514654421 1.8356417893850003 1.174999999627471
v -1.225969514654421 1.8356417893850003 1.225000000372529
v -1.243550747232373 1.6163454151867043 1.174999999627471
v -1.243550747232373 1.6163454151867043 1.225000000372529
v -1.225969514654421 1.8356417893850003 1.174999999627471
v -1.0764492527676268 1.8236545848132957 1.174999999627471
v -1.225969514654421 1.8356417893850003 1.225000000372529
v -1.0764492527676268 1.8236545848132957 1.225000000372529
v -1.243550747232373 1.6163454151867043 1.225000000372529
v -1.094030485345579 1.6043582106149996 1.225000000372529
v -1.243550747232373 1.6163454151867043 1.174999999627471
v -1.094030485345579 1.6043582106149996 1.174999999627471
v -1.225969514654421 1.8356417893850003 1.225000000372529
v -1.0764492527676268 1.8236545848132957 1.225000000372529
v -1.243550747232373 1.6163454151867043 1.225000000372529
v -1.094030485345579 1.6043582106149996 1.225000000372529
v -1.0764492527676268 1.8236545848132957 1.174999999627471
v -1.225969514654421 1.8356417893850003 1.174999999627471
v -1.094030485345579 1.6043582106149996 1.174999999627471
v -1.243550747232373 1.6163454151867043 1.174999999627471
vt 0 1
vt 1 1
vt 0 0
vt 1 0
vt 0 1
vt 1 1
vt 0 0
vt 1 0
vt 0 1
vt 1 1
vt 0 0
vt 1 0
vt 0 1
vt 1 1
vt 0 0
vt 1 0
vt 0 1
vt 1 1
vt 0 0
vt 1 0
vt 0 1
vt 1 1
vt 0 0
vt 1 0
vn 0.9968017063026194 -0.07991469396917268 0
vn 0.9968017063026194 -0.07991469396917268 0
vn 0.9968017063026194 -0.07991469396917268 0
vn 0.9968017063026194 -0.07991469396917268 0
vn -0.9968017063026194 0.07991469396917268 0
vn -0.9968017063026194 0.07991469396917268 0
vn -0.9968017063026194 0.07991469396917268 0
vn -0.9968017063026194 0.07991469396917268 0
vn 0.07991469396917268 0.9968017063026194 0
vn 0.07991469396917268 0.9968017063026194 0
vn 0.07991469396917268 0.9968017063026194 0
vn 0.07991469396917268 0.9968017063026194 0
vn -0.07991469396917268 -0.9968017063026194 0
vn -0.07991469396917268 -0.9968017063026194 0
vn -0.07991469396917268 -0.9968017063026194 0
vn -0.07991469396917268 -0.9968017063026194 0
vn 0 0 1
vn 0 0 1
vn 0 0 1
vn 0 0 1
vn 0 0 -1
vn 0 0 -1
vn 0 0 -1
vn 0 0 -1
f 6469/6469/6469 6471/6471/6471 6470/6470/6470
f 6471/6471/6471 6472/6472/6472 6470/6470/6470
f 6473/6473/6473 6475/6475/6475 6474/6474/6474
f 6475/6475/6475 6476/6476/6476 6474/6474/6474
f 6477/6477/6477 6479/6479/6479 6478/6478/6478
f 6479/6479/6479 6480/6480/6480 6478/6478/6478
f 6481/6481/6481 6483/6483/6483 6482/6482/6482
f 6483/6483/6483 6484/6484/6484 6482/6482/6482
f 6485/6485/6485 6487/6487/6487 6486/6486/6486
f 6487/6487/6487 6488/6488/6488 6486/6486/6486
f 6489/6489/6489 6491/6491/6491 6490/6490/6490
f 6491/6491/6491 6492/6492/6492 6490/6490/6490
o snack_bag_2
usemtl paint_red
v -0.790030485345579 1.8356417893850003 1.225000000372529
v -0.790030485345579 1.8356417893850003 1.174999999627471
v -0.7724492527676268 1.6163454151867043 1.225000000372529
v -0.7724492527676268 1.6163454151867043 1.174999999627471
v -0.939550747232373 1.8236545848132957 1.174999999627471
v -0.939550747232373 1.8236545848132957 1.225000000372529
v -0.9219695146544208 1.6043582106149996 1.174999999627471
v -0.9219695146544208 1.6043582106149996 1.225000000372529
v -0.939550747232373 1.8236545848132957 1.174999999627471
v -0.790030485345579 1.8356417893850003 1.174999999627471
v -0.939550747232373 1.8236545848132957 1.225000000372529
v -0.790030485345579 1.8356417893850003 1.225000000372529
v -0.9219695146544208 1.6043582106149996 1.225000000372529
v -0.7724492527676268 1.6163454151867043 1.225000000372529
v -0.9219695146544208 1.6043582106149996 1.174999999627471
v -0.7724492527676268 1.6163454151867043 1.174999999627471
v -0.939550747232373 1.8236545848132957 1.225000000372529
v -0.790030485345579 1.8356417893850003 1.225000000372529
v -0.9219695146544208 1.6043582106149996 1.225000000372529
v -0.7724492527676268 1.6163454151867043 1.225000000372529
v -0.790030485345579 1.8356417893850003 1.174999999627471
v -0.939550747232373 1.8236545848132957 1.174999999627471
v -0.7724492527676268 1.6163454151867043 1.174999999627471
v -0.9219695146544208 1.6043582106149996 1.174999999627471
vt 0 1
vt 1 1
vt 0 0
vt 1 0
vt 0 1
vt 1 1
vt 0 0
vt 1 0
vt 0 1
vt 1 1
vt 0 0
vt 1 0
vt 0 1
vt 1 1
vt 0 0
vt 1 0
vt 0 1
vt 1 1
vt 0 0
vt 1 0
vt 0 1
vt 1 1
vt 0 0
vt 1 0
vn 0.9968017063026194 0.07991469396917268 0
vn 0.9968017063026194 0.07991469396917268 0
vn 0.9968017063026194 0.07991469396917268 0
vn 0.9968017063026194 0.07991469396917268 0
vn -0.9968017063026194 -0.07991469396917268 0
vn -0.9968017063026194 -0.07991469396917268 0
vn -0.9968017063026194 -0.07991469396917268 0
vn -0.9968017063026194 -0.07991469396917268 0
vn -0.07991469396917268 0.9968017063026194 0
vn -0.07991469396917268 0.9968017063026194 0
vn -0.07991469396917268 0.9968017063026194 0
vn -0.07991469396917268 0.9968017063026194 0
vn 0.07991469396917268 -0.9968017063026194 0
vn 0.07991469396917268 -0.9968017063026194 0
vn 0.07991469396917268 -0.9968017063026194 0
vn 0.07991469396917268 -0.9968017063026194 0
vn 0 0 1
vn 0 0 1
vn 0 0 1
vn 0 0 1
vn 0 0 -1
vn 0 0 -1
vn 0 0 -1
vn 0 0 -1
f 6493/6493/6493 6495/6495/6495 6494/6494/6494
f 6495/6495/6495 6496/6496/6496 6494/6494/6494
f 6497/6497/6497 6499/6499/6499 6498/6498/6498
f 6499/6499/6499 6500/6500/6500 6498/6498/6498
f 6501/6501/6501 6503/6503/6503 6502/6502/6502
f 6503/6503/6503 6504/6504/6504 6502/6502/6502
f 6505/6505/6505 6507/6507/6507 6506/6506/6506
f 6507/6507/6507 6508/6508/6508 6506/6506/6506
f 6509/6509/6509 6511/6511/6511 6510/6510/6510
f 6511/6511/6511 6512/6512/6512 6510/6510/6510
f 6513/6513/6513 6515/6515/6515 6514/6514/6514
f 6515/6515/6515 6516/6516/6516 6514/6514/6514
o snack_bag_3
usemtl enamel
v -0.4684492527676268 1.8236545848132957 1.225000000372529
v -0.4684492527676268 1.8236545848132957 1.174999999627471
v -0.486030485345579 1.6043582106149996 1.225000000372529
v -0.486030485345579 1.6043582106149996 1.174999999627471
v -0.6179695146544208 1.8356417893850003 1.174999999627471
v -0.6179695146544208 1.8356417893850003 1.225000000372529
v -0.6355507472323731 1.6163454151867043 1.174999999627471
v -0.6355507472323731 1.6163454151867043 1.225000000372529
v -0.6179695146544208 1.8356417893850003 1.174999999627471
v -0.4684492527676268 1.8236545848132957 1.174999999627471
v -0.6179695146544208 1.8356417893850003 1.225000000372529
v -0.4684492527676268 1.8236545848132957 1.225000000372529
v -0.6355507472323731 1.6163454151867043 1.225000000372529
v -0.486030485345579 1.6043582106149996 1.225000000372529
v -0.6355507472323731 1.6163454151867043 1.174999999627471
v -0.486030485345579 1.6043582106149996 1.174999999627471
v -0.6179695146544208 1.8356417893850003 1.225000000372529
v -0.4684492527676268 1.8236545848132957 1.225000000372529
v -0.6355507472323731 1.6163454151867043 1.225000000372529
v -0.486030485345579 1.6043582106149996 1.225000000372529
v -0.4684492527676268 1.8236545848132957 1.174999999627471
v -0.6179695146544208 1.8356417893850003 1.174999999627471
v -0.486030485345579 1.6043582106149996 1.174999999627471
v -0.6355507472323731 1.6163454151867043 1.174999999627471
vt 0 1
vt 1 1
vt 0 0
vt 1 0
vt 0 1
vt 1 1
vt 0 0
vt 1 0
vt 0 1
vt 1 1
vt 0 0
vt 1 0
vt 0 1
vt 1 1
vt 0 0
vt 1 0
vt 0 1
vt 1 1
vt 0 0
vt 1 0
vt 0 1
vt 1 1
vt 0 0
vt 1 0
vn 0.9968017063026194 -0.07991469396917268 0
vn 0.9968017063026194 -0.07991469396917268 0
vn 0.9968017063026194 -0.07991469396917268 0
vn 0.9968017063026194 -0.07991469396917268 0
vn -0.9968017063026194 0.07991469396917268 0
vn -0.9968017063026194 0.07991469396917268 0
vn -0.9968017063026194 0.07991469396917268 0
vn -0.9968017063026194 0.07991469396917268 0
vn 0.07991469396917268 0.9968017063026194 0
vn 0.07991469396917268 0.9968017063026194 0
vn 0.07991469396917268 0.9968017063026194 0
vn 0.07991469396917268 0.9968017063026194 0
vn -0.07991469396917268 -0.9968017063026194 0
vn -0.07991469396917268 -0.9968017063026194 0
vn -0.07991469396917268 -0.9968017063026194 0
vn -0.07991469396917268 -0.9968017063026194 0
vn 0 0 1
vn 0 0 1
vn 0 0 1
vn 0 0 1
vn 0 0 -1
vn 0 0 -1
vn 0 0 -1
vn 0 0 -1
f 6517/6517/6517 6519/6519/6519 6518/6518/6518
f 6519/6519/6519 6520/6520/6520 6518/6518/6518
f 6521/6521/6521 6523/6523/6523 6522/6522/6522
f 6523/6523/6523 6524/6524/6524 6522/6522/6522
f 6525/6525/6525 6527/6527/6527 6526/6526/6526
f 6527/6527/6527 6528/6528/6528 6526/6526/6526
f 6529/6529/6529 6531/6531/6531 6530/6530/6530
f 6531/6531/6531 6532/6532/6532 6530/6530/6530
f 6533/6533/6533 6535/6535/6535 6534/6534/6534
f 6535/6535/6535 6536/6536/6536 6534/6534/6534
f 6537/6537/6537 6539/6539/6539 6538/6538/6538
f 6539/6539/6539 6540/6540/6540 6538/6538/6538
o snack_bag_4
usemtl snack_yellow
v -0.18203048534557908 1.8356417893850003 1.225000000372529
v -0.18203048534557908 1.8356417893850003 1.174999999627471
v -0.16444925276762684 1.6163454151867043 1.225000000372529
v -0.16444925276762684 1.6163454151867043 1.174999999627471
v -0.33155074723237316 1.8236545848132957 1.174999999627471
v -0.33155074723237316 1.8236545848132957 1.225000000372529
v -0.3139695146544209 1.6043582106149996 1.174999999627471
v -0.3139695146544209 1.6043582106149996 1.225000000372529
v -0.33155074723237316 1.8236545848132957 1.174999999627471
v -0.18203048534557908 1.8356417893850003 1.174999999627471
v -0.33155074723237316 1.8236545848132957 1.225000000372529
v -0.18203048534557908 1.8356417893850003 1.225000000372529
v -0.3139695146544209 1.6043582106149996 1.225000000372529
v -0.16444925276762684 1.6163454151867043 1.225000000372529
v -0.3139695146544209 1.6043582106149996 1.174999999627471
v -0.16444925276762684 1.6163454151867043 1.174999999627471
v -0.33155074723237316 1.8236545848132957 1.225000000372529
v -0.18203048534557908 1.8356417893850003 1.225000000372529
v -0.3139695146544209 1.6043582106149996 1.225000000372529
v -0.16444925276762684 1.6163454151867043 1.225000000372529
v -0.18203048534557908 1.8356417893850003 1.174999999627471
v -0.33155074723237316 1.8236545848132957 1.174999999627471
v -0.16444925276762684 1.6163454151867043 1.174999999627471
v -0.3139695146544209 1.6043582106149996 1.174999999627471
vt 0 1
vt 1 1
vt 0 0
vt 1 0
vt 0 1
vt 1 1
vt 0 0
vt 1 0
vt 0 1
vt 1 1
vt 0 0
vt 1 0
vt 0 1
vt 1 1
vt 0 0
vt 1 0
vt 0 1
vt 1 1
vt 0 0
vt 1 0
vt 0 1
vt 1 1
vt 0 0
vt 1 0
vn 0.9968017063026194 0.07991469396917268 0
vn 0.9968017063026194 0.07991469396917268 0
vn 0.9968017063026194 0.07991469396917268 0
vn 0.9968017063026194 0.07991469396917268 0
vn -0.9968017063026194 -0.07991469396917268 0
vn -0.9968017063026194 -0.07991469396917268 0
vn -0.9968017063026194 -0.07991469396917268 0
vn -0.9968017063026194 -0.07991469396917268 0
vn -0.07991469396917268 0.9968017063026194 0
vn -0.07991469396917268 0.9968017063026194 0
vn -0.07991469396917268 0.9968017063026194 0
vn -0.07991469396917268 0.9968017063026194 0
vn 0.07991469396917268 -0.9968017063026194 0
vn 0.07991469396917268 -0.9968017063026194 0
vn 0.07991469396917268 -0.9968017063026194 0
vn 0.07991469396917268 -0.9968017063026194 0
vn 0 0 1
vn 0 0 1
vn 0 0 1
vn 0 0 1
vn 0 0 -1
vn 0 0 -1
vn 0 0 -1
vn 0 0 -1
f 6541/6541/6541 6543/6543/6543 6542/6542/6542
f 6543/6543/6543 6544/6544/6544 6542/6542/6542
f 6545/6545/6545 6547/6547/6547 6546/6546/6546
f 6547/6547/6547 6548/6548/6548 6546/6546/6546
f 6549/6549/6549 6551/6551/6551 6550/6550/6550
f 6551/6551/6551 6552/6552/6552 6550/6550/6550
f 6553/6553/6553 6555/6555/6555 6554/6554/6554
f 6555/6555/6555 6556/6556/6556 6554/6554/6554
f 6557/6557/6557 6559/6559/6559 6558/6558/6558
f 6559/6559/6559 6560/6560/6560 6558/6558/6558
f 6561/6561/6561 6563/6563/6563 6562/6562/6562
f 6563/6563/6563 6564/6564/6564 6562/6562/6562
o snack_bag_5
usemtl paint_red
v 0.1395507472323732 1.8236545848132957 1.225000000372529
v 0.1395507472323732 1.8236545848132957 1.174999999627471
v 0.12196951465442096 1.6043582106149996 1.225000000372529
v 0.12196951465442096 1.6043582106149996 1.174999999627471
v -0.009969514654420863 1.8356417893850003 1.174999999627471
v -0.009969514654420863 1.8356417893850003 1.225000000372529
v -0.027550747232373107 1.6163454151867043 1.174999999627471
v -0.027550747232373107 1.6163454151867043 1.225000000372529
v -0.009969514654420863 1.8356417893850003 1.174999999627471
v 0.1395507472323732 1.8236545848132957 1.174999999627471
v -0.009969514654420863 1.8356417893850003 1.225000000372529
v 0.1395507472323732 1.8236545848132957 1.225000000372529
v -0.027550747232373107 1.6163454151867043 1.225000000372529
v 0.12196951465442096 1.6043582106149996 1.225000000372529
v -0.027550747232373107 1.6163454151867043 1.174999999627471
v 0.12196951465442096 1.6043582106149996 1.174999999627471
v -0.009969514654420863 1.8356417893850003 1.225000000372529
v 0.1395507472323732 1.8236545848132957 1.225000000372529
v -0.027550747232373107 1.6163454151867043 1.225000000372529
v 0.12196951465442096 1.6043582106149996 1.225000000372529
v 0.1395507472323732 1.8236545848132957 1.174999999627471
v -0.009969514654420863 1.8356417893850003 1.174999999627471
v 0.12196951465442096 1.6043582106149996 1.174999999627471
v -0.027550747232373107 1.6163454151867043 1.174999999627471
vt 0 1
vt 1 1
vt 0 0
vt 1 0
vt 0 1
vt 1 1
vt 0 0
vt 1 0
vt 0 1
vt 1 1
vt 0 0
vt 1 0
vt 0 1
vt 1 1
vt 0 0
vt 1 0
vt 0 1
vt 1 1
vt 0 0
vt 1 0
vt 0 1
vt 1 1
vt 0 0
vt 1 0
vn 0.9968017063026194 -0.07991469396917268 0
vn 0.9968017063026194 -0.07991469396917268 0
vn 0.9968017063026194 -0.07991469396917268 0
vn 0.9968017063026194 -0.07991469396917268 0
vn -0.9968017063026194 0.07991469396917268 0
vn -0.9968017063026194 0.07991469396917268 0
vn -0.9968017063026194 0.07991469396917268 0
vn -0.9968017063026194 0.07991469396917268 0
vn 0.07991469396917268 0.9968017063026194 0
vn 0.07991469396917268 0.9968017063026194 0
vn 0.07991469396917268 0.9968017063026194 0
vn 0.07991469396917268 0.9968017063026194 0
vn -0.07991469396917268 -0.9968017063026194 0
vn -0.07991469396917268 -0.9968017063026194 0
vn -0.07991469396917268 -0.9968017063026194 0
vn -0.07991469396917268 -0.9968017063026194 0
vn 0 0 1
vn 0 0 1
vn 0 0 1
vn 0 0 1
vn 0 0 -1
vn 0 0 -1
vn 0 0 -1
vn 0 0 -1
f 6565/6565/6565 6567/6567/6567 6566/6566/6566
f 6567/6567/6567 6568/6568/6568 6566/6566/6566
f 6569/6569/6569 6571/6571/6571 6570/6570/6570
f 6571/6571/6571 6572/6572/6572 6570/6570/6570
f 6573/6573/6573 6575/6575/6575 6574/6574/6574
f 6575/6575/6575 6576/6576/6576 6574/6574/6574
f 6577/6577/6577 6579/6579/6579 6578/6578/6578
f 6579/6579/6579 6580/6580/6580 6578/6578/6578
f 6581/6581/6581 6583/6583/6583 6582/6582/6582
f 6583/6583/6583 6584/6584/6584 6582/6582/6582
f 6585/6585/6585 6587/6587/6587 6586/6586/6586
f 6587/6587/6587 6588/6588/6588 6586/6586/6586
o snack_bag_6
usemtl enamel
v 0.425969514654421 1.8356417893850003 1.225000000372529
v 0.425969514654421 1.8356417893850003 1.174999999627471
v 0.44355074723237325 1.6163454151867043 1.225000000372529
v 0.44355074723237325 1.6163454151867043 1.174999999627471
v 0.27644925276762694 1.8236545848132957 1.174999999627471
v 0.27644925276762694 1.8236545848132957 1.225000000372529
v 0.2940304853455792 1.6043582106149996 1.174999999627471
v 0.2940304853455792 1.6043582106149996 1.225000000372529
v 0.27644925276762694 1.8236545848132957 1.174999999627471
v 0.425969514654421 1.8356417893850003 1.174999999627471
v 0.27644925276762694 1.8236545848132957 1.225000000372529
v 0.425969514654421 1.8356417893850003 1.225000000372529
v 0.2940304853455792 1.6043582106149996 1.225000000372529
v 0.44355074723237325 1.6163454151867043 1.225000000372529
v 0.2940304853455792 1.6043582106149996 1.174999999627471
v 0.44355074723237325 1.6163454151867043 1.174999999627471
v 0.27644925276762694 1.8236545848132957 1.225000000372529
v 0.425969514654421 1.8356417893850003 1.225000000372529
v 0.2940304853455792 1.6043582106149996 1.225000000372529
v 0.44355074723237325 1.6163454151867043 1.225000000372529
v 0.425969514654421 1.8356417893850003 1.174999999627471
v 0.27644925276762694 1.8236545848132957 1.174999999627471
v 0.44355074723237325 1.6163454151867043 1.174999999627471
v 0.2940304853455792 1.6043582106149996 1.174999999627471
vt 0 1
vt 1 1
vt 0 0
vt 1 0
vt 0 1
vt 1 1
vt 0 0
vt 1 0
vt 0 1
vt 1 1
vt 0 0
vt 1 0
vt 0 1
vt 1 1
vt 0 0
vt 1 0
vt 0 1
vt 1 1
vt 0 0
vt 1 0
vt 0 1
vt 1 1
vt 0 0
vt 1 0
vn 0.9968017063026194 0.07991469396917268 0
vn 0.9968017063026194 0.07991469396917268 0
vn 0.9968017063026194 0.07991469396917268 0
vn 0.9968017063026194 0.07991469396917268 0
vn -0.9968017063026194 -0.07991469396917268 0
vn -0.9968017063026194 -0.07991469396917268 0
vn -0.9968017063026194 -0.07991469396917268 0
vn -0.9968017063026194 -0.07991469396917268 0
vn -0.07991469396917268 0.9968017063026194 0
vn -0.07991469396917268 0.9968017063026194 0
vn -0.07991469396917268 0.9968017063026194 0
vn -0.07991469396917268 0.9968017063026194 0
vn 0.07991469396917268 -0.9968017063026194 0
vn 0.07991469396917268 -0.9968017063026194 0
vn 0.07991469396917268 -0.9968017063026194 0
vn 0.07991469396917268 -0.9968017063026194 0
vn 0 0 1
vn 0 0 1
vn 0 0 1
vn 0 0 1
vn 0 0 -1
vn 0 0 -1
vn 0 0 -1
vn 0 0 -1
f 6589/6589/6589 6591/6591/6591 6590/6590/6590
f 6591/6591/6591 6592/6592/6592 6590/6590/6590
f 6593/6593/6593 6595/6595/6595 6594/6594/6594
f 6595/6595/6595 6596/6596/6596 6594/6594/6594
f 6597/6597/6597 6599/6599/6599 6598/6598/6598
f 6599/6599/6599 6600/6600/6600 6598/6598/6598
f 6601/6601/6601 6603/6603/6603 6602/6602/6602
f 6603/6603/6603 6604/6604/6604 6602/6602/6602
f 6605/6605/6605 6607/6607/6607 6606/6606/6606
f 6607/6607/6607 6608/6608/6608 6606/6606/6606
f 6609/6609/6609 6611/6611/6611 6610/6610/6610
f 6611/6611/6611 6612/6612/6612 6610/6610/6610
o stool_seat
usemtl snack_yellow
v -2.0799999982118607 0.505000000372529 2.3700000017881395
v -2.0799999982118607 0.505000000372529 2.029999998211861
v -2.0799999982118607 0.45499999962747095 2.3700000017881395
v -2.0799999982118607 0.45499999962747095 2.029999998211861
v -2.4200000017881393 0.505000000372529 2.029999998211861
v -2.4200000017881393 0.505000000372529 2.3700000017881395
v -2.4200000017881393 0.45499999962747095 2.029999998211861
v -2.4200000017881393 0.45499999962747095 2.3700000017881395
v -2.4200000017881393 0.505000000372529 2.029999998211861
v -2.0799999982118607 0.505000000372529 2.029999998211861
v -2.4200000017881393 0.505000000372529 2.3700000017881395
v -2.0799999982118607 0.505000000372529 2.3700000017881395
v -2.4200000017881393 0.45499999962747095 2.3700000017881395
v -2.0799999982118607 0.45499999962747095 2.3700000017881395
v -2.4200000017881393 0.45499999962747095 2.029999998211861
v -2.0799999982118607 0.45499999962747095 2.029999998211861
v -2.4200000017881393 0.505000000372529 2.3700000017881395
v -2.0799999982118607 0.505000000372529 2.3700000017881395
v -2.4200000017881393 0.45499999962747095 2.3700000017881395
v -2.0799999982118607 0.45499999962747095 2.3700000017881395
v -2.0799999982118607 0.505000000372529 2.029999998211861
v -2.4200000017881393 0.505000000372529 2.029999998211861
v -2.0799999982118607 0.45499999962747095 2.029999998211861
v -2.4200000017881393 0.45499999962747095 2.029999998211861
vt 0 1
vt 1 1
vt 0 0
vt 1 0
vt 0 1
vt 1 1
vt 0 0
vt 1 0
vt 0 1
vt 1 1
vt 0 0
vt 1 0
vt 0 1
vt 1 1
vt 0 0
vt 1 0
vt 0 1
vt 1 1
vt 0 0
vt 1 0
vt 0 1
vt 1 1
vt 0 0
vt 1 0
vn 1 0 0
vn 1 0 0
vn 1 0 0
vn 1 0 0
vn -1 0 0
vn -1 0 0
vn -1 0 0
vn -1 0 0
vn 0 1 0
vn 0 1 0
vn 0 1 0
vn 0 1 0
vn 0 -1 0
vn 0 -1 0
vn 0 -1 0
vn 0 -1 0
vn 0 0 1
vn 0 0 1
vn 0 0 1
vn 0 0 1
vn 0 0 -1
vn 0 0 -1
vn 0 0 -1
vn 0 0 -1
f 6613/6613/6613 6615/6615/6615 6614/6614/6614
f 6615/6615/6615 6616/6616/6616 6614/6614/6614
f 6617/6617/6617 6619/6619/6619 6618/6618/6618
f 6619/6619/6619 6620/6620/6620 6618/6618/6618
f 6621/6621/6621 6623/6623/6623 6622/6622/6622
f 6623/6623/6623 6624/6624/6624 6622/6622/6622
f 6625/6625/6625 6627/6627/6627 6626/6626/6626
f 6627/6627/6627 6628/6628/6628 6626/6626/6626
f 6629/6629/6629 6631/6631/6631 6630/6630/6630
f 6631/6631/6631 6632/6632/6632 6630/6630/6630
f 6633/6633/6633 6635/6635/6635 6634/6634/6634
f 6635/6635/6635 6636/6636/6636 6634/6634/6634
o stool_leg_1
usemtl snack_yellow
v -2.38 0.4799999934434891 2.091999999880791
v -2.3670687248185276 0.4799999934434891 2.087798373475671
v -2.3590767561644315 0.4799999934434891 2.076798374000937
v -2.3590767561644315 0.4799999934434891 2.0632016259990635
v -2.3670687248185276 0.4799999934434891 2.0522016265243295
v -2.38 0.4799999934434891 2.0480000001192096
v -2.392931275181472 0.4799999934434891 2.0522016265243295
v -2.4009232438355683 0.4799999934434891 2.0632016259990635
v -2.4009232438355683 0.4799999934434891 2.076798374000937
v -2.392931275181472 0.4799999934434891 2.087798373475671
v -2.38 0.4799999934434891 2.091999999880791
v -2.38 0.06000000655651094 2.091999999880791
v -2.3670687248185276 0.06000000655651094 2.087798373475671
v -2.3590767561644315 0.06000000655651094 2.076798374000937
v -2.3590767561644315 0.06000000655651094 2.0632016259990635
v -2.3670687248185276 0.06000000655651094 2.0522016265243295
v -2.38 0.06000000655651094 2.0480000001192096
v -2.392931275181472 0.06000000655651094 2.0522016265243295
v -2.4009232438355683 0.06000000655651094 2.0632016259990635
v -2.4009232438355683 0.06000000655651094 2.076798374000937
v -2.392931275181472 0.06000000655651094 2.087798373475671
v -2.38 0.06000000655651094 2.091999999880791
v -2.38 0.4799999934434891 2.0700000000000003
v -2.38 0.4799999934434891 2.0700000000000003
v -2.38 0.4799999934434891 2.0700000000000003
v -2.38 0.4799999934434891 2.0700000000000003
v -2.38 0.4799999934434891 2.0700000000000003
v -2.38 0.4799999934434891 2.0700000000000003
v -2.38 0.4799999934434891 2.0700000000000003
v -2.38 0.4799999934434891 2.0700000000000003
v -2.38 0.4799999934434891 2.0700000000000003
v -2.38 0.4799999934434891 2.0700000000000003
v -2.38 0.4799999934434891 2.091999999880791
v -2.3670687248185276 0.4799999934434891 2.087798373475671
v -2.3590767561644315 0.4799999934434891 2.076798374000937
v -2.3590767561644315 0.4799999934434891 2.0632016259990635
v -2.3670687248185276 0.4799999934434891 2.0522016265243295
v -2.38 0.4799999934434891 2.0480000001192096
v -2.392931275181472 0.4799999934434891 2.0522016265243295
v -2.4009232438355683 0.4799999934434891 2.0632016259990635
v -2.4009232438355683 0.4799999934434891 2.076798374000937
v -2.392931275181472 0.4799999934434891 2.087798373475671
v -2.38 0.4799999934434891 2.091999999880791
v -2.38 0.06000000655651094 2.0700000000000003
v -2.38 0.06000000655651094 2.0700000000000003
v -2.38 0.06000000655651094 2.0700000000000003
v -2.38 0.06000000655651094 2.0700000000000003
v -2.38 0.06000000655651094 2.0700000000000003
v -2.38 0.06000000655651094 2.0700000000000003
v -2.38 0.06000000655651094 2.0700000000000003
v -2.38 0.06000000655651094 2.0700000000000003
v -2.38 0.06000000655651094 2.0700000000000003
v -2.38 0.06000000655651094 2.0700000000000003
v -2.38 0.06000000655651094 2.091999999880791
v -2.3670687248185276 0.06000000655651094 2.087798373475671
v -2.3590767561644315 0.06000000655651094 2.076798374000937
v -2.3590767561644315 0.06000000655651094 2.0632016259990635
v -2.3670687248185276 0.06000000655651094 2.0522016265243295
v -2.38 0.06000000655651094 2.0480000001192096
v -2.392931275181472 0.06000000655651094 2.0522016265243295
v -2.4009232438355683 0.06000000655651094 2.0632016259990635
v -2.4009232438355683 0.06000000655651094 2.076798374000937
v -2.392931275181472 0.06000000655651094 2.087798373475671
v -2.38 0.06000000655651094 2.091999999880791
vt 0 1
vt 0.10000000149011612 1
vt 0.20000000298023224 1
vt 0.30000001192092896 1
vt 0.4000000059604645 1
vt 0.5 1
vt 0.6000000238418579 1
vt 0.699999988079071 1
vt 0.800000011920929 1
vt 0.8999999761581421 1
vt 1 1
vt 0 0
vt 0.10000000149011612 0
vt 0.20000000298023224 0
vt 0.30000001192092896 0
vt 0.4000000059604645 0
vt 0.5 0
vt 0.6000000238418579 0
vt 0.699999988079071 0
vt 0.800000011920929 0
vt 0.8999999761581421 0
vt 1 0
vt 0.5 0.5
vt 0.5 0.5
vt 0.5 0.5
vt 0.5 0.5
vt 0.5 0.5
vt 0.5 0.5
vt 0.5 0.5
vt 0.5 0.5
vt 0.5 0.5
vt 0.5 0.5
vt 1 0.5
vt 0.9045084714889526 0.7938926219940186
vt 0.6545084714889526 0.9755282402038574
vt 0.345491498708725 0.9755282402038574
vt 0.09549150615930557 0.7938926219940186
vt 0 0.5
vt 0.09549150615930557 0.20610737800598145
vt 0.345491498708725 0.024471741169691086
vt 0.6545084714889526 0.024471741169691086
vt 0.9045084714889526 0.20610737800598145
vt 1 0.5
vt 0.5 0.5
vt 0.5 0.5
vt 0.5 0.5
vt 0.5 0.5
vt 0.5 0.5
vt 0.5 0.5
vt 0.5 0.5
vt 0.5 0.5
vt 0.5 0.5
vt 0.5 0.5
vt 1 0.5
vt 0.9045084714889526 0.20610737800598145
vt 0.6545084714889526 0.024471741169691086
vt 0.345491498708725 0.024471741169691086
vt 0.09549150615930557 0.20610737800598145
vt 0 0.5
vt 0.09549150615930557 0.7938926219940186
vt 0.345491498708725 0.9755282402038574
vt 0.6545084714889526 0.9755282402038574
vt 0.9045084714889526 0.7938926219940186
vt 1 0.5
vn 0 0 1
vn 0.5877852429542022 0 0.8090170011595983
vn 0.9510565161477913 0 0.3090169948284817
vn 0.9510565161477913 0 -0.3090169948284817
vn 0.5877852429542022 0 -0.8090170011595983
vn 1.2246468525851679e-16 0 -1
vn -0.5877852429542022 0 -0.8090170011595983
vn -0.9510565161477913 0 -0.3090169948284817
vn -0.9510565161477913 0 0.3090169948284817
vn -0.5877852429542022 0 0.8090170011595983
vn -2.4492937051703357e-16 0 1
vn 0 0 1
vn 0.5877852429542022 0 0.8090170011595983
vn 0.9510565161477913 0 0.3090169948284817
vn 0.9510565161477913 0 -0.3090169948284817
vn 0.5877852429542022 0 -0.8090170011595983
vn 1.2246468525851679e-16 0 -1
vn -0.5877852429542022 0 -0.8090170011595983
vn -0.9510565161477913 0 -0.3090169948284817
vn -0.9510565161477913 0 0.3090169948284817
vn -0.5877852429542022 0 0.8090170011595983
vn -2.4492937051703357e-16 0 1
vn 0 1 0
vn 0 1 0
vn 0 1 0
vn 0 1 0
vn 0 1 0
vn 0 1 0
vn 0 1 0
vn 0 1 0
vn 0 1 0
vn 0 1 0
vn 0 1 0
vn 0 1 0
vn 0 1 0
vn 0 1 0
vn 0 1 0
vn 0 1 0
vn 0 1 0
vn 0 1 0
vn 0 1 0
vn 0 1 0
vn 0 1 0
vn 0 -1 0
vn 0 -1 0
vn 0 -1 0
vn 0 -1 0
vn 0 -1 0
vn 0 -1 0
vn 0 -1 0
vn 0 -1 0
vn 0 -1 0
vn 0 -1 0
vn 0 -1 0
vn 0 -1 0
vn 0 -1 0
vn 0 -1 0
vn 0 -1 0
vn 0 -1 0
vn 0 -1 0
vn 0 -1 0
vn 0 -1 0
vn 0 -1 0
vn 0 -1 0
f 6637/6637/6637 6648/6648/6648 6638/6638/6638
f 6648/6648/6648 6649/6649/6649 6638/6638/6638
f 6638/6638/6638 6649/6649/6649 6639/6639/6639
f 6649/6649/6649 6650/6650/6650 6639/6639/6639
f 6639/6639/6639 6650/6650/6650 6640/6640/6640
f 6650/6650/6650 6651/6651/6651 6640/6640/6640
f 6640/6640/6640 6651/6651/6651 6641/6641/6641
f 6651/6651/6651 6652/6652/6652 6641/6641/6641
f 6641/6641/6641 6652/6652/6652 6642/6642/6642
f 6652/6652/6652 6653/6653/6653 6642/6642/6642
f 6642/6642/6642 6653/6653/6653 6643/6643/6643
f 6653/6653/6653 6654/6654/6654 6643/6643/6643
f 6643/6643/6643 6654/6654/6654 6644/6644/6644
f 6654/6654/6654 6655/6655/6655 6644/6644/6644
f 6644/6644/6644 6655/6655/6655 6645/6645/6645
f 6655/6655/6655 6656/6656/6656 6645/6645/6645
f 6645/6645/6645 6656/6656/6656 6646/6646/6646
f 6656/6656/6656 6657/6657/6657 6646/6646/6646
f 6646/6646/6646 6657/6657/6657 6647/6647/6647
f 6657/6657/6657 6658/6658/6658 6647/6647/6647
f 6669/6669/6669 6670/6670/6670 6659/6659/6659
f 6670/6670/6670 6671/6671/6671 6660/6660/6660
f 6671/6671/6671 6672/6672/6672 6661/6661/6661
f 6672/6672/6672 6673/6673/6673 6662/6662/6662
f 6673/6673/6673 6674/6674/6674 6663/6663/6663
f 6674/6674/6674 6675/6675/6675 6664/6664/6664
f 6675/6675/6675 6676/6676/6676 6665/6665/6665
f 6676/6676/6676 6677/6677/6677 6666/6666/6666
f 6677/6677/6677 6678/6678/6678 6667/6667/6667
f 6678/6678/6678 6679/6679/6679 6668/6668/6668
f 6691/6691/6691 6690/6690/6690 6680/6680/6680
f 6692/6692/6692 6691/6691/6691 6681/6681/6681
f 6693/6693/6693 6692/6692/6692 6682/6682/6682
f 6694/6694/6694 6693/6693/6693 6683/6683/6683
f 6695/6695/6695 6694/6694/6694 6684/6684/6684
f 6696/6696/6696 6695/6695/6695 6685/6685/6685
f 6697/6697/6697 6696/6696/6696 6686/6686/6686
f 6698/6698/6698 6697/6697/6697 6687/6687/6687
f 6699/6699/6699 6698/6698/6698 6688/6688/6688
f 6700/6700/6700 6699/6699/6699 6689/6689/6689
o stool_leg_2
usemtl snack_yellow
v -2.12 0.4799999934434891 2.091999999880791
v -2.107068724818528 0.4799999934434891 2.087798373475671
v -2.0990767561644317 0.4799999934434891 2.076798374000937
v -2.0990767561644317 0.4799999934434891 2.0632016259990635
v -2.107068724818528 0.4799999934434891 2.0522016265243295
v -2.12 0.4799999934434891 2.0480000001192096
v -2.1329312751814724 0.4799999934434891 2.0522016265243295
v -2.1409232438355685 0.4799999934434891 2.0632016259990635
v -2.1409232438355685 0.4799999934434891 2.076798374000937
v -2.1329312751814724 0.4799999934434891 2.087798373475671
v -2.12 0.4799999934434891 2.091999999880791
v -2.12 0.06000000655651094 2.091999999880791
v -2.107068724818528 0.06000000655651094 2.087798373475671
v -2.0990767561644317 0.06000000655651094 2.076798374000937
v -2.0990767561644317 0.06000000655651094 2.0632016259990635
v -2.107068724818528 0.06000000655651094 2.0522016265243295
v -2.12 0.06000000655651094 2.0480000001192096
v -2.1329312751814724 0.06000000655651094 2.0522016265243295
v -2.1409232438355685 0.06000000655651094 2.0632016259990635
v -2.1409232438355685 0.06000000655651094 2.076798374000937
v -2.1329312751814724 0.06000000655651094 2.087798373475671
v -2.12 0.06000000655651094 2.091999999880791
v -2.12 0.4799999934434891 2.0700000000000003
v -2.12 0.4799999934434891 2.0700000000000003
v -2.12 0.4799999934434891 2.0700000000000003
v -2.12 0.4799999934434891 2.0700000000000003
v -2.12 0.4799999934434891 2.0700000000000003
v -2.12 0.4799999934434891 2.0700000000000003
v -2.12 0.4799999934434891 2.0700000000000003
v -2.12 0.4799999934434891 2.0700000000000003
v -2.12 0.4799999934434891 2.0700000000000003
v -2.12 0.4799999934434891 2.0700000000000003
v -2.12 0.4799999934434891 2.091999999880791
v -2.107068724818528 0.4799999934434891 2.087798373475671
v -2.0990767561644317 0.4799999934434891 2.076798374000937
v -2.0990767561644317 0.4799999934434891 2.0632016259990635
v -2.107068724818528 0.4799999934434891 2.0522016265243295
v -2.12 0.4799999934434891 2.0480000001192096
v -2.1329312751814724 0.4799999934434891 2.0522016265243295
v -2.1409232438355685 0.4799999934434891 2.0632016259990635
v -2.1409232438355685 0.4799999934434891 2.076798374000937
v -2.1329312751814724 0.4799999934434891 2.087798373475671
v -2.12 0.4799999934434891 2.091999999880791
v -2.12 0.06000000655651094 2.0700000000000003
v -2.12 0.06000000655651094 2.0700000000000003
v -2.12 0.06000000655651094 2.0700000000000003
v -2.12 0.06000000655651094 2.0700000000000003
v -2.12 0.06000000655651094 2.0700000000000003
v -2.12 0.06000000655651094 2.0700000000000003
v -2.12 0.06000000655651094 2.0700000000000003
v -2.12 0.06000000655651094 2.0700000000000003
v -2.12 0.06000000655651094 2.0700000000000003
v -2.12 0.06000000655651094 2.0700000000000003
v -2.12 0.06000000655651094 2.091999999880791
v -2.107068724818528 0.06000000655651094 2.087798373475671
v -2.0990767561644317 0.06000000655651094 2.076798374000937
v -2.0990767561644317 0.06000000655651094 2.0632016259990635
v -2.107068724818528 0.06000000655651094 2.0522016265243295
v -2.12 0.06000000655651094 2.0480000001192096
v -2.1329312751814724 0.06000000655651094 2.0522016265243295
v -2.1409232438355685 0.06000000655651094 2.0632016259990635
v -2.1409232438355685 0.06000000655651094 2.076798374000937
v -2.1329312751814724 0.06000000655651094 2.087798373475671
v -2.12 0.06000000655651094 2.091999999880791
vt 0 1
vt 0.10000000149011612 1
vt 0.20000000298023224 1
vt 0.30000001192092896 1
vt 0.4000000059604645 1
vt 0.5 1
vt 0.6000000238418579 1
vt 0.699999988079071 1
vt 0.800000011920929 1
vt 0.8999999761581421 1
vt 1 1
vt 0 0
vt 0.10000000149011612 0
vt 0.20000000298023224 0
vt 0.30000001192092896 0
vt 0.4000000059604645 0
vt 0.5 0
vt 0.6000000238418579 0
vt 0.699999988079071 0
vt 0.800000011920929 0
vt 0.8999999761581421 0
vt 1 0
vt 0.5 0.5
vt 0.5 0.5
vt 0.5 0.5
vt 0.5 0.5
vt 0.5 0.5
vt 0.5 0.5
vt 0.5 0.5
vt 0.5 0.5
vt 0.5 0.5
vt 0.5 0.5
vt 1 0.5
vt 0.9045084714889526 0.7938926219940186
vt 0.6545084714889526 0.9755282402038574
vt 0.345491498708725 0.9755282402038574
vt 0.09549150615930557 0.7938926219940186
vt 0 0.5
vt 0.09549150615930557 0.20610737800598145
vt 0.345491498708725 0.024471741169691086
vt 0.6545084714889526 0.024471741169691086
vt 0.9045084714889526 0.20610737800598145
vt 1 0.5
vt 0.5 0.5
vt 0.5 0.5
vt 0.5 0.5
vt 0.5 0.5
vt 0.5 0.5
vt 0.5 0.5
vt 0.5 0.5
vt 0.5 0.5
vt 0.5 0.5
vt 0.5 0.5
vt 1 0.5
vt 0.9045084714889526 0.20610737800598145
vt 0.6545084714889526 0.024471741169691086
vt 0.345491498708725 0.024471741169691086
vt 0.09549150615930557 0.20610737800598145
vt 0 0.5
vt 0.09549150615930557 0.7938926219940186
vt 0.345491498708725 0.9755282402038574
vt 0.6545084714889526 0.9755282402038574
vt 0.9045084714889526 0.7938926219940186
vt 1 0.5
vn 0 0 1
vn 0.5877852429542022 0 0.8090170011595983
vn 0.9510565161477913 0 0.3090169948284817
vn 0.9510565161477913 0 -0.3090169948284817
vn 0.5877852429542022 0 -0.8090170011595983
vn 1.2246468525851679e-16 0 -1
vn -0.5877852429542022 0 -0.8090170011595983
vn -0.9510565161477913 0 -0.3090169948284817
vn -0.9510565161477913 0 0.3090169948284817
vn -0.5877852429542022 0 0.8090170011595983
vn -2.4492937051703357e-16 0 1
vn 0 0 1
vn 0.5877852429542022 0 0.8090170011595983
vn 0.9510565161477913 0 0.3090169948284817
vn 0.9510565161477913 0 -0.3090169948284817
vn 0.5877852429542022 0 -0.8090170011595983
vn 1.2246468525851679e-16 0 -1
vn -0.5877852429542022 0 -0.8090170011595983
vn -0.9510565161477913 0 -0.3090169948284817
vn -0.9510565161477913 0 0.3090169948284817
vn -0.5877852429542022 0 0.8090170011595983
vn -2.4492937051703357e-16 0 1
vn 0 1 0
vn 0 1 0
vn 0 1 0
vn 0 1 0
vn 0 1 0
vn 0 1 0
vn 0 1 0
vn 0 1 0
vn 0 1 0
vn 0 1 0
vn 0 1 0
vn 0 1 0
vn 0 1 0
vn 0 1 0
vn 0 1 0
vn 0 1 0
vn 0 1 0
vn 0 1 0
vn 0 1 0
vn 0 1 0
vn 0 1 0
vn 0 -1 0
vn 0 -1 0
vn 0 -1 0
vn 0 -1 0
vn 0 -1 0
vn 0 -1 0
vn 0 -1 0
vn 0 -1 0
vn 0 -1 0
vn 0 -1 0
vn 0 -1 0
vn 0 -1 0
vn 0 -1 0
vn 0 -1 0
vn 0 -1 0
vn 0 -1 0
vn 0 -1 0
vn 0 -1 0
vn 0 -1 0
vn 0 -1 0
vn 0 -1 0
f 6701/6701/6701 6712/6712/6712 6702/6702/6702
f 6712/6712/6712 6713/6713/6713 6702/6702/6702
f 6702/6702/6702 6713/6713/6713 6703/6703/6703
f 6713/6713/6713 6714/6714/6714 6703/6703/6703
f 6703/6703/6703 6714/6714/6714 6704/6704/6704
f 6714/6714/6714 6715/6715/6715 6704/6704/6704
f 6704/6704/6704 6715/6715/6715 6705/6705/6705
f 6715/6715/6715 6716/6716/6716 6705/6705/6705
f 6705/6705/6705 6716/6716/6716 6706/6706/6706
f 6716/6716/6716 6717/6717/6717 6706/6706/6706
f 6706/6706/6706 6717/6717/6717 6707/6707/6707
f 6717/6717/6717 6718/6718/6718 6707/6707/6707
f 6707/6707/6707 6718/6718/6718 6708/6708/6708
f 6718/6718/6718 6719/6719/6719 6708/6708/6708
f 6708/6708/6708 6719/6719/6719 6709/6709/6709
f 6719/6719/6719 6720/6720/6720 6709/6709/6709
f 6709/6709/6709 6720/6720/6720 6710/6710/6710
f 6720/6720/6720 6721/6721/6721 6710/6710/6710
f 6710/6710/6710 6721/6721/6721 6711/6711/6711
f 6721/6721/6721 6722/6722/6722 6711/6711/6711
f 6733/6733/6733 6734/6734/6734 6723/6723/6723
f 6734/6734/6734 6735/6735/6735 6724/6724/6724
f 6735/6735/6735 6736/6736/6736 6725/6725/6725
f 6736/6736/6736 6737/6737/6737 6726/6726/6726
f 6737/6737/6737 6738/6738/6738 6727/6727/6727
f 6738/6738/6738 6739/6739/6739 6728/6728/6728
f 6739/6739/6739 6740/6740/6740 6729/6729/6729
f 6740/6740/6740 6741/6741/6741 6730/6730/6730
f 6741/6741/6741 6742/6742/6742 6731/6731/6731
f 6742/6742/6742 6743/6743/6743 6732/6732/6732
f 6755/6755/6755 6754/6754/6754 6744/6744/6744
f 6756/6756/6756 6755/6755/6755 6745/6745/6745
f 6757/6757/6757 6756/6756/6756 6746/6746/6746
f 6758/6758/6758 6757/6757/6757 6747/6747/6747
f 6759/6759/6759 6758/6758/6758 6748/6748/6748
f 6760/6760/6760 6759/6759/6759 6749/6749/6749
f 6761/6761/6761 6760/6760/6760 6750/6750/6750
f 6762/6762/6762 6761/6761/6761 6751/6751/6751
f 6763/6763/6763 6762/6762/6762 6752/6752/6752
f 6764/6764/6764 6763/6763/6763 6753/6753/6753
o stool_leg_3
usemtl snack_yellow
v -2.38 0.4799999934434891 2.351999999880791
v -2.3670687248185276 0.4799999934434891 2.347798373475671
v -2.3590767561644315 0.4799999934434891 2.336798374000937
v -2.3590767561644315 0.4799999934434891 2.3232016259990633
v -2.3670687248185276 0.4799999934434891 2.3122016265243293
v -2.38 0.4799999934434891 2.3080000001192094
v -2.392931275181472 0.4799999934434891 2.3122016265243293
v -2.4009232438355683 0.4799999934434891 2.3232016259990633
v -2.4009232438355683 0.4799999934434891 2.336798374000937
v -2.392931275181472 0.4799999934434891 2.347798373475671
v -2.38 0.4799999934434891 2.351999999880791
v -2.38 0.06000000655651094 2.351999999880791
v -2.3670687248185276 0.06000000655651094 2.347798373475671
v -2.3590767561644315 0.06000000655651094 2.336798374000937
v -2.3590767561644315 0.06000000655651094 2.3232016259990633
v -2.3670687248185276 0.06000000655651094 2.3122016265243293
v -2.38 0.06000000655651094 2.3080000001192094
v -2.392931275181472 0.06000000655651094 2.3122016265243293
v -2.4009232438355683 0.06000000655651094 2.3232016259990633
v -2.4009232438355683 0.06000000655651094 2.336798374000937
v -2.392931275181472 0.06000000655651094 2.347798373475671
v -2.38 0.06000000655651094 2.351999999880791
v -2.38 0.4799999934434891 2.33
v -2.38 0.4799999934434891 2.33
v -2.38 0.4799999934434891 2.33
v -2.38 0.4799999934434891 2.33
v -2.38 0.4799999934434891 2.33
v -2.38 0.4799999934434891 2.33
v -2.38 0.4799999934434891 2.33
v -2.38 0.4799999934434891 2.33
v -2.38 0.4799999934434891 2.33
v -2.38 0.4799999934434891 2.33
v -2.38 0.4799999934434891 2.351999999880791
v -2.3670687248185276 0.4799999934434891 2.347798373475671
v -2.3590767561644315 0.4799999934434891 2.336798374000937
v -2.3590767561644315 0.4799999934434891 2.3232016259990633
v -2.3670687248185276 0.4799999934434891 2.3122016265243293
v -2.38 0.4799999934434891 2.3080000001192094
v -2.392931275181472 0.4799999934434891 2.3122016265243293
v -2.4009232438355683 0.4799999934434891 2.3232016259990633
v -2.4009232438355683 0.4799999934434891 2.336798374000937
v -2.392931275181472 0.4799999934434891 2.347798373475671
v -2.38 0.4799999934434891 2.351999999880791
v -2.38 0.06000000655651094 2.33
v -2.38 0.06000000655651094 2.33
v -2.38 0.06000000655651094 2.33
v -2.38 0.06000000655651094 2.33
v -2.38 0.06000000655651094 2.33
v -2.38 0.06000000655651094 2.33
v -2.38 0.06000000655651094 2.33
v -2.38 0.06000000655651094 2.33
v -2.38 0.06000000655651094 2.33
v -2.38 0.06000000655651094 2.33
v -2.38 0.06000000655651094 2.351999999880791
v -2.3670687248185276 0.06000000655651094 2.347798373475671
v -2.3590767561644315 0.06000000655651094 2.336798374000937
v -2.3590767561644315 0.06000000655651094 2.3232016259990633
v -2.3670687248185276 0.06000000655651094 2.3122016265243293
v -2.38 0.06000000655651094 2.3080000001192094
v -2.392931275181472 0.06000000655651094 2.3122016265243293
v -2.4009232438355683 0.06000000655651094 2.3232016259990633
v -2.4009232438355683 0.06000000655651094 2.336798374000937
v -2.392931275181472 0.06000000655651094 2.347798373475671
v -2.38 0.06000000655651094 2.351999999880791
vt 0 1
vt 0.10000000149011612 1
vt 0.20000000298023224 1
vt 0.30000001192092896 1
vt 0.4000000059604645 1
vt 0.5 1
vt 0.6000000238418579 1
vt 0.699999988079071 1
vt 0.800000011920929 1
vt 0.8999999761581421 1
vt 1 1
vt 0 0
vt 0.10000000149011612 0
vt 0.20000000298023224 0
vt 0.30000001192092896 0
vt 0.4000000059604645 0
vt 0.5 0
vt 0.6000000238418579 0
vt 0.699999988079071 0
vt 0.800000011920929 0
vt 0.8999999761581421 0
vt 1 0
vt 0.5 0.5
vt 0.5 0.5
vt 0.5 0.5
vt 0.5 0.5
vt 0.5 0.5
vt 0.5 0.5
vt 0.5 0.5
vt 0.5 0.5
vt 0.5 0.5
vt 0.5 0.5
vt 1 0.5
vt 0.9045084714889526 0.7938926219940186
vt 0.6545084714889526 0.9755282402038574
vt 0.345491498708725 0.9755282402038574
vt 0.09549150615930557 0.7938926219940186
vt 0 0.5
vt 0.09549150615930557 0.20610737800598145
vt 0.345491498708725 0.024471741169691086
vt 0.6545084714889526 0.024471741169691086
vt 0.9045084714889526 0.20610737800598145
vt 1 0.5
vt 0.5 0.5
vt 0.5 0.5
vt 0.5 0.5
vt 0.5 0.5
vt 0.5 0.5
vt 0.5 0.5
vt 0.5 0.5
vt 0.5 0.5
vt 0.5 0.5
vt 0.5 0.5
vt 1 0.5
vt 0.9045084714889526 0.20610737800598145
vt 0.6545084714889526 0.024471741169691086
vt 0.345491498708725 0.024471741169691086
vt 0.09549150615930557 0.20610737800598145
vt 0 0.5
vt 0.09549150615930557 0.7938926219940186
vt 0.345491498708725 0.9755282402038574
vt 0.6545084714889526 0.9755282402038574
vt 0.9045084714889526 0.7938926219940186
vt 1 0.5
vn 0 0 1
vn 0.5877852429542022 0 0.8090170011595983
vn 0.9510565161477913 0 0.3090169948284817
vn 0.9510565161477913 0 -0.3090169948284817
vn 0.5877852429542022 0 -0.8090170011595983
vn 1.2246468525851679e-16 0 -1
vn -0.5877852429542022 0 -0.8090170011595983
vn -0.9510565161477913 0 -0.3090169948284817
vn -0.9510565161477913 0 0.3090169948284817
vn -0.5877852429542022 0 0.8090170011595983
vn -2.4492937051703357e-16 0 1
vn 0 0 1
vn 0.5877852429542022 0 0.8090170011595983
vn 0.9510565161477913 0 0.3090169948284817
vn 0.9510565161477913 0 -0.3090169948284817
vn 0.5877852429542022 0 -0.8090170011595983
vn 1.2246468525851679e-16 0 -1
vn -0.5877852429542022 0 -0.8090170011595983
vn -0.9510565161477913 0 -0.3090169948284817
vn -0.9510565161477913 0 0.3090169948284817
vn -0.5877852429542022 0 0.8090170011595983
vn -2.4492937051703357e-16 0 1
vn 0 1 0
vn 0 1 0
vn 0 1 0
vn 0 1 0
vn 0 1 0
vn 0 1 0
vn 0 1 0
vn 0 1 0
vn 0 1 0
vn 0 1 0
vn 0 1 0
vn 0 1 0
vn 0 1 0
vn 0 1 0
vn 0 1 0
vn 0 1 0
vn 0 1 0
vn 0 1 0
vn 0 1 0
vn 0 1 0
vn 0 1 0
vn 0 -1 0
vn 0 -1 0
vn 0 -1 0
vn 0 -1 0
vn 0 -1 0
vn 0 -1 0
vn 0 -1 0
vn 0 -1 0
vn 0 -1 0
vn 0 -1 0
vn 0 -1 0
vn 0 -1 0
vn 0 -1 0
vn 0 -1 0
vn 0 -1 0
vn 0 -1 0
vn 0 -1 0
vn 0 -1 0
vn 0 -1 0
vn 0 -1 0
vn 0 -1 0
f 6765/6765/6765 6776/6776/6776 6766/6766/6766
f 6776/6776/6776 6777/6777/6777 6766/6766/6766
f 6766/6766/6766 6777/6777/6777 6767/6767/6767
f 6777/6777/6777 6778/6778/6778 6767/6767/6767
f 6767/6767/6767 6778/6778/6778 6768/6768/6768
f 6778/6778/6778 6779/6779/6779 6768/6768/6768
f 6768/6768/6768 6779/6779/6779 6769/6769/6769
f 6779/6779/6779 6780/6780/6780 6769/6769/6769
f 6769/6769/6769 6780/6780/6780 6770/6770/6770
f 6780/6780/6780 6781/6781/6781 6770/6770/6770
f 6770/6770/6770 6781/6781/6781 6771/6771/6771
f 6781/6781/6781 6782/6782/6782 6771/6771/6771
f 6771/6771/6771 6782/6782/6782 6772/6772/6772
f 6782/6782/6782 6783/6783/6783 6772/6772/6772
f 6772/6772/6772 6783/6783/6783 6773/6773/6773
f 6783/6783/6783 6784/6784/6784 6773/6773/6773
f 6773/6773/6773 6784/6784/6784 6774/6774/6774
f 6784/6784/6784 6785/6785/6785 6774/6774/6774
f 6774/6774/6774 6785/6785/6785 6775/6775/6775
f 6785/6785/6785 6786/6786/6786 6775/6775/6775
f 6797/6797/6797 6798/6798/6798 6787/6787/6787
f 6798/6798/6798 6799/6799/6799 6788/6788/6788
f 6799/6799/6799 6800/6800/6800 6789/6789/6789
f 6800/6800/6800 6801/6801/6801 6790/6790/6790
f 6801/6801/6801 6802/6802/6802 6791/6791/6791
f 6802/6802/6802 6803/6803/6803 6792/6792/6792
f 6803/6803/6803 6804/6804/6804 6793/6793/6793
f 6804/6804/6804 6805/6805/6805 6794/6794/6794
f 6805/6805/6805 6806/6806/6806 6795/6795/6795
f 6806/6806/6806 6807/6807/6807 6796/6796/6796
f 6819/6819/6819 6818/6818/6818 6808/6808/6808
f 6820/6820/6820 6819/6819/6819 6809/6809/6809
f 6821/6821/6821 6820/6820/6820 6810/6810/6810
f 6822/6822/6822 6821/6821/6821 6811/6811/6811
f 6823/6823/6823 6822/6822/6822 6812/6812/6812
f 6824/6824/6824 6823/6823/6823 6813/6813/6813
f 6825/6825/6825 6824/6824/6824 6814/6814/6814
f 6826/6826/6826 6825/6825/6825 6815/6815/6815
f 6827/6827/6827 6826/6826/6826 6816/6816/6816
f 6828/6828/6828 6827/6827/6827 6817/6817/6817
o stool_leg_4
usemtl snack_yellow
v -2.12 0.4799999934434891 2.351999999880791
v -2.107068724818528 0.4799999934434891 2.347798373475671
v -2.0990767561644317 0.4799999934434891 2.336798374000937
v -2.0990767561644317 0.4799999934434891 2.3232016259990633
v -2.107068724818528 0.4799999934434891 2.3122016265243293
v -2.12 0.4799999934434891 2.3080000001192094
v -2.1329312751814724 0.4799999934434891 2.3122016265243293
v -2.1409232438355685 0.4799999934434891 2.3232016259990633
v -2.1409232438355685 0.4799999934434891 2.336798374000937
v -2.1329312751814724 0.4799999934434891 2.347798373475671
v -2.12 0.4799999934434891 2.351999999880791
v -2.12 0.06000000655651094 2.351999999880791
v -2.107068724818528 0.06000000655651094 2.347798373475671
v -2.0990767561644317 0.06000000655651094 2.336798374000937
v -2.0990767561644317 0.06000000655651094 2.3232016259990633
v -2.107068724818528 0.06000000655651094 2.3122016265243293
v -2.12 0.06000000655651094 2.3080000001192094
v -2.1329312751814724 0.06000000655651094 2.3122016265243293
v -2.1409232438355685 0.06000000655651094 2.3232016259990633
v -2.1409232438355685 0.06000000655651094 2.336798374000937
v -2.1329312751814724 0.06000000655651094 2.347798373475671
v -2.12 0.06000000655651094 2.351999999880791
v -2.12 0.4799999934434891 2.33
v -2.12 0.4799999934434891 2.33
v -2.12 0.4799999934434891 2.33
v -2.12 0.4799999934434891 2.33
v -2.12 0.4799999934434891 2.33
v -2.12 0.4799999934434891 2.33
v -2.12 0.4799999934434891 2.33
v -2.12 0.4799999934434891 2.33
v -2.12 0.4799999934434891 2.33
v -2.12 0.4799999934434891 2.33
v -2.12 0.4799999934434891 2.351999999880791
v -2.107068724818528 0.4799999934434891 2.347798373475671
v -2.0990767561644317 0.4799999934434891 2.336798374000937
v -2.0990767561644317 0.4799999934434891 2.3232016259990633
v -2.107068724818528 0.4799999934434891 2.3122016265243293
v -2.12 0.4799999934434891 2.3080000001192094
v -2.1329312751814724 0.4799999934434891 2.3122016265243293
v -2.1409232438355685 0.4799999934434891 2.3232016259990633
v -2.1409232438355685 0.4799999934434891 2.336798374000937
v -2.1329312751814724 0.4799999934434891 2.347798373475671
v -2.12 0.4799999934434891 2.351999999880791
v -2.12 0.06000000655651094 2.33
v -2.12 0.06000000655651094 2.33
v -2.12 0.06000000655651094 2.33
v -2.12 0.06000000655651094 2.33
v -2.12 0.06000000655651094 2.33
v -2.12 0.06000000655651094 2.33
v -2.12 0.06000000655651094 2.33
v -2.12 0.06000000655651094 2.33
v -2.12 0.06000000655651094 2.33
v -2.12 0.06000000655651094 2.33
v -2.12 0.06000000655651094 2.351999999880791
v -2.107068724818528 0.06000000655651094 2.347798373475671
v -2.0990767561644317 0.06000000655651094 2.336798374000937
v -2.0990767561644317 0.06000000655651094 2.3232016259990633
v -2.107068724818528 0.06000000655651094 2.3122016265243293
v -2.12 0.06000000655651094 2.3080000001192094
v -2.1329312751814724 0.06000000655651094 2.3122016265243293
v -2.1409232438355685 0.06000000655651094 2.3232016259990633
v -2.1409232438355685 0.06000000655651094 2.336798374000937
v -2.1329312751814724 0.06000000655651094 2.347798373475671
v -2.12 0.06000000655651094 2.351999999880791
vt 0 1
vt 0.10000000149011612 1
vt 0.20000000298023224 1
vt 0.30000001192092896 1
vt 0.4000000059604645 1
vt 0.5 1
vt 0.6000000238418579 1
vt 0.699999988079071 1
vt 0.800000011920929 1
vt 0.8999999761581421 1
vt 1 1
vt 0 0
vt 0.10000000149011612 0
vt 0.20000000298023224 0
vt 0.30000001192092896 0
vt 0.4000000059604645 0
vt 0.5 0
vt 0.6000000238418579 0
vt 0.699999988079071 0
vt 0.800000011920929 0
vt 0.8999999761581421 0
vt 1 0
vt 0.5 0.5
vt 0.5 0.5
vt 0.5 0.5
vt 0.5 0.5
vt 0.5 0.5
vt 0.5 0.5
vt 0.5 0.5
vt 0.5 0.5
vt 0.5 0.5
vt 0.5 0.5
vt 1 0.5
vt 0.9045084714889526 0.7938926219940186
vt 0.6545084714889526 0.9755282402038574
vt 0.345491498708725 0.9755282402038574
vt 0.09549150615930557 0.7938926219940186
vt 0 0.5
vt 0.09549150615930557 0.20610737800598145
vt 0.345491498708725 0.024471741169691086
vt 0.6545084714889526 0.024471741169691086
vt 0.9045084714889526 0.20610737800598145
vt 1 0.5
vt 0.5 0.5
vt 0.5 0.5
vt 0.5 0.5
vt 0.5 0.5
vt 0.5 0.5
vt 0.5 0.5
vt 0.5 0.5
vt 0.5 0.5
vt 0.5 0.5
vt 0.5 0.5
vt 1 0.5
vt 0.9045084714889526 0.20610737800598145
vt 0.6545084714889526 0.024471741169691086
vt 0.345491498708725 0.024471741169691086
vt 0.09549150615930557 0.20610737800598145
vt 0 0.5
vt 0.09549150615930557 0.7938926219940186
vt 0.345491498708725 0.9755282402038574
vt 0.6545084714889526 0.9755282402038574
vt 0.9045084714889526 0.7938926219940186
vt 1 0.5
vn 0 0 1
vn 0.5877852429542022 0 0.8090170011595983
vn 0.9510565161477913 0 0.3090169948284817
vn 0.9510565161477913 0 -0.3090169948284817
vn 0.5877852429542022 0 -0.8090170011595983
vn 1.2246468525851679e-16 0 -1
vn -0.5877852429542022 0 -0.8090170011595983
vn -0.9510565161477913 0 -0.3090169948284817
vn -0.9510565161477913 0 0.3090169948284817
vn -0.5877852429542022 0 0.8090170011595983
vn -2.4492937051703357e-16 0 1
vn 0 0 1
vn 0.5877852429542022 0 0.8090170011595983
vn 0.9510565161477913 0 0.3090169948284817
vn 0.9510565161477913 0 -0.3090169948284817
vn 0.5877852429542022 0 -0.8090170011595983
vn 1.2246468525851679e-16 0 -1
vn -0.5877852429542022 0 -0.8090170011595983
vn -0.9510565161477913 0 -0.3090169948284817
vn -0.9510565161477913 0 0.3090169948284817
vn -0.5877852429542022 0 0.8090170011595983
vn -2.4492937051703357e-16 0 1
vn 0 1 0
vn 0 1 0
vn 0 1 0
vn 0 1 0
vn 0 1 0
vn 0 1 0
vn 0 1 0
vn 0 1 0
vn 0 1 0
vn 0 1 0
vn 0 1 0
vn 0 1 0
vn 0 1 0
vn 0 1 0
vn 0 1 0
vn 0 1 0
vn 0 1 0
vn 0 1 0
vn 0 1 0
vn 0 1 0
vn 0 1 0
vn 0 -1 0
vn 0 -1 0
vn 0 -1 0
vn 0 -1 0
vn 0 -1 0
vn 0 -1 0
vn 0 -1 0
vn 0 -1 0
vn 0 -1 0
vn 0 -1 0
vn 0 -1 0
vn 0 -1 0
vn 0 -1 0
vn 0 -1 0
vn 0 -1 0
vn 0 -1 0
vn 0 -1 0
vn 0 -1 0
vn 0 -1 0
vn 0 -1 0
vn 0 -1 0
f 6829/6829/6829 6840/6840/6840 6830/6830/6830
f 6840/6840/6840 6841/6841/6841 6830/6830/6830
f 6830/6830/6830 6841/6841/6841 6831/6831/6831
f 6841/6841/6841 6842/6842/6842 6831/6831/6831
f 6831/6831/6831 6842/6842/6842 6832/6832/6832
f 6842/6842/6842 6843/6843/6843 6832/6832/6832
f 6832/6832/6832 6843/6843/6843 6833/6833/6833
f 6843/6843/6843 6844/6844/6844 6833/6833/6833
f 6833/6833/6833 6844/6844/6844 6834/6834/6834
f 6844/6844/6844 6845/6845/6845 6834/6834/6834
f 6834/6834/6834 6845/6845/6845 6835/6835/6835
f 6845/6845/6845 6846/6846/6846 6835/6835/6835
f 6835/6835/6835 6846/6846/6846 6836/6836/6836
f 6846/6846/6846 6847/6847/6847 6836/6836/6836
f 6836/6836/6836 6847/6847/6847 6837/6837/6837
f 6847/6847/6847 6848/6848/6848 6837/6837/6837
f 6837/6837/6837 6848/6848/6848 6838/6838/6838
f 6848/6848/6848 6849/6849/6849 6838/6838/6838
f 6838/6838/6838 6849/6849/6849 6839/6839/6839
f 6849/6849/6849 6850/6850/6850 6839/6839/6839
f 6861/6861/6861 6862/6862/6862 6851/6851/6851
f 6862/6862/6862 6863/6863/6863 6852/6852/6852
f 6863/6863/6863 6864/6864/6864 6853/6853/6853
f 6864/6864/6864 6865/6865/6865 6854/6854/6854
f 6865/6865/6865 6866/6866/6866 6855/6855/6855
f 6866/6866/6866 6867/6867/6867 6856/6856/6856
f 6867/6867/6867 6868/6868/6868 6857/6857/6857
f 6868/6868/6868 6869/6869/6869 6858/6858/6858
f 6869/6869/6869 6870/6870/6870 6859/6859/6859
f 6870/6870/6870 6871/6871/6871 6860/6860/6860
f 6883/6883/6883 6882/6882/6882 6872/6872/6872
f 6884/6884/6884 6883/6883/6883 6873/6873/6873
f 6885/6885/6885 6884/6884/6884 6874/6874/6874
f 6886/6886/6886 6885/6885/6885 6875/6875/6875
f 6887/6887/6887 6886/6886/6886 6876/6876/6876
f 6888/6888/6888 6887/6887/6887 6877/6877/6877
f 6889/6889/6889 6888/6888/6888 6878/6878/6878
f 6890/6890/6890 6889/6889/6889 6879/6879/6879
f 6891/6891/6891 6890/6890/6890 6880/6880/6880
f 6892/6892/6892 6891/6891/6891 6881/6881/6881
o curb_post
usemtl metal
v 2.55 1 2.450000000745058
v 2.575000000372529 1 2.4433012694120406
v 2.5933012694120405 1 2.425000000372529
v 2.600000000745058 1 2.4
v 2.5933012694120405 1 2.374999999627471
v 2.575000000372529 1 2.356698730587959
v 2.55 1 2.349999999254942
v 2.524999999627471 1 2.356698730587959
v 2.506698730587959 1 2.374999999627471
v 2.4999999992549418 1 2.4
v 2.506698730587959 1 2.425000000372529
v 2.524999999627471 1 2.4433012694120406
v 2.55 1 2.450000000745058
v 2.55 0 2.450000000745058
v 2.575000000372529 0 2.4433012694120406
v 2.5933012694120405 0 2.425000000372529
v 2.600000000745058 0 2.4
v 2.5933012694120405 0 2.374999999627471
v 2.575000000372529 0 2.356698730587959
v 2.55 0 2.349999999254942
v 2.524999999627471 0 2.356698730587959
v 2.506698730587959 0 2.374999999627471
v 2.4999999992549418 0 2.4
v 2.506698730587959 0 2.425000000372529
v 2.524999999627471 0 2.4433012694120406
v 2.55 0 2.450000000745058
v 2.55 1 2.4
v 2.55 1 2.4
v 2.55 1 2.4
v 2.55 1 2.4
v 2.55 1 2.4
v 2.55 1 2.4
v 2.55 1 2.4
v 2.55 1 2.4
v 2.55 1 2.4
v 2.55 1 2.4
v 2.55 1 2.4
v 2.55 1 2.4
v 2.55 1 2.450000000745058
v 2.575000000372529 1 2.4433012694120406
v 2.5933012694120405 1 2.425000000372529
v 2.600000000745058 1 2.4
v 2.5933012694120405 1 2.374999999627471
v 2.575000000372529 1 2.356698730587959
v 2.55 1 2.349999999254942
v 2.524999999627471 1 2.356698730587959
v 2.506698730587959 1 2.374999999627471
v 2.4999999992549418 1 2.4
v 2.506698730587959 1 2.425000000372529
v 2.524999999627471 1 2.4433012694120406
v 2.55 1 2.450000000745058
v 2.55 0 2.4
v 2.55 0 2.4
v 2.55 0 2.4
v 2.55 0 2.4
v 2.55 0 2.4
v 2.55 0 2.4
v 2.55 0 2.4
v 2.55 0 2.4
v 2.55 0 2.4
v 2.55 0 2.4
v 2.55 0 2.4
v 2.55 0 2.4
v 2.55 0 2.450000000745058
v 2.575000000372529 0 2.4433012694120406
v 2.5933012694120405 0 2.425000000372529
v 2.600000000745058 0 2.4
v 2.5933012694120405 0 2.374999999627471
v 2.575000000372529 0 2.356698730587959
v 2.55 0 2.349999999254942
v 2.524999999627471 0 2.356698730587959
v 2.506698730587959 0 2.374999999627471
v 2.4999999992549418 0 2.4
v 2.506698730587959 0 2.425000000372529
v 2.524999999627471 0 2.4433012694120406
v 2.55 0 2.450000000745058
vt 0 1
vt 0.0833333358168602 1
vt 0.1666666716337204 1
vt 0.25 1
vt 0.3333333432674408 1
vt 0.4166666567325592 1
vt 0.5 1
vt 0.5833333134651184 1
vt 0.6666666865348816 1
vt 0.75 1
vt 0.8333333134651184 1
vt 0.9166666865348816 1
vt 1 1
vt 0 0
vt 0.0833333358168602 0
vt 0.1666666716337204 0
vt 0.25 0
vt 0.3333333432674408 0
vt 0.4166666567325592 0
vt 0.5 0
vt 0.5833333134651184 0
vt 0.6666666865348816 0
vt 0.75 0
vt 0.8333333134651184 0
vt 0.9166666865348816 0
vt 1 0
vt 0.5 0.5
vt 0.5 0.5
vt 0.5 0.5
vt 0.5 0.5
vt 0.5 0.5
vt 0.5 0.5
vt 0.5 0.5
vt 0.5 0.5
vt 0.5 0.5
vt 0.5 0.5
vt 0.5 0.5
vt 0.5 0.5
vt 1 0.5
vt 0.9330127239227295 0.75
vt 0.75 0.9330127239227295
vt 0.5 1
vt 0.25 0.9330127239227295
vt 0.0669872984290123 0.75
vt 0 0.5
vt 0.0669872984290123 0.25
vt 0.25 0.0669872984290123
vt 0.5 0
vt 0.75 0.0669872984290123
vt 0.9330127239227295 0.25
vt 1 0.5
vt 0.5 0.5
vt 0.5 0.5
vt 0.5 0.5
vt 0.5 0.5
vt 0.5 0.5
vt 0.5 0.5
vt 0.5 0.5
vt 0.5 0.5
vt 0.5 0.5
vt 0.5 0.5
vt 0.5 0.5
vt 0.5 0.5
vt 1 0.5
vt 0.9330127239227295 0.25
vt 0.75 0.0669872984290123
vt 0.5 0
vt 0.25 0.0669872984290123
vt 0.0669872984290123 0.25
vt 0 0.5
vt 0.0669872984290123 0.75
vt 0.25 0.9330127239227295
vt 0.5 1
vt 0.75 0.9330127239227295
vt 0.9330127239227295 0.75
vt 1 0.5
vn 0 0 1
vn 0.5000000067305869 0 0.8660253998985324
vn 0.8660253998985324 0 0.5000000067305869
vn 1 0 6.123234262925839e-17
vn 0.8660253998985324 0 -0.5000000067305869
vn 0.5000000067305869 0 -0.8660253998985324
vn 1.2246468525851679e-16 0 -1
vn -0.5000000067305869 0 -0.8660253998985324
vn -0.8660253998985324 0 -0.5000000067305869
vn -1 0 -1.8369701465288538e-16
vn -0.8660253998985324 0 0.5000000067305869
vn -0.5000000067305869 0 0.8660253998985324
vn -2.4492937051703357e-16 0 1
vn 0 0 1
vn 0.5000000067305869 0 0.8660253998985324
vn 0.8660253998985324 0 0.5000000067305869
vn 1 0 6.123234262925839e-17
vn 0.8660253998985324 0 -0.5000000067305869
vn 0.5000000067305869 0 -0.8660253998985324
vn 1.2246468525851679e-16 0 -1
vn -0.5000000067305869 0 -0.8660253998985324
vn -0.8660253998985324 0 -0.5000000067305869
vn -1 0 -1.8369701465288538e-16
vn -0.8660253998985324 0 0.5000000067305869
vn -0.5000000067305869 0 0.8660253998985324
vn -2.4492937051703357e-16 0 1
vn 0 1 0
vn 0 1 0
vn 0 1 0
vn 0 1 0
vn 0 1 0
vn 0 1 0
vn 0 1 0
vn 0 1 0
vn 0 1 0
vn 0 1 0
vn 0 1 0
vn 0 1 0
vn 0 1 0
vn 0 1 0
vn 0 1 0
vn 0 1 0
vn 0 1 0
vn 0 1 0
vn 0 1 0
vn 0 1 0
vn 0 1 0
vn 0 1 0
vn 0 1 0
vn 0 1 0
vn 0 1 0
vn 0 -1 0
vn 0 -1 0
vn 0 -1 0
vn 0 -1 0
vn 0 -1 0
vn 0 -1 0
vn 0 -1 0
vn 0 -1 0
vn 0 -1 0
vn 0 -1 0
vn 0 -1 0
vn 0 -1 0
vn 0 -1 0
vn 0 -1 0
vn 0 -1 0
vn 0 -1 0
vn 0 -1 0
vn 0 -1 0
vn 0 -1 0
vn 0 -1 0
vn 0 -1 0
vn 0 -1 0
vn 0 -1 0
vn 0 -1 0
vn 0 -1 0
f 6893/6893/6893 6906/6906/6906 6894/6894/6894
f 6906/6906/6906 6907/6907/6907 6894/6894/6894
f 6894/6894/6894 6907/6907/6907 6895/6895/6895
f 6907/6907/6907 6908/6908/6908 6895/6895/6895
f 6895/6895/6895 6908/6908/6908 6896/6896/6896
f 6908/6908/6908 6909/6909/6909 6896/6896/6896
f 6896/6896/6896 6909/6909/6909 6897/6897/6897
f 6909/6909/6909 6910/6910/6910 6897/6897/6897
f 6897/6897/6897 6910/6910/6910 6898/6898/6898
f 6910/6910/6910 6911/6911/6911 6898/6898/6898
f 6898/6898/6898 6911/6911/6911 6899/6899/6899
f 6911/6911/6911 6912/6912/6912 6899/6899/6899
f 6899/6899/6899 6912/6912/6912 6900/6900/6900
f 6912/6912/6912 6913/6913/6913 6900/6900/6900
f 6900/6900/6900 6913/6913/6913 6901/6901/6901
f 6913/6913/6913 6914/6914/6914 6901/6901/6901
f 6901/6901/6901 6914/6914/6914 6902/6902/6902
f 6914/6914/6914 6915/6915/6915 6902/6902/6902
f 6902/6902/6902 6915/6915/6915 6903/6903/6903
f 6915/6915/6915 6916/6916/6916 6903/6903/6903
f 6903/6903/6903 6916/6916/6916 6904/6904/6904
f 6916/6916/6916 6917/6917/6917 6904/6904/6904
f 6904/6904/6904 6917/6917/6917 6905/6905/6905
f 6917/6917/6917 6918/6918/6918 6905/6905/6905
f 6931/6931/6931 6932/6932/6932 6919/6919/6919
f 6932/6932/6932 6933/6933/6933 6920/6920/6920
f 6933/6933/6933 6934/6934/6934 6921/6921/6921
f 6934/6934/6934 6935/6935/6935 6922/6922/6922
f 6935/6935/6935 6936/6936/6936 6923/6923/6923
f 6936/6936/6936 6937/6937/6937 6924/6924/6924
f 6937/6937/6937 6938/6938/6938 6925/6925/6925
f 6938/6938/6938 6939/6939/6939 6926/6926/6926
f 6939/6939/6939 6940/6940/6940 6927/6927/6927
f 6940/6940/6940 6941/6941/6941 6928/6928/6928
f 6941/6941/6941 6942/6942/6942 6929/6929/6929
f 6942/6942/6942 6943/6943/6943 6930/6930/6930
f 6957/6957/6957 6956/6956/6956 6944/6944/6944
f 6958/6958/6958 6957/6957/6957 6945/6945/6945
f 6959/6959/6959 6958/6958/6958 6946/6946/6946
f 6960/6960/6960 6959/6959/6959 6947/6947/6947
f 6961/6961/6961 6960/6960/6960 6948/6948/6948
f 6962/6962/6962 6961/6961/6961 6949/6949/6949
f 6963/6963/6963 6962/6962/6962 6950/6950/6950
f 6964/6964/6964 6963/6963/6963 6951/6951/6951
f 6965/6965/6965 6964/6964/6964 6952/6952/6952
f 6966/6966/6966 6965/6965/6965 6953/6953/6953
f 6967/6967/6967 6966/6966/6966 6954/6954/6954
f 6968/6968/6968 6967/6967/6967 6955/6955/6955
o meter_box
usemtl metal
v 1.750000001490116 1.8299999952316284 1.290000000745058
v 1.750000001490116 1.8299999952316284 1.189999999254942
v 1.750000001490116 1.5700000047683715 1.290000000745058
v 1.750000001490116 1.5700000047683715 1.189999999254942
v 1.5499999985098838 1.8299999952316284 1.189999999254942
v 1.5499999985098838 1.8299999952316284 1.290000000745058
v 1.5499999985098838 1.5700000047683715 1.189999999254942
v 1.5499999985098838 1.5700000047683715 1.290000000745058
v 1.5499999985098838 1.8299999952316284 1.189999999254942
v 1.750000001490116 1.8299999952316284 1.189999999254942
v 1.5499999985098838 1.8299999952316284 1.290000000745058
v 1.750000001490116 1.8299999952316284 1.290000000745058
v 1.5499999985098838 1.5700000047683715 1.290000000745058
v 1.750000001490116 1.5700000047683715 1.290000000745058
v 1.5499999985098838 1.5700000047683715 1.189999999254942
v 1.750000001490116 1.5700000047683715 1.189999999254942
v 1.5499999985098838 1.8299999952316284 1.290000000745058
v 1.750000001490116 1.8299999952316284 1.290000000745058
v 1.5499999985098838 1.5700000047683715 1.290000000745058
v 1.750000001490116 1.5700000047683715 1.290000000745058
v 1.750000001490116 1.8299999952316284 1.189999999254942
v 1.5499999985098838 1.8299999952316284 1.189999999254942
v 1.750000001490116 1.5700000047683715 1.189999999254942
v 1.5499999985098838 1.5700000047683715 1.189999999254942
vt 0 1
vt 1 1
vt 0 0
vt 1 0
vt 0 1
vt 1 1
vt 0 0
vt 1 0
vt 0 1
vt 1 1
vt 0 0
vt 1 0
vt 0 1
vt 1 1
vt 0 0
vt 1 0
vt 0 1
vt 1 1
vt 0 0
vt 1 0
vt 0 1
vt 1 1
vt 0 0
vt 1 0
vn 1 0 0
vn 1 0 0
vn 1 0 0
vn 1 0 0
vn -1 0 0
vn -1 0 0
vn -1 0 0
vn -1 0 0
vn 0 1 0
vn 0 1 0
vn 0 1 0
vn 0 1 0
vn 0 -1 0
vn 0 -1 0
vn 0 -1 0
vn 0 -1 0
vn 0 0 1
vn 0 0 1
vn 0 0 1
vn 0 0 1
vn 0 0 -1
vn 0 0 -1
vn 0 0 -1
vn 0 0 -1
f 6969/6969/6969 6971/6971/6971 6970/6970/6970
f 6971/6971/6971 6972/6972/6972 6970/6970/6970
f 6973/6973/6973 6975/6975/6975 6974/6974/6974
f 6975/6975/6975 6976/6976/6976 6974/6974/6974
f 6977/6977/6977 6979/6979/6979 6978/6978/6978
f 6979/6979/6979 6980/6980/6980 6978/6978/6978
f 6981/6981/6981 6983/6983/6983 6982/6982/6982
f 6983/6983/6983 6984/6984/6984 6982/6982/6982
f 6985/6985/6985 6987/6987/6987 6986/6986/6986
f 6987/6987/6987 6988/6988/6988 6986/6986/6986
f 6989/6989/6989 6991/6991/6991 6990/6990/6990
f 6991/6991/6991 6992/6992/6992 6990/6990/6990
o conduit
usemtl metal
v 1.65 2.699999988079071 1.2579999992251396
v 1.6627279218286275 2.699999988079071 1.2527279218286276
v 1.6679999992251395 2.699999988079071 1.24
v 1.6627279218286275 2.699999988079071 1.2272720781713724
v 1.65 2.699999988079071 1.2220000007748604
v 1.6372720781713723 2.699999988079071 1.2272720781713724
v 1.6320000007748603 2.699999988079071 1.24
v 1.6372720781713723 2.699999988079071 1.2527279218286276
v 1.65 2.699999988079071 1.2579999992251396
v 1.65 1.800000011920929 1.2579999992251396
v 1.6627279218286275 1.800000011920929 1.2527279218286276
v 1.6679999992251395 1.800000011920929 1.24
v 1.6627279218286275 1.800000011920929 1.2272720781713724
v 1.65 1.800000011920929 1.2220000007748604
v 1.6372720781713723 1.800000011920929 1.2272720781713724
v 1.6320000007748603 1.800000011920929 1.24
v 1.6372720781713723 1.800000011920929 1.2527279218286276
v 1.65 1.800000011920929 1.2579999992251396
v 1.65 2.699999988079071 1.24
v 1.65 2.699999988079071 1.24
v 1.65 2.699999988079071 1.24
v 1.65 2.699999988079071 1.24
v 1.65 2.699999988079071 1.24
v 1.65 2.699999988079071 1.24
v 1.65 2.699999988079071 1.24
v 1.65 2.699999988079071 1.24
v 1.65 2.699999988079071 1.2579999992251396
v 1.6627279218286275 2.699999988079071 1.2527279218286276
v 1.6679999992251395 2.699999988079071 1.24
v 1.6627279218286275 2.699999988079071 1.2272720781713724
v 1.65 2.699999988079071 1.2220000007748604
v 1.6372720781713723 2.699999988079071 1.2272720781713724
v 1.6320000007748603 2.699999988079071 1.24
v 1.6372720781713723 2.699999988079071 1.2527279218286276
v 1.65 2.699999988079071 1.2579999992251396
v 1.65 1.800000011920929 1.24
v 1.65 1.800000011920929 1.24
v 1.65 1.800000011920929 1.24
v 1.65 1.800000011920929 1.24
v 1.65 1.800000011920929 1.24
v 1.65 1.800000011920929 1.24
v 1.65 1.800000011920929 1.24
v 1.65 1.800000011920929 1.24
v 1.65 1.800000011920929 1.2579999992251396
v 1.6627279218286275 1.800000011920929 1.2527279218286276
v 1.6679999992251395 1.800000011920929 1.24
v 1.6627279218286275 1.800000011920929 1.2272720781713724
v 1.65 1.800000011920929 1.2220000007748604
v 1.6372720781713723 1.800000011920929 1.2272720781713724
v 1.6320000007748603 1.800000011920929 1.24
v 1.6372720781713723 1.800000011920929 1.2527279218286276
v 1.65 1.800000011920929 1.2579999992251396
vt 0 1
vt 0.125 1
vt 0.25 1
vt 0.375 1
vt 0.5 1
vt 0.625 1
vt 0.75 1
vt 0.875 1
vt 1 1
vt 0 0
vt 0.125 0
vt 0.25 0
vt 0.375 0
vt 0.5 0
vt 0.625 0
vt 0.75 0
vt 0.875 0
vt 1 0
vt 0.5 0.5
vt 0.5 0.5
vt 0.5 0.5
vt 0.5 0.5
vt 0.5 0.5
vt 0.5 0.5
vt 0.5 0.5
vt 0.5 0.5
vt 1 0.5
vt 0.8535534143447876 0.8535534143447876
vt 0.5 1
vt 0.1464466154575348 0.8535534143447876
vt 0 0.5
vt 0.1464466154575348 0.1464466154575348
vt 0.5 0
vt 0.8535534143447876 0.1464466154575348
vt 1 0.5
vt 0.5 0.5
vt 0.5 0.5
vt 0.5 0.5
vt 0.5 0.5
vt 0.5 0.5
vt 0.5 0.5
vt 0.5 0.5
vt 0.5 0.5
vt 1 0.5
vt 0.8535534143447876 0.1464466154575348
vt 0.5 0
vt 0.1464466154575348 0.1464466154575348
vt 0 0.5
vt 0.1464466154575348 0.8535534143447876
vt 0.5 1
vt 0.8535534143447876 0.8535534143447876
vt 1 0.5
vn 0 0 1
vn 0.7071067811865476 0 0.7071067811865476
vn 1 0 6.123234262925839e-17
vn 0.7071067811865476 0 -0.7071067811865476
vn 1.2246468525851679e-16 0 -1
vn -0.7071067811865476 0 -0.7071067811865476
vn -1 0 -1.8369701465288538e-16
vn -0.7071067811865476 0 0.7071067811865476
vn -2.4492937051703357e-16 0 1
vn 0 0 1
vn 0.7071067811865476 0 0.7071067811865476
vn 1 0 6.123234262925839e-17
vn 0.7071067811865476 0 -0.7071067811865476
vn 1.2246468525851679e-16 0 -1
vn -0.7071067811865476 0 -0.7071067811865476
vn -1 0 -1.8369701465288538e-16
vn -0.7071067811865476 0 0.7071067811865476
vn -2.4492937051703357e-16 0 1
vn 0 1 0
vn 0 1 0
vn 0 1 0
vn 0 1 0
vn 0 1 0
vn 0 1 0
vn 0 1 0
vn 0 1 0
vn 0 1 0
vn 0 1 0
vn 0 1 0
vn 0 1 0
vn 0 1 0
vn 0 1 0
vn 0 1 0
vn 0 1 0
vn 0 1 0
vn 0 -1 0
vn 0 -1 0
vn 0 -1 0
vn 0 -1 0
vn 0 -1 0
vn 0 -1 0
vn 0 -1 0
vn 0 -1 0
vn 0 -1 0
vn 0 -1 0
vn 0 -1 0
vn 0 -1 0
vn 0 -1 0
vn 0 -1 0
vn 0 -1 0
vn 0 -1 0
vn 0 -1 0
f 6993/6993/6993 7002/7002/7002 6994/6994/6994
f 7002/7002/7002 7003/7003/7003 6994/6994/6994
f 6994/6994/6994 7003/7003/7003 6995/6995/6995
f 7003/7003/7003 7004/7004/7004 6995/6995/6995
f 6995/6995/6995 7004/7004/7004 6996/6996/6996
f 7004/7004/7004 7005/7005/7005 6996/6996/6996
f 6996/6996/6996 7005/7005/7005 6997/6997/6997
f 7005/7005/7005 7006/7006/7006 6997/6997/6997
f 6997/6997/6997 7006/7006/7006 6998/6998/6998
f 7006/7006/7006 7007/7007/7007 6998/6998/6998
f 6998/6998/6998 7007/7007/7007 6999/6999/6999
f 7007/7007/7007 7008/7008/7008 6999/6999/6999
f 6999/6999/6999 7008/7008/7008 7000/7000/7000
f 7008/7008/7008 7009/7009/7009 7000/7000/7000
f 7000/7000/7000 7009/7009/7009 7001/7001/7001
f 7009/7009/7009 7010/7010/7010 7001/7001/7001
f 7019/7019/7019 7020/7020/7020 7011/7011/7011
f 7020/7020/7020 7021/7021/7021 7012/7012/7012
f 7021/7021/7021 7022/7022/7022 7013/7013/7013
f 7022/7022/7022 7023/7023/7023 7014/7014/7014
f 7023/7023/7023 7024/7024/7024 7015/7015/7015
f 7024/7024/7024 7025/7025/7025 7016/7016/7016
f 7025/7025/7025 7026/7026/7026 7017/7017/7017
f 7026/7026/7026 7027/7027/7027 7018/7018/7018
f 7037/7037/7037 7036/7036/7036 7028/7028/7028
f 7038/7038/7038 7037/7037/7037 7029/7029/7029
f 7039/7039/7039 7038/7038/7038 7030/7030/7030
f 7040/7040/7040 7039/7039/7039 7031/7031/7031
f 7041/7041/7041 7040/7040/7040 7032/7032/7032
f 7042/7042/7042 7041/7041/7041 7033/7033/7033
f 7043/7043/7043 7042/7042/7042 7034/7034/7034
f 7044/7044/7044 7043/7043/7043 7035/7035/7035
